[
  {
    "id": 1,
    "question": "მოცემული დამატებითი ინფორმაციის ნიშნები (დაფები) მიუთითებენ:",
    "answers": [
      "გზაჯვარედინის წინ დადგმული ნიშნის მოქმედების მიმართულებას",
      "მანძილს ნიშნიდან სახიფათო მონაკვეთის დასაწყისამდე",
      "მანძილს გზის მიღმა (მოშორებით) მდებარე ობიექტამდე"
    ],
    "correctAnswer": 2,
    "imageUrl": "assets/images/image.png",
    "correctVideo": "assets/videos/correct_1.mp4",
    "wrongVideo": "assets/videos/wrong_1.mp4",
    "previewVideo": "assets/videos/preview_1.mp4"
  },
  {
    "id": 2,
    "question": "მოცემული დამატებითი ინფორმაციის ნიშანი (დაფა) მიუთითებს:",
    "answers": [
      "მანძილს ნიშნიდან სახიფათო მონაკვეთის დასაწყისამდე",
      "გამაფრთხილებელი ნიშნებით აღნიშნული გზის სახიფათო მონაკვეთის სიგრძეს, ან ამკრძალავი და საინფორმაციო–მაჩვენებელი ნიშნების მოქმედების ზონას",
      "გზაჯვარედინის წინ დადგმული ნიშნის მოქმედების მიმართულებას"
    ],
    "correctAnswer": 1,
    "imageUrl": "assets/images/image.png",
    "correctVideo": "assets/videos/correct_2.mp4",
    "wrongVideo": "assets/videos/wrong_2.mp4",
    "previewVideo": "assets/videos/preview_2.mp4"
  },
  {
    "id": 3,
    "question": "მოცემული საგზაო ნიშნების კომბინაციიდან, რომლის მოქმედება ვრცელდება მხოლოდ მსუბუქ ავტომობილზე?",
    "answers": [
      "მხოლოდ IV",
      "მხოლოდ I და III",
      "მხოლოდ II და IV",
      "მხოლოდ I"
    ],
    "correctAnswer": 0,
    "imageUrl": "assets/images/image.png",
    "correctVideo": "assets/videos/correct_3.mp4",
    "wrongVideo": "assets/videos/wrong_3.mp4",
    "previewVideo": "assets/videos/preview_3.mp4"
  },
  {
    "id": 4,
    "question": "მოცემული საგზაო ნიშნების კომბინაცია მძღოლს მიუთითებს, რომ გასწრება აკრძალულია:",
    "answers": [
      "დღე-ღამის ბნელ დროს",
      "ღრუბლიან ამინდში",
      "როცა გზის სავალი ნაწილის საფარი სველია"
    ],
    "correctAnswer": 2,
    "imageUrl": "assets/images/image.png",
    "correctVideo": "assets/videos/correct_4.mp4",
    "wrongVideo": "assets/videos/wrong_4.mp4",
    "previewVideo": "assets/videos/preview_4.mp4"
  },
  {
    "id": 5,
    "question": "მოცემული საგზაო ნიშნები მძღოლს აწვდის ინფორმაციას, რომ ნიშნის დადგმის ადგილიდან წინ:",
    "answers": [
      "400 მეტრის მანძილზე უსწორმასწორო გზაა, სადაც რეკომენდებულია მოძრაობა 30 კმ/სთ-ში სიჩქარით",
      "400 მეტრის შემდეგ იწყება უსწორმასწორო გზა, სადაც რეკომენდებულია მოძრაობა 30 კმ/სთ-ში სიჩქარით",
      "150-300 მეტრის შემდეგ იწყება 400 მეტრის სიგრძის უსწორმასწორო გზა, სადაც რეკომენდებულია მოძრაობა 30 კმ/სთ-ში სიჩქარით"
    ],
    "correctAnswer": 2,
    "imageUrl": "assets/images/image.png",
    "correctVideo": "assets/videos/correct_5.mp4",
    "wrongVideo": "assets/videos/wrong_5.mp4",
    "previewVideo": "assets/videos/preview_5.mp4"
  },
  {
    "id": 6,
    "question": "მოცემულ სიტუაციაში, ეკრძალება თუ არა თეთრი ავტომობილის მძღოლს ისრის მიმართულებით მოძრაობა?",
    "answers": [
      "ეკრძალება",
      "არ ეკრძალება"
    ],
    "correctAnswer": 0,
    "imageUrl": "assets/images/image.png",
    "correctVideo": "assets/videos/correct_6.mp4",
    "wrongVideo": "assets/videos/wrong_6.mp4",
    "previewVideo": "assets/videos/preview_6.mp4"
  },
  {
    "id": 7,
    "question": "მოცემულ სიტუაციაში, ეკრძალება თუ არა ყვითელი ავტომობილის მძღოლს ისრის მიმართულებით მოძრაობა?",
    "answers": [
      "ეკრძალება",
      "არ ეკრძალება"
    ],
    "correctAnswer": 1,
    "imageUrl": "assets/images/image.png",
    "correctVideo": "assets/videos/correct_7.mp4",
    "wrongVideo": "assets/videos/wrong_7.mp4",
    "previewVideo": "assets/videos/preview_7.mp4"
  },
  {
    "id": 8,
    "question": "მოცემული საგზაო ნიშანი მძღოლს მიუთითებს, რომ ნიშნების დადგმის ადგილიდან წინ:",
    "answers": [
      "300 მეტრის მანძილზე მოძრაობა აკრძალულია 50 კმ/სთ მეტი სიჩქარით",
      "300 მეტრის შემდეგ მოძრაობა აკრძალულია 50 კმ/სთ მეტი სიჩქარით"
    ],
    "correctAnswer": 0,
    "imageUrl": "assets/images/image.png",
    "correctVideo": "assets/videos/correct_8.mp4",
    "wrongVideo": "assets/videos/wrong_8.mp4",
    "previewVideo": "assets/videos/preview_8.mp4"
  },
  {
    "id": 9,
    "question": "მოცემული საგზაო ნიშნების კომბინაცია მძღოლს მიუთითებს, რომ ნიშნების დადგმის ადგილიდან წინ:",
    "answers": [
      "300 მეტრის მანძილზე მოძრაობა ნებადართულია, არაუმეტეს 50 კმ/სთ სიჩქარით",
      "300 მეტრის შემდეგ მოძრაობა ნებადართულია, არაუმეტეს 50 კმ/სთ სიჩქარით"
    ],
    "correctAnswer": 1,
    "imageUrl": "assets/images/image.png",
    "correctVideo": "assets/videos/correct_9.mp4",
    "wrongVideo": "assets/videos/wrong_9.mp4",
    "previewVideo": "assets/videos/preview_9.mp4"
  }
]