[
  {
    "id": 10,
    "correctAnswer": 0,
    "imageUrl": "assets/images/image.png",
    "correctVideo": "assets/videos/correct_10.mp4",
    "wrongVideo": "assets/videos/wrong_10.mp4",
    "previewVideo": "assets/videos/preview_10.mp4",
    "question": "რომელი ავტომობილის მძღოლს წარმოექმნება გზის დათმობის ვალდებულება ისრის მიმართულებით მოძრაობის შემთხვევაში, თუ მსუბუქი ავტომობილი გამოდის ავტოგასამართი სადგურის ტერიტორიიდან?",
    "answers": [
      "1\nმსუბუქი ავტომობილის მძღოლს",
      "2\nმოპედის მძღოლს"
    ]
  },
  {
    "id": 11,
    "correctAnswer": 0,
    "imageUrl": "assets/images/image.png",
    "correctVideo": "assets/videos/correct_11.mp4",
    "wrongVideo": "assets/videos/wrong_11.mp4",
    "previewVideo": "assets/videos/preview_11.mp4",
    "question": "აქვს თუ არა უფლება ქვეითს გადაადგილდეს ველობილიკზე ქვეითთა ბილიკის, ტროტუარისა და გზისპირის არარსებობის ან მათი გამოყენების შეუძლებლობის შემთხვევაში, თუ მოძრაობის ინტენსივობა ამის საშუალებას იძლევა?",
    "answers": [
      "1\nაქვს უფლება",
      "2\nარ აქვს უფლება"
    ]
  },
  {
    "id": 12,
    "correctAnswer": 1,
    "imageUrl": "assets/images/image.png",
    "correctVideo": "assets/videos/correct_12.mp4",
    "wrongVideo": "assets/videos/wrong_12.mp4",
    "previewVideo": "assets/videos/preview_12.mp4",
    "question": "ველოსიპედისა და მოპედის კოლონების გზის სავალ ნაწილზე მოძრაობის შემთხვევაში ერთ ჯგუფში უნდა იყოს არა უმეტეს:",
    "answers": [
      "1\n5 ერთეულისა",
      "2\n10 ერთეულისა",
      "3\n15 ერთეულისა"
    ]
  },
  {
    "id": 13,
    "correctAnswer": 2,
    "imageUrl": "assets/images/image.png",
    "correctVideo": "assets/videos/correct_13.mp4",
    "wrongVideo": "assets/videos/wrong_13.mp4",
    "previewVideo": "assets/videos/preview_13.mp4",
    "question": "ქვემოთ ჩამოთვლილი, რომელ გზაზეა აკრძალული ველოსიპედისა და მოპედის მარცხნივ მოხვევა ან მობრუნება?",
    "answers": [
      "1\nმხოლოდ იმ გზებზე, სადაც ტრამვაის ლიანდაგია",
      "2\nმხოლოდ იმ გზებზე, რომლებზედაც თანხვედრი მიმართულებით მოძრაობისათვის ერთ ზოლზე მეტია",
      "3\nგზებზე, სადაც ტრამვაის ლიანდაგია, აგრეთვე იმ გზებზე, რომლებზედაც თანხვედრი მიმართულებით მოძრაობისათვის ერთ ზოლზე მეტია"
    ]
  },
  {
    "id": 14,
    "correctAnswer": 0,
    "imageUrl": "assets/images/image.png",
    "correctVideo": "assets/videos/correct_14.mp4",
    "wrongVideo": "assets/videos/wrong_14.mp4",
    "previewVideo": "assets/videos/preview_14.mp4",
    "question": "აკრძალულია თუ არა ავტომობილით მოპედის გასწრება რეგულირებულ გზაჯვარედინზე საპირისპირო მოძრაობის ზოლზე გაუსვლელად?",
    "answers": [
      "1\nარ არის აკრძალული",
      "2\nაკრძალულია"
    ]
  },
  {
    "id": 15,
    "correctAnswer": 1,
    "imageUrl": "assets/images/image.png",
    "correctVideo": "assets/videos/correct_15.mp4",
    "wrongVideo": "assets/videos/wrong_15.mp4",
    "previewVideo": "assets/videos/preview_15.mp4",
    "question": "აკრძალულია თუ არა ავტომობილით ეტლიანი მოტოციკლის გასწრება რეგულირებულ გზაჯვარედინზე საპირისპირო მოძრაობის ზოლზე გაუსვლელად?",
    "answers": [
      "1\nაკრძალულია",
      "2\nარ არის აკრძალული"
    ]
  },
  {
    "id": 16,
    "correctAnswer": 2,
    "imageUrl": "assets/images/image.png",
    "correctVideo": "assets/videos/correct_16.mp4",
    "wrongVideo": "assets/videos/wrong_16.mp4",
    "previewVideo": "assets/videos/preview_16.mp4",
    "question": "გაჩერებული სატრანსპორტო საშუალების კარი გზის სავალი ნაწილის, ველობილიკის ან ველოსიპედის ზოლის მხარეს არ უნდა იყოს გაღებული:",
    "answers": [
      "1\n5 წუთზე მეტი ხნით",
      "2\n15 წუთზე მეტი ხნით",
      "3\nმგზავრთა ჩასხდომა-გადმოსხდომისთვის საჭირო დროზე მეტი ხნით",
      "4\n20 წუთზე მეტი ხნით"
    ]
  },
  {
    "id": 17,
    "correctAnswer": 0,
    "imageUrl": "assets/images/image.png",
    "correctVideo": "assets/videos/correct_17.mp4",
    "wrongVideo": "assets/videos/wrong_17.mp4",
    "previewVideo": "assets/videos/preview_17.mp4",
    "question": "მოცემული საგზაო ნიშანი მიუთითებს:",
    "answers": [
      "1\nგზას, რომელიც განკუთვნილია მხოლოდ ავტომობილისა და მოტოციკლის მოძრაობისათვის",
      "2\nმოძრაობის ზოლს, რომელიც განკუთვნილია მხოლოდ მსუბუქი ავტომობილებით მოძრაობისათვის",
      "3\nსატრანსპორტო საშუალებების დგომის ადგილს"
    ]
  },
  {
    "id": 18,
    "correctAnswer": 1,
    "imageUrl": "assets/images/image.png",
    "correctVideo": "assets/videos/correct_18.mp4",
    "wrongVideo": "assets/videos/wrong_18.mp4",
    "previewVideo": "assets/videos/preview_18.mp4",
    "question": "მოცემული საგზაო ნიშანი მიუთითებს:",
    "answers": [
      "1\nორმხრივმოძრაობიანი გზის დასასრულს",
      "2\nრევერსული მოძრაობიანი გზის მონაკვეთის დასასრულს",
      "3\nგაქანების ზოლის დასასრულს"
    ]
  },
  {
    "id": 19,
    "correctAnswer": 1,
    "imageUrl": "assets/images/image.png",
    "correctVideo": "assets/videos/correct_19.mp4",
    "wrongVideo": "assets/videos/wrong_19.mp4",
    "previewVideo": "assets/videos/preview_19.mp4",
    "question": "მოცემული საგზაო ნიშნებიდან რომელი მიუთითებს გზას, რომელზედაც სამარშრუტო სატრანსპორტო საშუალება მოძრაობს სპეციალურად გამოყოფილ ზოლზე სატრანსპორტო საშუალებათა საერთო ნაკადის საპირისპირო მიმართულებით?",
    "answers": [
      "1\nI",
      "2\nII",
      "3\nIII",
      "4\nIV"
    ]
  },
  {
    "id": 20,
    "correctAnswer": 0,
    "imageUrl": "assets/images/image.png",
    "correctVideo": "assets/videos/correct_20.mp4",
    "wrongVideo": "assets/videos/wrong_20.mp4",
    "previewVideo": "assets/videos/preview_20.mp4",
    "question": "მოცემული საგზაო ნიშნებიდან რომელი მიუთითებს ტერიტორიას (ზონას), სადაც მოქმედებს საცხოვრებელ ზონაში მოძრაობისათვის დამდგენი წესები?",
    "answers": [
      "1\nI",
      "2\nII",
      "3\nIII",
      "4\nIV"
    ]
  },
  {
    "id": 21,
    "correctAnswer": 2,
    "imageUrl": "assets/images/image.png",
    "correctVideo": "assets/videos/correct_21.mp4",
    "wrongVideo": "assets/videos/wrong_21.mp4",
    "previewVideo": "assets/videos/preview_21.mp4",
    "question": "მოცემული საგზაო ნიშნებიდან რომელი მიუთითებს იმ დასახლებული პუნქტის დასაწყისს, სადაც მოქმედებს დასახლებულ პუნქტებში მოძრაობის წესრიგის დამდგენი წესების მოთხოვნები?",
    "answers": [
      "1\nმხოლოდ I და III",
      "2\nმხოლოდ II და III",
      "3\nმხოლოდ I და II"
    ]
  },
  {
    "id": 22,
    "correctAnswer": 2,
    "imageUrl": "assets/images/image.png",
    "correctVideo": "assets/videos/correct_22.mp4",
    "wrongVideo": "assets/videos/wrong_22.mp4",
    "previewVideo": "assets/videos/preview_22.mp4",
    "question": "მოცემული საგზაო ნიშნებიდან რომელი მიუთითებს დასახლებული პუნქტის დასაწყისს, რომელიც არ შედის რომელიმე დასახლებულ პუნქტში და რომელშიც მოქმედებს დასახლებულ პუნქტებში მოძრაობისათვის დადგენილი წესები (სააგარაკო დაბები, ცალკე მდგომი დაწესებულებები და ა. შ.)?",
    "answers": [
      "1\nI",
      "2\nII",
      "3\nIII"
    ]
  },
  {
    "id": 23,
    "correctAnswer": 2,
    "imageUrl": "assets/images/image.png",
    "correctVideo": "assets/videos/correct_23.mp4",
    "wrongVideo": "assets/videos/wrong_23.mp4",
    "previewVideo": "assets/videos/preview_23.mp4",
    "question": "მოცემული საგზაო ნიშნებიდან რომელი აღნიშნავს ტერიტორიას, რომლის ფარგლებში შეზღუდულია მოძრაობის მაქსიმალური სიჩქარე?",
    "answers": [
      "1\nI",
      "2\nII",
      "3\nIII",
      "4\nIV"
    ]
  },
  {
    "id": 24,
    "correctAnswer": 2,
    "imageUrl": "assets/images/image.png",
    "correctVideo": "assets/videos/correct_24.mp4",
    "wrongVideo": "assets/videos/wrong_24.mp4",
    "previewVideo": "assets/videos/preview_24.mp4",
    "question": "საცნობი ნიშნი „ავტომატარებელი” სავალდებულოა დამაგრდეს:",
    "answers": [
      "1\nმხოლოდ ავტომატარებელზე",
      "2\nმხოლოდ შესახსრებულ ავტობუსზე",
      "3\nროგორც ავტომატარებელზე, ასევე შესახსრებულ ავტობუსზე"
    ]
  },
  {
    "id": 25,
    "correctAnswer": 2,
    "imageUrl": "assets/images/image.png",
    "correctVideo": "assets/videos/correct_25.mp4",
    "wrongVideo": "assets/videos/wrong_25.mp4",
    "previewVideo": "assets/videos/preview_25.mp4",
    "question": "სავალ ნაწილზე ღამის საათებში მოძრაობისას შესაბმელი, სასაპალნე ან საჯდომი პირუტყვის ან ნახირის მეხრეებმა, მოძრაობის მარცხენა მხრიდან უნდა იქონიონ:",
    "answers": [
      "1\nმხოლოდ წინ -სულ მცირე ერთი თეთრი ან ყვითელი სელექციური სინათლე",
      "2\nმხოლოდ უკან - სულ მცირე ერთი წითელი სინათლე",
      "3\nწინ -სულ მცირე ერთი თეთრი ან ყვითელი სელექციური სინათლე, ხოლო უკან - სულ მცირე ერთი წითელი სინათლე"
    ]
  },
  {
    "id": 26,
    "correctAnswer": 0,
    "imageUrl": "assets/images/image.png",
    "correctVideo": "assets/videos/correct_26.mp4",
    "wrongVideo": "assets/videos/wrong_26.mp4",
    "previewVideo": "assets/videos/preview_26.mp4",
    "question": "მოცემული საგზაო ნიშნებიდან რომელი აღნიშნავს ავტომაგისტრალთან სხვა გზიდან ამოსასვლელის შერწყმის ადგილს?",
    "answers": [
      "1\nI",
      "2\nII",
      "3\nIII",
      "4\nIV"
    ]
  },
  {
    "id": 27,
    "correctAnswer": 1,
    "imageUrl": "assets/images/image.png",
    "correctVideo": "assets/videos/correct_27.mp4",
    "wrongVideo": "assets/videos/wrong_27.mp4",
    "previewVideo": "assets/videos/preview_27.mp4",
    "question": "რომელი საცნობი ნიშანი მაგრდება ავტომატარებელზე და შესახსრებულ ავტობუსზე?",
    "answers": [
      "1\nმხოლოდ I",
      "2\nმხოლოდ II",
      "3\nმხოლოდ III",
      "4\nსამივე"
    ]
  },
  {
    "id": 28,
    "correctAnswer": 2,
    "imageUrl": "assets/images/image.png",
    "correctVideo": "assets/videos/correct_28.mp4",
    "wrongVideo": "assets/videos/wrong_28.mp4",
    "previewVideo": "assets/videos/preview_28.mp4",
    "question": "რომელი საცნობი ნიშანი მაგრდება იმ სატრანსპორტო საშუალების უკანა მხარეს, რომლის სიგრძე ტვირთით ან უმისოდ აღემატება 20 მეტრს, და ავტომატარებელზე ორი ან მეტი მისაბმელით?",
    "answers": [
      "1\nმხოლოდ III",
      "2\nმხოლოდ II",
      "3\nმხოლოდ I"
    ]
  },
  {
    "id": 29,
    "correctAnswer": 0,
    "imageUrl": "assets/images/image.png",
    "correctVideo": "assets/videos/correct_29.mp4",
    "wrongVideo": "assets/videos/wrong_29.mp4",
    "previewVideo": "assets/videos/preview_29.mp4",
    "question": "რომელ სატრანსპორტო საშუალების მძღოლს წარმოექმნება გზის დათმობის ვალდებულება ისრის მიმართულებით მოძრაობის შემთხვევაში?",
    "answers": [
      "1\nველოსიპედის მძღოლს",
      "2\nმსუბუქი ავტომობილის მძღოლს"
    ]
  },
  {
    "id": 30,
    "correctAnswer": 1,
    "imageUrl": "assets/images/image.png",
    "correctVideo": "assets/videos/correct_30.mp4",
    "wrongVideo": "assets/videos/wrong_30.mp4",
    "previewVideo": "assets/videos/preview_30.mp4",
    "question": "თუ სატრანსპორტო საშუალების წინ გზის სავალ ნაწილზე გადადის საქონლის ჯოგი, მძღოლმა უნდა გაითვალისწინოს, რომ:",
    "answers": [
      "1\nჯოგის გადასვლის შემდეგ გზის სავალ ნაწილზე აღარ შეიძლება გამოვიდეს ცალკეული საქონელი",
      "2\nჯოგის გადასვლის შემდეგ გზის სავალ ნაწილზე კიდე შეიძლება გამოვიდეს ჯოგს ჩამორჩენილი ცალკეული საქონელი"
    ]
  },
  {
    "id": 31,
    "correctAnswer": 3,
    "imageUrl": "assets/images/image.png",
    "correctVideo": "assets/videos/correct_31.mp4",
    "wrongVideo": "assets/videos/wrong_31.mp4",
    "previewVideo": "assets/videos/preview_31.mp4",
    "question": "თუ სატრანსპორტო საშუალების წინ ქვეითთა გადასასვლელზე გადაადგილდება მოხუცი ქვეითი, მძღოლმა უნდა გაითვალისწინოს:",
    "answers": [
      "1\nმხოლოდ გარემოება, რომ ის სავალ ნაწილზე მოძრაობს უფრო ნელა ვიდრე სხვა საგზაო მოძრაობის მონაწილეები",
      "2\nმხოლოდ გარემოება, რომ ის შეიძლება ნახევარი გზიდან მობრუნდეს უკან",
      "3\nმხოლოდ გარემოება, რომ მან შეიძლება დაკარგოს წონასწორობა და წაიქცეს",
      "4\nრომ შეიძლება წარმოიშვას ამ ბილეთში ჩამოთვლილი ნებისმიერი გარემოება"
    ]
  }
]