[
  {
    "id": 169,
    "correctAnswer": 0,
    "imageUrl": "assets/images/image.png",
    "correctVideo": "assets/videos/correct.mp4",
    "wrongVideo": "assets/videos/wrong.mp4",
    "previewVideo": "assets/videos/preview.mp4",
    "question": "რა თანამიმდევრობით უნდა გაიარონ გზაჯვარედინი ისრის მიმართულებით მოძრავმა სატრანსპორტო საშუალებებმა, თუ ოპერატიული სამსახურის ავტომობილს ჩართული აქვს ლურჯი მოელვარე სპეციალური ციმციმა და ხმოვანი სიგნალები?",
    "answers": [
      "ჯერ უნდა გაიაროს ოპერატიული სამსახურის ავტომობილმა, შემდეგ - მსუბუქმა ავტომობილმა, ბოლოს - სატვირთო ავტომობილმა",
      "ჯერ უნდა გაიაროს ოპერატიული სამსახურის ავტომობილმა, შემდეგ - სატვირთო ავტომობილმა, ბოლოს - მსუბუქმა ავტომობილმა",
      "ჯერ უნდა გაიაროს მსუბუქმა ავტომობილმა, შემდეგ - ოპერატიული სამსახურის ავტომობილმა, ბოლოს - სატვირთო ავტომობილმა"
    ]
  },
  {
    "id": 170,
    "correctAnswer": 3,
    "imageUrl": "assets/images/image.png",
    "correctVideo": "assets/videos/correct.mp4",
    "wrongVideo": "assets/videos/wrong.mp4",
    "previewVideo": "assets/videos/preview.mp4",
    "question": "რომელი სატრანსპორტო საშუალების მძღოლია ვალდებული, ისრის მიმართულებით მოძრაობის შემთხვევაში გზა დაუთმოს ქვეითებს?",
    "answers": [
      "მხოლოდ სატვირთო ავტომობილის მძღოლი",
      "მხოლოდ მსუბუქი ავტომობილის მძღოლი",
      "მხოლოდ მოტოციკლის მძღოლი",
      "სამივე სატრანსპორტო საშუალების მძღოლი"
    ]
  },
  {
    "id": 171,
    "correctAnswer": 1,
    "imageUrl": "assets/images/image.png",
    "correctVideo": "assets/videos/correct.mp4",
    "wrongVideo": "assets/videos/wrong.mp4",
    "previewVideo": "assets/videos/preview.mp4",
    "question": "რომელი სატრანსპორტო საშუალების მძღოლების მიმართ წარმოექმნება გზის დათმობის ვალდებულება ყვითელი მსუბუქი ავტომობილის მძღოლს ისრის მიმართულებით მოძრაობის შემთხვევაში?",
    "answers": [
      "მხოლოდ ტრამვაისა და ლურჯი მსუბუქი ავტომობილის მძღოლების მიმართ",
      "მხოლოდ ტრამვაისა და სატვირთო ავტომობილის მძღოლების მიმართ",
      "მხოლოდ სატვირთოსა და ლურჯი მსუბუქი ავტომობილის მძღოლების მიმართ"
    ]
  },
  {
    "id": 172,
    "correctAnswer": 0,
    "imageUrl": "assets/images/image.png",
    "correctVideo": "assets/videos/correct.mp4",
    "wrongVideo": "assets/videos/wrong.mp4",
    "previewVideo": "assets/videos/preview.mp4",
    "question": "რომელი ავტომობილის მძღოლს წარმოექმნება გზის დათმობის ვალდებულება ისრის მიმართულებით მოძრაობის შემთხვევაში?",
    "answers": [
      "სატვირთო ატომობილის მძღოლს",
      "მსუბუქი ავტომობილის მძღოლს"
    ]
  },
  {
    "id": 173,
    "correctAnswer": 0,
    "imageUrl": "assets/images/image.png",
    "correctVideo": "assets/videos/correct.mp4",
    "wrongVideo": "assets/videos/wrong.mp4",
    "previewVideo": "assets/videos/preview.mp4",
    "question": "რა თანამიმდევრობით უნდა გაიარონ გზაჯვარედინი ავტომობილებმა ისრის მიმართულებით მოძრაობის შემთხვევაში?",
    "answers": [
      "ჯერ უნდა გაიაროს ყვითელმა ავტომობილმა, შემდეგ - სატვირთო ავტომობილმა, ბოლოს - წითელმა ავტომობილმა",
      "ჯერ უნდა გაიაროს სატვირთო ავტომობილმა, შემდეგ - წითელმა ავტომობილმა, ბოლოს - ყვითელმა ავტომობილმა",
      "ჯერ უნდა გაიაროს წითელმა ავტომობილმა, შემდეგ - სატვირთო ავტომობილმა, ბოლოს - ყვითელმა ავტომობილმა"
    ]
  },
  {
    "id": 174,
    "correctAnswer": 2,
    "imageUrl": "assets/images/image.png",
    "correctVideo": "assets/videos/correct.mp4",
    "wrongVideo": "assets/videos/wrong.mp4",
    "previewVideo": "assets/videos/preview.mp4",
    "question": "რა თანამიმდევრობით უნდა გაიარონ გზაჯვარედინი სატრანსპორტო საშუალებებმა ისრის მიმართულებით მოძრაობის შემთხვევაში?",
    "answers": [
      "ჯერ უნდა გაიაროს მსუბუქმა ავტომობილმა, შემდეგ - მოტოციკლმა და ბოლოს - სატვირთო ავტომობილმა",
      "ჯერ უნდა გაიაროს სატვირთო ავტომობილმა, შემდეგ - მსუბუქმა ავტომობილმა და ბოლოს - მოტოციკლმა",
      "ჯერ უნდა გაიაროს მოტოციკლმა, შემდეგ - მსუბუქმა და სატვირთო ავტომობილებმა"
    ]
  },
  {
    "id": 175,
    "correctAnswer": 3,
    "imageUrl": "assets/images/image.png",
    "correctVideo": "assets/videos/correct.mp4",
    "wrongVideo": "assets/videos/wrong.mp4",
    "previewVideo": "assets/videos/preview.mp4",
    "question": "რა თანამიმდევრობით უნდა გაიარონ გზაჯვარედინი სატრანსპორტო საშუალებებმა ისრის მიმართულებით მოძრაობის შემთხვევაში, თუ შუქნიშანი არ მუშაობს?",
    "answers": [
      "ჯერ უნდა გაიაროს ყვითელმა ავტომობილმა, შემდეგ - თეთრმა მსუბუქმა ავტომობილმა, შემდეგ - სატვირთო ავტომობილმა, ბოლოს - ტრამვაიმ",
      "ჯერ უნდა გაიაროს სატვირთო ავტომობილმა, შემდეგ - ტრამვაიმ, შემდეგ - თეთრმა მსუბუქმა ავტომობილმა, ბოლოს - ყვითელმა ავტომობილმა",
      "ჯერ უნდა გაიაროს თეთრმა მსუბუქმა ავტომობილმა, შემდეგ - ტრამვაიმ, შემდეგ - ყვითელმა ავტომობილმა, ბოლოს - სატვირთო ავტომობილმა",
      "ჯერ უნდა გაიაროს ტრამვაიმ, შემდეგ - ყვითელმა ავტომობილმა, შემდეგ - თეთრმა მსუბუქმა ავტომობილმა, ბოლოს - სატვირთო ავტომობილმა"
    ]
  },
  {
    "id": 176,
    "correctAnswer": 1,
    "imageUrl": "assets/images/image.png",
    "correctVideo": "assets/videos/correct.mp4",
    "wrongVideo": "assets/videos/wrong.mp4",
    "previewVideo": "assets/videos/preview.mp4",
    "question": "რომელი ავტომობილის მძღოლს ენიჭება უპირატესობა ისრის მიმართულებით მოძრაობის შემთხვევაში, თუ საგზაო ნიშნები დაფარულია თოვლით?",
    "answers": [
      "თეთრი ავტომობილის მძღოლს",
      "წითელი ავტომობილის მძღოლს"
    ]
  },
  {
    "id": 177,
    "correctAnswer": 2,
    "imageUrl": "assets/images/image.png",
    "correctVideo": "assets/videos/correct.mp4",
    "wrongVideo": "assets/videos/wrong.mp4",
    "previewVideo": "assets/videos/preview.mp4",
    "question": "რა თანამიმდევრობით უნდა გაიარონ გზაჯვარედინი სატრანსპორტო საშუალებებმა ისრის მიმართულებით მოძრაობის შემთხვევაში?",
    "answers": [
      "ჯერ უნდა გაიაროს ავტობუსმა, შემდეგ - სატვირთო ავტომობილმა, ბოლოს - ტრამვაიმ",
      "ჯერ უნდა გაიაროს სატვირთო ავტომობილმა, შემდეგ - ტრამვაიმ, ბოლოს - ავტობუსმა",
      "ჯერ უნდა გაიაროს ტრამვაიმ, შემდეგ - ავტობუსმა, ბოლოს - სატვირთო ავტომობილმა"
    ]
  },
  {
    "id": 178,
    "correctAnswer": 2,
    "imageUrl": "assets/images/image.png",
    "correctVideo": "assets/videos/correct.mp4",
    "wrongVideo": "assets/videos/wrong.mp4",
    "previewVideo": "assets/videos/preview.mp4",
    "question": "რა თანამიმდევრობით უნდა გაიარონ გზაჯვარედინი ავტომობილებმა ისრის მიმართულებით მოძრაობის შემთხვევაში?",
    "answers": [
      "ჯერ უნდა გაიაროს ყვითელმა ავტომობილმა, შემდეგ - ლურჯმა ავტომობილმა, ბოლოს - სატვირთო ავტომობილმა",
      "ჯერ უნდა გაიაროს სატვირთო ავტომობილმა, შემდეგ - ლურჯმა ავტომობილმა, ბოლოს - ყვითელმა ავტომობილმა",
      "ჯერ უნდა გაიაროს ლურჯმა ავტომობილმა, შემდეგ - სატვირთო ავტომობილმა, ბოლოს - ყვითელმა ავტომობილმა"
    ]
  },
  {
    "id": 179,
    "correctAnswer": 1,
    "imageUrl": "assets/images/image.png",
    "correctVideo": "assets/videos/correct.mp4",
    "wrongVideo": "assets/videos/wrong.mp4",
    "previewVideo": "assets/videos/preview.mp4",
    "question": "რომელი სატრანსპორტო საშუალების მძღოლს ენიჭება უპირატესობა ისრის მიმართულებით მოძრაობის შემთხვევაში?",
    "answers": [
      "მსუბუქი ავტომობილის მძღოლს",
      "ტრაქტორის მძღოლს"
    ]
  },
  {
    "id": 180,
    "correctAnswer": 3,
    "imageUrl": "assets/images/image.png",
    "correctVideo": "assets/videos/correct.mp4",
    "wrongVideo": "assets/videos/wrong.mp4",
    "previewVideo": "assets/videos/preview.mp4",
    "question": "თუ ხელშემკვრელი მხარეები, რომელთა ტერიტორიაზე ხორციელდება მიმოსვლა არ შეთახმდნენ საპირისპიროს შესახებ, „საერთაშორისო საავტომობილო მიმოსვლის მწარმოებელი სატრანსპორტო საშუალებების ეკიპაჟის მუშაობის შესახებ“ ევროპული შეთანხმების (AETR) მოთხოვნები არ გამოიყენება საერთაშორისო საავტომობილო ტვირთზიდვის მიმართ, რომელიც სრულდება იმ სატრანსპორტო საშუალებების მიერ, რომლებიც გამოიყენება:",
    "answers": [
      "მხოლოდ ტვირთის გადასაზიდად და რომელთა ნებადართული მაქსიმალური მასა, მისაბმელებისა და ნახევარმისაბმელების მასის ჩათვლის, არ აღემატება 3,5 ტონას",
      "მხოლოდ მგზავრთა გადასაყვანად და რომლებსაც თავიანთი კონსტრუქციისა და აღჭურვილობის გამო მძღოლის ჩათვლით ცხრა კაცზე მეტის გადაყვანა არ შეუძლია",
      "მხოლოდ მგზავრთა გადასაყვანად რეგულარულ ხაზებზე, რომელთა სიგრძე 50 კმ-ს არ აღემატება",
      "ამ ბილეთში ჩამოთვლილ ნებისმიერ შემთხვევაში"
    ]
  },
  {
    "id": 181,
    "correctAnswer": 2,
    "imageUrl": "assets/images/image.png",
    "correctVideo": "assets/videos/correct.mp4",
    "wrongVideo": "assets/videos/wrong.mp4",
    "previewVideo": "assets/videos/preview.mp4",
    "question": "„საერთაშორისო საავტომობილო მიმოსვლის მწარმოებელი სატრანსპორტო საშუალებების ეკიპაჟის მუშაობის შესახებ“ ევროპული შეთანხმების (AETR) თანახმად ყოველკვირეული მართვის ხანგრძლივობა არ უნდა აღემატებოდეს:",
    "answers": [
      "40 საათს",
      "46 საათს",
      "56 საათს"
    ]
  },
  {
    "id": 182,
    "correctAnswer": 3,
    "imageUrl": "assets/images/image.png",
    "correctVideo": "assets/videos/correct.mp4",
    "wrongVideo": "assets/videos/wrong.mp4",
    "previewVideo": "assets/videos/preview.mp4",
    "question": "„საერთაშორისო საავტომობილო მიმოსვლის მწარმოებელი სატრანსპორტო საშუალებების ეკიპაჟის მუშაობის შესახებ“ ევროპული შეთანხმების (AETR) თანახმად ნებისმიერი ორი ერთმანეთის მომდევნო კვირის განმავლობაში მართვის საერთო ჯამური ხანგრძლივობა არ უნდა აღემატებოდეს:",
    "answers": [
      "70 საათს",
      "78 საათს",
      "85 საათს",
      "90 საათს"
    ]
  },
  {
    "id": 183,
    "correctAnswer": 2,
    "imageUrl": "assets/images/image.png",
    "correctVideo": "assets/videos/correct.mp4",
    "wrongVideo": "assets/videos/wrong.mp4",
    "previewVideo": "assets/videos/preview.mp4",
    "question": "„საერთაშორისო საავტომობილო მიმოსვლის მწარმოებელი სატრანსპორტო საშუალებების ეკიპაჟის მუშაობის შესახებ“ ევროპული შეთანხმების (AETR) თანახმად, თუ არა დგება დასვენების პერიოდი ოთხნახევარი საათის განმავლობაში მართვის პერიოდის შემდეგ მძღოლმა უნდა შეისვენოს არანაკლებ:",
    "answers": [
      "20 წუთისა",
      "30 წუთისა",
      "45 წუთისა"
    ]
  },
  {
    "id": 184,
    "correctAnswer": 0,
    "imageUrl": "assets/images/image.png",
    "correctVideo": "assets/videos/correct.mp4",
    "wrongVideo": "assets/videos/wrong.mp4",
    "previewVideo": "assets/videos/preview.mp4",
    "question": "„საერთაშორისო საავტომობილო მიმოსვლის მწარმოებელი სატრანსპორტო საშუალებების ეკიპაჟის მუშაობის შესახებ“ ევროპული შეთანხმების (AETR) თანახმად, ვალდებულია თუ არა მძღოლი დასვენების წინა ყოველდღიური ან ყოველკვირეული პერიოდის დასრულებიდან ყოველი 24-საათიანი პერიოდის განმავლობაში გამოიყენოს ახალი ყოველდღიური დასვენების პერიოდი?",
    "answers": [
      "ვალდებულია",
      "არ არის ვალდებული"
    ]
  },
  {
    "id": 185,
    "correctAnswer": 0,
    "imageUrl": "assets/images/image.png",
    "correctVideo": "assets/videos/correct.mp4",
    "wrongVideo": "assets/videos/wrong.mp4",
    "previewVideo": "assets/videos/preview.mp4",
    "question": "„საერთაშორისო საავტომობილო მიმოსვლის მწარმოებელი სატრანსპორტო საშუალებების ეკიპაჟის მუშაობის შესახებ“ ევროპული შეთანხმების (AETR) თანახმად ტერმინი „დასვენების ნორმალური ყოველდღიური პერიოდი“ ნიშნავს დასვენების ნებისმიერ პერიოდს არანაკლებ:",
    "answers": [
      "11 საათის ხანგრძლივობით",
      "9 საათის ხანგრძლივობით",
      "7 საათის ხანგრძლივობით"
    ]
  },
  {
    "id": 186,
    "correctAnswer": 1,
    "imageUrl": "assets/images/image.png",
    "correctVideo": "assets/videos/correct.mp4",
    "wrongVideo": "assets/videos/wrong.mp4",
    "previewVideo": "assets/videos/preview.mp4",
    "question": "„საერთაშორისო საავტომობილო მიმოსვლის მწარმოებელი სატრანსპორტო საშუალებების ეკიპაჟის მუშაობის შესახებ“ ევროპული შეთანხმების (AETR) თანახმად ტერმინი „დასვენების შემცირებული ყოველდღიური პერიოდი“ ნიშნავს დასვენების ნებისმიერ პერიოდს არანაკლებ:",
    "answers": [
      "7 საათის, მაგრამ 9 საათზე ნაკლები ხანგრძლივობით",
      "9 საათის, მაგრამ 11 საათზე ნაკლები ხანგრძლივობით",
      "11 საათის ხანგრძლივობით"
    ]
  },
  {
    "id": 187,
    "correctAnswer": 2,
    "imageUrl": "assets/images/image.png",
    "correctVideo": "assets/videos/correct.mp4",
    "wrongVideo": "assets/videos/wrong.mp4",
    "previewVideo": "assets/videos/preview.mp4",
    "question": "„საერთაშორისო საავტომობილო მიმოსვლის მწარმოებელი სატრანსპორტო საშუალებების ეკიპაჟის მუშაობის შესახებ“ ევროპული შეთანხმების (AETR) თანახმად, სატრანსპორტო საშუალების მართვის პერიოდები მოიცავს მართვის ნებისმიერ დროს:",
    "answers": [
      "მხოლოდ ხელშემკვრელ მხარეთა ტერიტორიაზე",
      "მხოლოდ იმ სახელმწიფოთა ტერიტორიაზე, რომლებიც არ წარმოადგენენ ხელშემკვრელ მხარეებს",
      "როგორც ხელშემკვრელ მხარეთა ტერიტორიაზე, ასევე იმ სახელმწიფოთა ტერიტორიაზე, რომლებიც არ წარმოადგენენ ხელშემკვრელ მხარეებს"
    ]
  },
  {
    "id": 188,
    "correctAnswer": 2,
    "imageUrl": "assets/images/image.png",
    "correctVideo": "assets/videos/correct.mp4",
    "wrongVideo": "assets/videos/wrong.mp4",
    "previewVideo": "assets/videos/preview.mp4",
    "question": "„საერთაშორისო საავტომობილო მიმოსვლის მწარმოებელი სატრანსპორტო საშუალებების ეკიპაჟის მუშაობის შესახებ“ ევროპული შეთანხმების (AETR) თანახმად, თუ მძღოლი მართავს საკონტროლო მოწყობილობით აღჭურვილ სატრანსპორტო საშუალებას მას უნდა შეეძლოს წარადგინოს ჩანაწერები მართვისა და დასვენების დროის შესახებ:",
    "answers": [
      "ციფრული ტაქოგრაფების შემთხვევაში წინა 14 კალენდარული დღის",
      "ანალოგიური ტაქოგრაფების შემთხვევაში მხოლოდ მიმდინარე დღის",
      "ნებისმიერ შემთხვევაში მიმდინარე დღის და წინა 28 კალენდარულ დღის"
    ]
  },
  {
    "id": 189,
    "correctAnswer": 3,
    "imageUrl": "assets/images/image.png",
    "correctVideo": "assets/videos/correct.mp4",
    "wrongVideo": "assets/videos/wrong.mp4",
    "previewVideo": "assets/videos/preview.mp4",
    "question": "„საერთაშორისო საავტომობილო მიმოსვლის მწარმოებელი სატრანსპორტო საშუალებების ეკიპაჟის მუშაობის შესახებ“ ევროპული შეთანხმების (AETR) თანახმად, სატრანსპორტო საშუალებაზე დაყენებული საკონტროლო მოწყობილობა უნდა უზრუნველყოფდეს, რომ დაფიქსირდეს:",
    "answers": [
      "მხოლოდ სატრანსპორტო საშუალების სიჩქარე და გავლილი მანძილი",
      "მხოლოდ მართვის ხანგრძლივობა",
      "მხოლოდ დასვენების და შესვენების ხანგრძლივობა",
      "როგორც სატრანსპორტო საშუალების სიჩქარე და გავლილი მანძილი, ასევე მართვის, დასვენებისა და შესვენების ხანგრძლივობა"
    ]
  },
  {
    "id": 190,
    "correctAnswer": 0,
    "imageUrl": "assets/images/image.png",
    "correctVideo": "assets/videos/correct.mp4",
    "wrongVideo": "assets/videos/wrong.mp4",
    "previewVideo": "assets/videos/preview.mp4",
    "question": "თუ არარეგულირებული ქვეითთა გადასასვლელის წინ გაჩერებული სატრანსპორტო საშუალების გამო, გადასასვლელზე ნაწილობრივ შეზღუდულია მხედველობა, გადასავლელთან მოახლოებულ მძღოლს მოძრაობის გაგრძელების უფლება აქვს:",
    "answers": [
      "მხოლოდ მას შემდეგ, რაც დარწმუნდება, გადასასვლელზე შესული ან შემავალი ქვეითის არარსებობაში",
      "მხოლოდ ხმოვანი სიგნალის გამოყენების შემდეგ",
      "სიჩქარის შეუცვლელად, მიუხედავად გადასასვლელზე არსებული სიტუაციისა"
    ]
  }
]