[
  {
    "id": 139,
    "question": "მსუბუქი ავტომობილის მძღოლს უფლება აქვს მოძრაობა გააგრძელოს:",
    "answers": [
      "მხოლოდ A, C და D მიმართულებით",
      "A, B, C და D მიმართულებით",
      "მხოლოდ B და C მიმართულებით",
      "მხოლოდ D მიმართულებით"
    ],
    "correctAnswer": 3,
    "imageUrl": "assets/images/image.png",
    "correctVideo": "assets/videos/correct_139.mp4",
    "wrongVideo": "assets/videos/wrong_139.mp4",
    "previewVideo": "assets/videos/preview_139.mp4"
  },
  {
    "id": 140,
    "question": "მსუბუქი ავტომობილის მძღოლს უფლება აქვს იმოძრაოს:",
    "answers": [
      "მხოლოდ A მიმართულებით",
      "მხოლოდ B მიმართულებით",
      "როგორც A, ასევე B მიმართულებით"
    ],
    "correctAnswer": 2,
    "imageUrl": "assets/images/image.png",
    "correctVideo": "assets/videos/correct_140.mp4",
    "wrongVideo": "assets/videos/wrong_140.mp4",
    "previewVideo": "assets/videos/preview_140.mp4"
  },
  {
    "id": 141,
    "question": "მოცემულ სიტუაციაში, მოსახვევს გაცდენილი ავტომობილის მძღოლს, მარჯვენა მოსახვევში შესვლის მიზნით:",
    "answers": [
      "უფლება აქვს მოაბრუნოს ავტომობილი A მიმართულებით",
      "უფლება აქვს იმოძრაოს უკუსვლით B მიმართულებით",
      "უფლება აქვს იმოძრაოს როგორც A, ასევე B მიმართულებით",
      "მოძრაობა ეკრძალება როგორც A, ასევე B მიმართულებით"
    ],
    "correctAnswer": 3,
    "imageUrl": "assets/images/image.png",
    "correctVideo": "assets/videos/correct_141.mp4",
    "wrongVideo": "assets/videos/wrong_141.mp4",
    "previewVideo": "assets/videos/preview_141.mp4"
  },
  {
    "id": 142,
    "question": "მოცემული საგზაო ნიშნებიდან რომელი ადგენს გზაზე მოძრაობის მინიმალური სიჩქარის ზღვარს?",
    "answers": [
      "IV",
      "III",
      "II",
      "I"
    ],
    "correctAnswer": 0,
    "imageUrl": "assets/images/image.png",
    "correctVideo": "assets/videos/correct_142.mp4",
    "wrongVideo": "assets/videos/wrong_142.mp4",
    "previewVideo": "assets/videos/preview_142.mp4"
  },
  {
    "id": 143,
    "question": "მოცემული საგზაო ნიშნებიდან რომელი აღნიშნავს გზის მონაკვეთს, რომელზეც მოძრავ სატრანსპორტო საშუალებას, არანაკლებ ორ წამყვან საბურავზე, სავალდებულოა დამაგრებული ჰქონდეს მოცურების საწინააღმდეგო ჯაჭვები?",
    "answers": [
      "III",
      "IV",
      "I",
      "II"
    ],
    "correctAnswer": 0,
    "imageUrl": "assets/images/image.png",
    "correctVideo": "assets/videos/correct_143.mp4",
    "wrongVideo": "assets/videos/wrong_143.mp4",
    "previewVideo": "assets/videos/preview_143.mp4"
  },
  {
    "id": 144,
    "question": "რომელი ავტომობილის მძღოლი დაარღვევს საგზაო მოძრაობის წესებს ისრის მიმართულებით მოძრაობის შემთხვევაში, თუ ისინი შედიან ეზოს ტერიტორიაზე?",
    "answers": [
      "თეთრი ავტომობილის მძღოლი",
      "ყვითელი ავტომობილის მძღოლი",
      "ორივე ავტომობილის მძღოლი",
      "არცერთი ავტომობილის მძღოლი"
    ],
    "correctAnswer": 1,
    "imageUrl": "assets/images/image.png",
    "correctVideo": "assets/videos/correct_144.mp4",
    "wrongVideo": "assets/videos/wrong_144.mp4",
    "previewVideo": "assets/videos/preview_144.mp4"
  },
  {
    "id": 145,
    "question": "მსუბუქი ავტომობილის მძღოლს მოძრაობის გაგრძელების უფლება აქვს:",
    "answers": [
      "მხოლოდ პირდაპირ და მარჯვნივ",
      "მხოლოდ პირდაპირ და მარცხნივ",
      "მხოლოდ პირდაპირ",
      "ყველა მიმართულებით"
    ],
    "correctAnswer": 3,
    "imageUrl": "assets/images/image.png",
    "correctVideo": "assets/videos/correct_145.mp4",
    "wrongVideo": "assets/videos/wrong_145.mp4",
    "previewVideo": "assets/videos/preview_145.mp4"
  },
  {
    "id": 146,
    "question": "მსუბუქი ავტომობილის მძღოლს მოძრაობის გააგრძელების უფლება აქვს:",
    "answers": [
      "მხოლოდ პირდაპირ",
      "მხოლოდ მარჯვნივ",
      "პირდაპირ და მარჯვნივ"
    ],
    "correctAnswer": 0,
    "imageUrl": "assets/images/image.png",
    "correctVideo": "assets/videos/correct_146.mp4",
    "wrongVideo": "assets/videos/wrong_146.mp4",
    "previewVideo": "assets/videos/preview_146.mp4"
  },
  {
    "id": 147,
    "question": "მსუბუქი ავტომობილის მძღოლს მოძრაობის გაგრძელების უფლება აქვს:",
    "answers": [
      "მხოლოდ მარცხნივ",
      "მხოლოდ უკუმიმართულებით (მობრუნება)",
      "მარცხნივ და უკუმიმართულებით (მობრუნება)"
    ],
    "correctAnswer": 2,
    "imageUrl": "assets/images/image.png",
    "correctVideo": "assets/videos/correct_147.mp4",
    "wrongVideo": "assets/videos/wrong_147.mp4",
    "previewVideo": "assets/videos/preview_147.mp4"
  },
  {
    "id": 148,
    "question": "მოცემულ სიტუაციაში, ეკრძალება თუ არა მსუბუქი ავტომობილის მძღოლს ისრის მიმართულებით მობრუნება?",
    "answers": [
      "ეკრძალება",
      "არ ეკრძალება"
    ],
    "correctAnswer": 0,
    "imageUrl": "assets/images/image.png",
    "correctVideo": "assets/videos/correct_148.mp4",
    "wrongVideo": "assets/videos/wrong_148.mp4",
    "previewVideo": "assets/videos/preview_148.mp4"
  },
  {
    "id": 149,
    "question": "მოცემულ სიტუაციაში, მსუბუქი ავტომობილის მძღოლს მოძრაობის გააგრძელების უფლება აქვს:",
    "answers": [
      "მხოლოდ A მიმართულებით",
      "მხოლოდ B მიმართულებით",
      "როგორც A, ასევე B მიმართულებით"
    ],
    "correctAnswer": 2,
    "imageUrl": "assets/images/image.png",
    "correctVideo": "assets/videos/correct_149.mp4",
    "wrongVideo": "assets/videos/wrong_149.mp4",
    "previewVideo": "assets/videos/preview_149.mp4"
  },
  {
    "id": 150,
    "question": "მოცემული საგზაო ნიშნებიდან რომელი აღნიშნავს მობრუნების ადგილს?",
    "answers": [
      "მხოლოდ II",
      "მხოლოდ I",
      "მხოლოდ IV",
      "მხოლოდ III"
    ],
    "correctAnswer": 2,
    "imageUrl": "assets/images/image.png",
    "correctVideo": "assets/videos/correct_150.mp4",
    "wrongVideo": "assets/videos/wrong_150.mp4",
    "previewVideo": "assets/videos/preview_150.mp4"
  },
  {
    "id": 151,
    "question": "მოცემული საგზაო ნიშნებიდან რომელის მოქმედება ვრცელდება მხოლოდ სავალი ნაწილების იმ გადაკვეთაზე, რომლის წინაც ისინია დადგმული?",
    "answers": [
      "მხოლოდ I და II",
      "მხოლოდ I და III",
      "მხოლოდ II და IV",
      "ყველასი"
    ],
    "correctAnswer": 3,
    "imageUrl": "assets/images/image.png",
    "correctVideo": "assets/videos/correct_151.mp4",
    "wrongVideo": "assets/videos/wrong_151.mp4",
    "previewVideo": "assets/videos/preview_151.mp4"
  },
  {
    "id": 152,
    "question": "მოცემული საგზაო ნიშნებიდან რომლის მოქმედება არ ვრცელდება ნიშნის დადგმის ადგილიდან მის შემდეგ მდებარე უახლოეს გზაჯვარედინამდე?",
    "answers": [
      "მხოლოდ I და IV",
      "მხოლოდ IV",
      "მხოლოდ II და III",
      "მხოლოდ III"
    ],
    "correctAnswer": 1,
    "imageUrl": "assets/images/image.png",
    "correctVideo": "assets/videos/correct_152.mp4",
    "wrongVideo": "assets/videos/wrong_152.mp4",
    "previewVideo": "assets/videos/preview_152.mp4"
  }
]