[
  {
    "id": 191,
    "correctAnswer": 0,
    "imageUrl": "assets/images/image.png",
    "correctVideo": "assets/videos/correct_19.mp4",
    "wrongVideo": "assets/videos/wrong_19.mp4",
    "previewVideo": "assets/videos/preview_19.mp4",
    "question": "ვალდებულია თუ არა საგზაო-სატრანსპორტო შემთხვევაში მონაწილე მძღოლი დარწმუნდეს რომ ავარიის შემთხვევის შედეგად არ არიან დაშავებულები ან დაღუპულები?",
    "answers": [
      "ვალდებულია",
      "ვალდებულია, მხოლოდ იმ შემთხვევაში, თუ იგი ექიმია",
      "არ არის ვალდებული, თუ უზრუნველყოფს სასწრაფო სამედიცინო დახმარების გამოძახებას",
      "არ არის ვალდებული, თუ საგზაო-სატრანსპორტო შემთხვევა არ მომხდარა მისი ბრალით"
    ]
  },
  {
    "id": 192,
    "correctAnswer": 2,
    "imageUrl": "assets/images/image.png",
    "correctVideo": "assets/videos/correct_19.mp4",
    "wrongVideo": "assets/videos/wrong_19.mp4",
    "previewVideo": "assets/videos/preview_19.mp4",
    "question": "თუ არ არსებობს სამკურნალო დაწესებულებაში მისი მისვლის ან მის მიერ დაშავებულების გადაყვანის გადაუდებელი აუცილებლობა, საგზაო-სატრანსპორტო შემთხვევაში მონაწილე მძღოლი, ვალდებულია:",
    "answers": [
      "გადაიყვანოს კუთვნილი სატრანსპორტო საშუალება საპატრულო პოლიციის უახლოეს დანაყოფში და იქ განაცხადოს მომხდარი ფაქტის შესახებ",
      "შეადგინოს შემთხვევის სქემა, ჩამოართვას ჩვენებები თვითმხილველებს და აღნიშნული დოკუმენტები წარადგინოს საპატრულო პოლიციის უახლოეს დანაყოფში",
      "დარჩეს შემთხვევის ადგილზე და დაელოდოს უფლებამოსილი პირის მისვლას"
    ]
  },
  {
    "id": 193,
    "correctAnswer": 0,
    "imageUrl": "assets/images/image.png",
    "correctVideo": "assets/videos/correct_19.mp4",
    "wrongVideo": "assets/videos/wrong_19.mp4",
    "previewVideo": "assets/videos/preview_19.mp4",
    "question": "საგზაო-სატრანსპორტო შემთხვევაში მონაწილე მძღოლი ვალდებულია მომხდარის შესახებ დაუყოვნებლივ აცნობოს:",
    "answers": [
      "საქართველოს შინაგან საქმეთა სამინისტროს სისტემაში შემავალ შესაბამის სამსახურს",
      "ადგილობრივი თვითმმართველობის ორგანოს",
      "საქართველოს შრომის, ჯანმრთელობისა და სოციალური დაცვის სამინისტროს"
    ]
  },
  {
    "id": 194,
    "correctAnswer": 1,
    "imageUrl": "assets/images/image.png",
    "correctVideo": "assets/videos/correct_19.mp4",
    "wrongVideo": "assets/videos/wrong_19.mp4",
    "previewVideo": "assets/videos/preview_19.mp4",
    "question": "ქვემოთ ჩამოთვლილი, რომელი გარემოების არსებობისას შეუძლია საგზაო-სატრანსპორტო შემთხვევაში მონაწილე მძღოლს მიატოვოს შემთხვევის ადგილი და არ დაელოდოს უფლებამოსილი პირის მისვლას?",
    "answers": [
      "თუ აშკარაა, რომ ავარია არ მომხდარა მისი ბრალით",
      "თუ არსებობს სამკურნალო დაწესებულებაში მძღლის მისვლის ან მის მიერ დაშავებულების გადაყვანის გადაუდებელი აუცილებლობა",
      "თუ ავარიაში მონაწილე მეორე მხარე მიიმალა შემთხვევის ადგილიდან",
      "ამ ბილეთში ჩამოთვლილი ნებისმიერი გარემოების არსებობისას"
    ]
  },
  {
    "id": 195,
    "correctAnswer": 1,
    "imageUrl": "assets/images/image.png",
    "correctVideo": "assets/videos/correct_19.mp4",
    "wrongVideo": "assets/videos/wrong_19.mp4",
    "previewVideo": "assets/videos/preview_19.mp4",
    "question": "შეუძლია თუ არა საგზაო-სატრანსპორტო შემთხვევაში მონაწილე მძღოლებს არსებულ გარემოებათა შეფასებით, ურთიერთშეთანხმების საფუძველზე, წინასწარ შეადგინონ შემთხვევის სქემა, მოაწერონ ხელი და მივიდნენ საპატრულო პოლიციის უახლოეს დანაყოფში ამ ფაქტის გასაფორმებლად?",
    "answers": [
      "არ შეუძლიათ, ვინაიდან უფლებამოსილი პირის მოსვლამდე, მათ გააჩნიათ შემთხვევის ადგილზე დარჩენის ვალდებულება",
      "შეუძლიათ, მხოლოდ იმ შემთხვევაში, თუ საგზაო-სატრანსპორტო შემთხვევის შედეგად არავინ დაშავებულა"
    ]
  },
  {
    "id": 196,
    "correctAnswer": 0,
    "imageUrl": "assets/images/image.png",
    "correctVideo": "assets/videos/correct_19.mp4",
    "wrongVideo": "assets/videos/wrong_19.mp4",
    "previewVideo": "assets/videos/preview_19.mp4",
    "question": "თუ საგზაო-სატრანსპორტო შემთხვევაში მონაწილე მძღოლი იძულებულია მიატოვოს შემთხვევის ადგილი სამკურნალო დაწესებულებაში მისვლის აუცილებლობის გამო, იგი ვალდებულია სამკურნალო დაწესებულებაში:",
    "answers": [
      "განაცხადოს თავისი ვინაობა, (წარადგინოს პირადობის დამადასტურებელი დოკუმენტი და სატრანსპორტო საშუალების სარეგისტრაციო დოკუმენტები) და თუ ეს შეუძლებელი არ არის, დაბრუნდეს შემთხვევის ადგილზე",
      "განაცხადოს თავისი, დაშავებულისა და ავარიის თვითმხილვევთა ვინაობა, წარადგინოს საგზაო-სატრანსპორტო შემთხვევის დაახლოებითი სქემა"
    ]
  },
  {
    "id": 197,
    "correctAnswer": 0,
    "imageUrl": "assets/images/image.png",
    "correctVideo": "assets/videos/correct_19.mp4",
    "wrongVideo": "assets/videos/wrong_19.mp4",
    "previewVideo": "assets/videos/preview_19.mp4",
    "question": "საგზაო-სატრანსპორტო შემთხვევის შედეგად დაშავებულების სასწრაფო სამედიცინო დახმარების გამოძახებისათვის დისპეჩერს უნდა ვაცნობოთ:",
    "answers": [
      "საგზაო-სატრანსპორტო შემთხვევის ზუსტი ადგილი (ქუჩა, სახლის ნომერი და უახლოესი ორიენტირი), დაშავებულთა რაოდენობა, მათი სქესი, მიახლოებითი წლოვანება, სასიცოცხლო ნიშნების არსებობა, ასევე ძლიერი სისხლდენის შესახებ",
      "მხოლოდ საგზაო-სატრანსპორტო შემთხვევის ადგილის უახლოესი ორიენტირი, დაშავებულების რაოდენობა, მათი სქესი და წლოვანება"
    ]
  }
]