[
  {
    "id": 222,
    "correctAnswer": 2,
    "imageUrl": "assets/images/image.png",
    "correctVideo": "assets/videos/correct_19.mp4",
    "wrongVideo": "assets/videos/wrong_19.mp4",
    "previewVideo": "assets/videos/preview_19.mp4",
    "question": "იმ სატრანსპორტო საშუალების მძღოლი, რომელსაც საგზაო მოძრაობის წესებით დადგენილ შემთხვევებში უფლება აქვს შევიდეს ქვეითთა მოძრაობისათვის განკუთვნილ ადგილებში, ვალდებულია:",
    "answers": [
      "მისცეს ხმოვანი სიგნალი და იმოძრაოს არაუმეტეს 50 კმ/სთ სიჩქარით",
      "ჩართოს ახლო ნათების ფარები და ქვეითთა ყურადღების მისაპყრობად მისცეს ხმოვანი სიგნალი",
      "გამოიჩინოს მაქსიმალური სიფრთხილე და იმოძრაოს დაბალი სიჩქარით, რათა აუცილებლობის შემთხვევაში გაჩერდეს"
    ]
  },
  {
    "id": 223,
    "correctAnswer": 1,
    "imageUrl": "assets/images/image.png",
    "correctVideo": "assets/videos/correct_19.mp4",
    "wrongVideo": "assets/videos/wrong_19.mp4",
    "previewVideo": "assets/videos/preview_19.mp4",
    "question": "ვალდებულია თუ არა მსუბუქი ავტომობილის მძღოლი, ჩართოს მარცხნივ მოხვევის შუქ-მაჩვენებელი ისრის მიმართულებით მოძრაობის შემთხვევაში?",
    "answers": [
      "არ არის ვალდებული",
      "ვალდებულია"
    ]
  },
  {
    "id": 224,
    "correctAnswer": 2,
    "imageUrl": "assets/images/image.png",
    "correctVideo": "assets/videos/correct_19.mp4",
    "wrongVideo": "assets/videos/wrong_19.mp4",
    "previewVideo": "assets/videos/preview_19.mp4",
    "question": "მანევრის შესრულების განზრახვის თაობაზე მოხვევის შუქ-მაჩვენებლებით ან ხელით მიცემული სიგნალი მძღოლს:",
    "answers": [
      "ანიჭებს უპირატესობას",
      "ათავისუფლებს სიფრთხილის აუცილებელი ზომების მიღებისაგან",
      "არ ანიჭებს უპირატესობას, არ ათავისუფლებს სიფრთხილის აუცილებელი ზომების მიღებისაგან"
    ]
  },
  {
    "id": 225,
    "correctAnswer": 0,
    "imageUrl": "assets/images/image.png",
    "correctVideo": "assets/videos/correct_19.mp4",
    "wrongVideo": "assets/videos/wrong_19.mp4",
    "previewVideo": "assets/videos/preview_19.mp4",
    "question": "არღვეს თუ არა ავტომობილის მძღოლი საგზაო მოძრაობის წესებს საგზაო ნიშნით აღნიშნულ განათებულ გვირაბში მოძრაობისას, თუ ჩართული აქვს მხოლოდ გაბარიტული სინათლეები?",
    "answers": [
      "არღვევს",
      "არ არღვევს"
    ]
  },
  {
    "id": 226,
    "correctAnswer": 1,
    "imageUrl": "assets/images/image.png",
    "correctVideo": "assets/videos/correct_19.mp4",
    "wrongVideo": "assets/videos/wrong_19.mp4",
    "previewVideo": "assets/videos/preview_19.mp4",
    "question": "ჩართული გარე სანათი ხელსაწყოების ან ღია კარების მქონე გაჩერებული სატრანსპორტო საშუალებების გასწვრივ მოძრაობისას, მძღოლმა უნდა:",
    "answers": [
      "მისცეს ხმოვანი სიგნალი და გაზარდოს სიჩქარე",
      "გამოიჩინოს განსაკუთრებული სიფრთხილე, რათა აუცილებლობის შემთხვევაში, დროულად უზრუნველყოს გზაზე ქვეითთა და ბავშვების მოულოდნელი გამოჩენით წარმოშობილი საფრთხის თავიდან აცილება",
      "შეამციროს სიჩქარე და ჩართოს საავარიო შუქსიგნალიზაცია, რათა გაჩერებული სატრანსპორტო საშუალების უეცარი დაძვრის შემთხვევაში, დროულად უზრუნველყოს საფრთხის თავიდან აცილება"
    ]
  },
  {
    "id": 227,
    "correctAnswer": 0,
    "imageUrl": "assets/images/image.png",
    "correctVideo": "assets/videos/correct_19.mp4",
    "wrongVideo": "assets/videos/wrong_19.mp4",
    "previewVideo": "assets/videos/preview_19.mp4",
    "question": "არის თუ არა ვადებული მძღოლი, გამოიჩინოს განსაკუთრებული სიფრთხილე ქვეითი ბავშვების, ხანდაზმულებისა და შეზღუდული შესაძლებლობების მქონე პირების მიმართ?",
    "answers": [
      "ვალდებულია",
      "არ არის ვალდებული"
    ]
  },
  {
    "id": 228,
    "correctAnswer": 1,
    "imageUrl": "assets/images/image.png",
    "correctVideo": "assets/videos/correct_19.mp4",
    "wrongVideo": "assets/videos/wrong_19.mp4",
    "previewVideo": "assets/videos/preview_19.mp4",
    "question": "არასაკმარისი ან შეზღუდული ხილვადობის პირობებში, მძღოლმა უნდა:",
    "answers": [
      "ჩართოს საავარიო შუქსიგნალიზაცია და შეამციროს დისტანცია მისი და მის წინ მიმავალ სატრანსპორტო საშუალებას შორის",
      "შეამციროს სიჩქარე და გაზარდოს დისტანცია მისი და მის წინ მიმავალ სატრანსპორტო საშუალებას შორის",
      "ჩართოს საავარიო შუქსიგნალიზაცია და იმოძრაოს სავალი ნაწილის უკიდურეს მარცხენა მხარეს"
    ]
  },
  {
    "id": 229,
    "correctAnswer": 2,
    "imageUrl": "assets/images/image.png",
    "correctVideo": "assets/videos/correct_19.mp4",
    "wrongVideo": "assets/videos/wrong_19.mp4",
    "previewVideo": "assets/videos/preview_19.mp4",
    "question": "მანევრის დაწყებამდე შესაბამისი მიმართულების მოხვევის შუქ-მაჩვენებლის ჩართვა მძღოლს:",
    "answers": [
      "ანიჭებს უპირატესობას",
      "არ ანიჭებს უპირატესობას მხოლოდ ოპერატიული სამსახურის სატრანსპორტო საშუალებების მიმართ",
      "არ ანიჭებს უპირატესობას და არ ათავისუფლებს სიფრთხილის აუცილებელი ზომების მიღებისაგან"
    ]
  },
  {
    "id": 230,
    "correctAnswer": 2,
    "imageUrl": "assets/images/image.png",
    "correctVideo": "assets/videos/correct_19.mp4",
    "wrongVideo": "assets/videos/wrong_19.mp4",
    "previewVideo": "assets/videos/preview_19.mp4",
    "question": "მძღოლის მიერ მიცემული ხმოვანი სიგნალის ხანგრძლივობა:",
    "answers": [
      "უნდა იყოს არა უმეტეს 3 წამისა",
      "უნდა იყოს არა უმეტეს 5 წამისა",
      "არ უნდა იყოს უფრო ხანგრძლივი, ვიდრე ეს აუცილებელია"
    ]
  },
  {
    "id": 231,
    "correctAnswer": 1,
    "imageUrl": "assets/images/image.png",
    "correctVideo": "assets/videos/correct_19.mp4",
    "wrongVideo": "assets/videos/wrong_19.mp4",
    "previewVideo": "assets/videos/preview_19.mp4",
    "question": "დღე-ღამის ნათელ დროს დასახლებულ პუნქტში გასწრების განზრახვის თაობაზე სხვა მძღოლის გასაფრთხილებლად შეიძლება გამოყენებულ იქნეს:",
    "answers": [
      "ხმოვანი სიგნალი",
      "ფარების შუქის პერიოდული, ხანმოკლე ჩართვა-გამორთვა",
      "საავარიო შუქსიგნალიზაცია",
      "ფარების ახლო შუქის შორ შუქზე მრავალჯერადი გადართვა"
    ]
  },
  {
    "id": 232,
    "correctAnswer": 3,
    "imageUrl": "assets/images/image.png",
    "correctVideo": "assets/videos/correct_19.mp4",
    "wrongVideo": "assets/videos/wrong_19.mp4",
    "previewVideo": "assets/videos/preview_19.mp4",
    "question": "დღე-ღამის ბნელ დროს, დასახლებულ პუნქტში გასწრების განზრახვის თაობაზე სხვა მძღოლის გასაფრთხილებლად შეიძლება გამოყენებული იქნეს:",
    "answers": [
      "ხმოვანი სიგნალი",
      "ფარების შუქის პერიოდული, ხანმოკლე ჩართვა-გამორთვა",
      "საავარიო შუქსიგნალიზაცია",
      "ფარების ახლო შუქის შორ შუქზე მრავალჯერადი გადართვა"
    ]
  },
  {
    "id": 233,
    "correctAnswer": 0,
    "imageUrl": "assets/images/image.png",
    "correctVideo": "assets/videos/correct_19.mp4",
    "wrongVideo": "assets/videos/wrong_19.mp4",
    "previewVideo": "assets/videos/preview_19.mp4",
    "question": "დასაშვებია თუ არა სატრანსპორტო საშუალებების წინ წითელი და უკან თეთრი სინათლეებით აღჭურვა:",
    "answers": [
      "დასაშვებია",
      "დაუშვებელია",
      "დასაშვებია, მხოლოდ სპეციალური სამსახურის სატრანსპორტო საშუალებებზე"
    ]
  },
  {
    "id": 234,
    "correctAnswer": 1,
    "imageUrl": "assets/images/image.png",
    "correctVideo": "assets/videos/correct_19.mp4",
    "wrongVideo": "assets/videos/wrong_19.mp4",
    "previewVideo": "assets/videos/preview_19.mp4",
    "question": "დასაშვებია თუ არა ერთსა და იმავე სატრანსპორტო საშუალებაზე ერთნაირი დანიშნულებისა და ერთსა და იმავე მხარეს მიმართული სხვადასხვა ფერის ფარების დაყენება?",
    "answers": [
      "დასაშვებია",
      "დაუშვებელია",
      "დასაშვებია მხოლოდ ოპერატიული სამსახურის ავტომობილზე"
    ]
  },
  {
    "id": 235,
    "correctAnswer": 1,
    "imageUrl": "assets/images/image.png",
    "correctVideo": "assets/videos/correct_19.mp4",
    "wrongVideo": "assets/videos/wrong_19.mp4",
    "previewVideo": "assets/videos/preview_19.mp4",
    "question": "ფარა-პროჟექტორით და ფარა-მაძიებლით სარგებლობა ნებადართულია:",
    "answers": [
      "დასახლებულ პუნქტში ცალხრივ მოძრაობიან გზის სავალ ნაწილზე",
      "მხოლოდ დაუსახლებელ პუნქტში, თუ არ არის საპირისპიროდ მოძრავი სატრანსპორტო საშუალება",
      "დასახლებულ პუნქტში იმ გზაზე, სადაც თითოეული მიმართულებისათვის ერთი სამოძრაო ზოლია, შუაში ტრამვაის ლიანდაგების გარეშე"
    ]
  },
  {
    "id": 236,
    "correctAnswer": 2,
    "imageUrl": "assets/images/image.png",
    "correctVideo": "assets/videos/correct_19.mp4",
    "wrongVideo": "assets/videos/wrong_19.mp4",
    "previewVideo": "assets/videos/preview_19.mp4",
    "question": "დასახლებულ პუნქტებში წინა და უკანა საგაბარიტო სინათლეების ნაცვლად შეიძლება ჩართულ იქნეს პარკირების ნათურები იმ პირობით, რომ:",
    "answers": [
      "სატრანსპორტო საშუალების სიგრძე არ აღემატება 6 მეტრს, სიგანე - 2 მეტრს",
      "სატრანსპორტო საშუალებას არ გააჩნია მისაბმელი",
      "დაცულია ამ ბილეთში ჩამოთვლილი ყველა პირობა"
    ]
  },
  {
    "id": 237,
    "correctAnswer": 0,
    "imageUrl": "assets/images/image.png",
    "correctVideo": "assets/videos/correct_19.mp4",
    "wrongVideo": "assets/videos/wrong_19.mp4",
    "previewVideo": "assets/videos/preview_19.mp4",
    "question": "დაარღვევს თუ არა სატვირთო ავტომობილის მძღოლი საგზაო მოძრაობის წესებს, თუ იგი მუშა სამუხრუჭო სისტემის გაუმართაობისას სარემონტო ადგილამდე იმოძრავებს ჩართული საავარიო შუქსიგნალიზაციით?",
    "answers": [
      "დაარღვევს",
      "არ დაარღვევს"
    ]
  },
  {
    "id": 238,
    "correctAnswer": 1,
    "imageUrl": "assets/images/image.png",
    "correctVideo": "assets/videos/correct_19.mp4",
    "wrongVideo": "assets/videos/wrong_19.mp4",
    "previewVideo": "assets/videos/preview_19.mp4",
    "question": "დაარღვევს თუ არა სატვირთო ავტომობილის მძღოლი საგზაო მოძრაობის წესებს, თუ იგი საჭის მექანიზმის გაუმართაობისას სარემონტო ადგილამდე იმოძრავებს ჩართული საავარიო შუქსიგნალიზაციით?",
    "answers": [
      "არ დაარღვევს",
      "დაარღვევს"
    ]
  },
  {
    "id": 239,
    "correctAnswer": 0,
    "imageUrl": "assets/images/image.png",
    "correctVideo": "assets/videos/correct_19.mp4",
    "wrongVideo": "assets/videos/wrong_19.mp4",
    "previewVideo": "assets/videos/preview_19.mp4",
    "question": "დღე-ღამის ბნელ დროს ან არასაკმარისი ხილვადობის პირობებში აღმართის ბოლოსთან მიახლოებისას სატრანსპორტო საშუალების მძღოლმა შორი ნათების ფარები უნდა გამორთოს და ჩართოს ახლო ნათების ფარები:",
    "answers": [
      "ნებისმიერ შემთხვევაში, აღმართის ბოლოსთან მიახლოებისას",
      "მხოლოდ შემხვედრი სატრანსპორტო საშუალების გამოჩენისას"
    ]
  },
  {
    "id": 240,
    "correctAnswer": 2,
    "imageUrl": "assets/images/image.png",
    "correctVideo": "assets/videos/correct_19.mp4",
    "wrongVideo": "assets/videos/wrong_19.mp4",
    "previewVideo": "assets/videos/preview_19.mp4",
    "question": "სატრანსპორტო საშუალების რომელი გარე სანათი ხელსაწყოების ჩართვა უზრუნველყოფს გზის უკეთეს ხილვადობას დღე-ღამის ბნელ დროს, ძლიერი თოვის პირობებში?",
    "answers": [
      "შორი ნათების ფარები",
      "ნისლსაწინააღმდეგო ფარები შორი ნათების ფარებთან ერთად",
      "ნისლსაწინააღმდეგო ფარები ახლო ნათების ფარებთან ერთად"
    ]
  },
  {
    "id": 241,
    "correctAnswer": 3,
    "imageUrl": "assets/images/image.png",
    "correctVideo": "assets/videos/correct_19.mp4",
    "wrongVideo": "assets/videos/wrong_19.mp4",
    "previewVideo": "assets/videos/preview_19.mp4",
    "question": "ქვემოთ ჩამოთვლილ რომელ ადგილას არ არის ვალდებული მძღოლი მანევრის დაწყებამდე ჩართოს შესაბამისი მიმართულების მოხვევის შუქ-მაჩვენებელი?",
    "answers": [
      "საცხოვრებელ ზონაში",
      "მიმდებარე ტერიტორიაზე",
      "ეზოს ტერიტორიაზე",
      "ვალდებულია ამ ბილეთში ჩამოთვლილ ნებისმიერ ადგილას"
    ]
  },
  {
    "id": 242,
    "correctAnswer": 1,
    "imageUrl": "assets/images/image.png",
    "correctVideo": "assets/videos/correct_19.mp4",
    "wrongVideo": "assets/videos/wrong_19.mp4",
    "previewVideo": "assets/videos/preview_19.mp4",
    "question": "დაბინდებიდან გათენებამდე, ასევე ნებისმიერი სხვა არასაკმარისი ხილვადობის პირობებში, გზაზე გაჩერებისა ან დგომის დროს მექანიკური სატრანსპორტო საშუალებები და მათი მისაბმელები აღნიშნული უნდა იყვნენ:",
    "answers": [
      "შორი განათების ფარებით",
      "წინა და უკანა საგაბარიტო სინათლეებით",
      "ახლო განათების ფარებით",
      "წინა ნისლსაწინააღმდეგო ფარები"
    ]
  },
  {
    "id": 243,
    "correctAnswer": 2,
    "imageUrl": "assets/images/image.png",
    "correctVideo": "assets/videos/correct_19.mp4",
    "wrongVideo": "assets/videos/wrong_19.mp4",
    "previewVideo": "assets/videos/preview_19.mp4",
    "question": "მოძრავ მექანიკურ სატრანსპორტო საშუალებებზე დღე-ღამის ბნელ დროს ან არასაკმარისი ხილვადობის პირობებში ჩართული უნდა იყოს:",
    "answers": [
      "მხოლოდ ახლო ან შორი განათების ფარები",
      "მხოლოდ ნისლსაწინააღმდეგო ფარები",
      "ახლო ან შორი განათების ფარები და უკანა საგაბარიტო სინათლეები",
      "მხოლოდ წინა და უკანა საგაბარიტო სინათლეები"
    ]
  },
  {
    "id": 244,
    "correctAnswer": 1,
    "imageUrl": "assets/images/image.png",
    "correctVideo": "assets/videos/correct_19.mp4",
    "wrongVideo": "assets/videos/wrong_19.mp4",
    "previewVideo": "assets/videos/preview_19.mp4",
    "question": "არასაკმარისი ხილვადობის პირობებში ან ვიწრო მიხვეულ-მოხვეულ გზებზე მოძრაობისას, ნისლსაწინააღმდეგო ფარების ჩართვა ხორციელდება:",
    "answers": [
      "საავარიო შუქსიგნალიზაციასთან ერთად",
      "შორი ან ახლო განათების ფარებთან ერთად",
      "მხოლოდ წინა და უკანა საგაბარიტო სინათლეებთან ერთად"
    ]
  },
  {
    "id": 245,
    "correctAnswer": 3,
    "imageUrl": "assets/images/image.png",
    "correctVideo": "assets/videos/correct_19.mp4",
    "wrongVideo": "assets/videos/wrong_19.mp4",
    "previewVideo": "assets/videos/preview_19.mp4",
    "question": "წინა საგაბარიტო სინათლეებით აღჭურვილ მექანიკურ სატრანსპორტო საშუალებაზე და მოპედზე ასეთი სინათლეები უნდა ჩაირთოს:",
    "answers": [
      "მხოლოდ წინა ნისლსაწინააღმდეგო ფარებთან ერთად",
      "მხოლოდ შორი განათების ფარებთან ერთად",
      "მხოლოდ ახლო განათების ფარებთან ერთად",
      "შორი და ახლო განათების ფარებთან ან წინა ნისლსაწინააღმდეგო ფარებთან ერთად"
    ]
  },
  {
    "id": 246,
    "correctAnswer": 1,
    "imageUrl": "assets/images/image.png",
    "correctVideo": "assets/videos/correct_19.mp4",
    "wrongVideo": "assets/videos/wrong_19.mp4",
    "previewVideo": "assets/videos/preview_19.mp4",
    "question": "დღე-ღამის ბნელ დროს ან არასაკმარისი ხილვადობის პირობებში მოძრავი მექანიკური სატრანსპორტო საშუალების მისაბმელზე:",
    "answers": [
      "დამაგრებული უნდა იყოს მხოლოდ სპეციალური შუქამრეკლი მოწყობილობა",
      "ჩართული უნდა იყოს წინა საგაბარიტო სინათლეები (თუ მათ არსებობას ითვალისწინებს საქართველოს კანონმდებლობა) და არანაკლებ ორი უკანა საგაბარიტო სინათლე",
      "ჩართული უნდა იყოს მხოლოდ ერთი უკანა საგაბარიტო სინათლე"
    ]
  },
  {
    "id": 247,
    "correctAnswer": 0,
    "imageUrl": "assets/images/image.png",
    "correctVideo": "assets/videos/correct_19.mp4",
    "wrongVideo": "assets/videos/wrong_19.mp4",
    "previewVideo": "assets/videos/preview_19.mp4",
    "question": "თუ ავტომობილი აღჭურვილია წინა ნისლსაწინააღმდეგო ფარებით, ისინი უნდა იყოს:",
    "answers": [
      "თეთრი ან ყვითელი სელექციური სინათლის, რაოდენობით ორი",
      "წითელი ან ყვითელი სელექციური სინათლის, რაოდენობით ოთხი",
      "წითელი სელექციური სინათლის, რაოდენობით ერთი"
    ]
  },
  {
    "id": 248,
    "correctAnswer": 3,
    "imageUrl": "assets/images/image.png",
    "correctVideo": "assets/videos/correct_19.mp4",
    "wrongVideo": "assets/videos/wrong_19.mp4",
    "previewVideo": "assets/videos/preview_19.mp4",
    "question": "დღის ნათელ დროს გზაზე მოძრავი სატრანსპორტო საშუალების აღნიშვნის მიზნით სავალდებულოა ახლო განათების ფარებისა და უკანა საგაბარიტო სინათლეების ჩართვა:",
    "answers": [
      "მხოლოდ ავტობუსით ან სათანადოდ მოწყობილი სატვირთო ავტომობილის ძარით ბავშვთა ჯგუფის გადაყვანისას",
      "მხოლოდ მექანიკური სატრანსპორტო საშუალების ბუქსირებისას, მობუქსირე სატრანსპორტო საშუალებაზე",
      "მხოლოდ სამარშრუტო სატრანსპორტო საშუალებებზე სპეციალურად მათთვის გამოყოფილ ზოლზე, ძირითადი ნაკადის საპირისპიროდ მოძრაობისას",
      "ამ ბილეთში ჩამოთვლილ ყველა შემთხვევაში"
    ]
  },
  {
    "id": 249,
    "correctAnswer": 1,
    "imageUrl": "assets/images/image.png",
    "correctVideo": "assets/videos/correct_19.mp4",
    "wrongVideo": "assets/videos/wrong_19.mp4",
    "previewVideo": "assets/videos/preview_19.mp4",
    "question": "დღე-ღამის ბნელ დროს, დასახლებულ პუნქტში მოძრაობისას, თუ გზა საკმარისად არის განათებული:",
    "answers": [
      "უნდა ჩაირთოს საგაბარიტო სინათლეები",
      "უნდა ჩაირთოს ახლო განათების ფარები",
      "უნდა ჩაირთოს შორი განათების ფარები"
    ]
  },
  {
    "id": 250,
    "correctAnswer": 1,
    "imageUrl": "assets/images/image.png",
    "correctVideo": "assets/videos/correct_19.mp4",
    "wrongVideo": "assets/videos/wrong_19.mp4",
    "previewVideo": "assets/videos/preview_19.mp4",
    "question": "დასაშვებია თუ არა სატრანსპორტო საშუალებების წინ წითელი და უკან თეთრი სინათლეებით აღჭურვა:",
    "answers": [
      "დასაშვებია",
      "დაუშვებელია",
      "დასაშვებია, მხოლოდ სპეციალური სამსახურის სატრანსპორტო საშუალებებზე"
    ]
  },
  {
    "id": 251,
    "correctAnswer": 1,
    "imageUrl": "assets/images/image.png",
    "correctVideo": "assets/videos/correct_19.mp4",
    "wrongVideo": "assets/videos/wrong_19.mp4",
    "previewVideo": "assets/videos/preview_19.mp4",
    "question": "დასაშვებია თუ არა ერთსა და იმავე სატრანსპორტო საშუალებაზე ერთნაირი დანიშნულებისა და ერთსა და იმავე მხარეს მიმართული სხვადასხვა ფერის ფარების დაყენება?",
    "answers": [
      "დასაშვებია",
      "დაუშვებელია",
      "დასაშვებია მხოლოდ ოპერატიული სამსახურის ავტომობილზე"
    ]
  },
  {
    "id": 252,
    "correctAnswer": 1,
    "imageUrl": "assets/images/image.png",
    "correctVideo": "assets/videos/correct_19.mp4",
    "wrongVideo": "assets/videos/wrong_19.mp4",
    "previewVideo": "assets/videos/preview_19.mp4",
    "question": "ფარა-პროჟექტორით და ფარა-მაძიებლით სარგებლობა ნებადართულია:",
    "answers": [
      "დასახლებულ პუნქტში ცალხრივ მოძრაობიან გზის სავალ ნაწილზე",
      "მხოლოდ დაუსახლებელ პუნქტში, თუ არ არის საპირისპიროდ მოძრავი სატრანსპორტო საშუალება",
      "დასახლებულ პუნქტში იმ გზაზე, სადაც თითოეული მიმართულებისათვის ერთი სამოძრაო ზოლია, შუაში ტრამვაის ლიანდაგების გარეშე"
    ]
  },
  {
    "id": 253,
    "correctAnswer": 2,
    "imageUrl": "assets/images/image.png",
    "correctVideo": "assets/videos/correct_19.mp4",
    "wrongVideo": "assets/videos/wrong_19.mp4",
    "previewVideo": "assets/videos/preview_19.mp4",
    "question": "დასახლებულ პუნქტებში წინა და უკანა საგაბარიტო სინათლეების ნაცვლად შეიძლება ჩართულ იქნეს პარკირების ნათურები იმ პირობით, რომ:",
    "answers": [
      "სატრანსპორტო საშუალების სიგრძე არ აღემატება 6 მეტრს, სიგანე - 2 მეტრს",
      "სატრანსპორტო საშუალებას არ გააჩნია მისაბმელი",
      "დაცულია ამ ბილეთში ჩამოთვლილი ყველა პირობა"
    ]
  },
  {
    "id": 254,
    "correctAnswer": 0,
    "imageUrl": "assets/images/image.png",
    "correctVideo": "assets/videos/correct_19.mp4",
    "wrongVideo": "assets/videos/wrong_19.mp4",
    "previewVideo": "assets/videos/preview_19.mp4",
    "question": "დაარღვევს თუ არა სატვირთო ავტომობილის მძღოლი საგზაო მოძრაობის წესებს, თუ იგი მუშა სამუხრუჭო სისტემის გაუმართაობისას სარემონტო ადგილამდე იმოძრავებს ჩართული საავარიო შუქსიგნალიზაციით?",
    "answers": [
      "დაარღვევს",
      "არ დაარღვევს"
    ]
  },
  {
    "id": 255,
    "correctAnswer": 1,
    "imageUrl": "assets/images/image.png",
    "correctVideo": "assets/videos/correct_19.mp4",
    "wrongVideo": "assets/videos/wrong_19.mp4",
    "previewVideo": "assets/videos/preview_19.mp4",
    "question": "დაარღვევს თუ არა სატვირთო ავტომობილის მძღოლი საგზაო მოძრაობის წესებს, თუ იგი საჭის მექანიზმის გაუმართაობისას სარემონტო ადგილამდე იმოძრავებს ჩართული საავარიო შუქსიგნალიზაციით?",
    "answers": [
      "არ დაარღვევს",
      "დაარღვევს"
    ]
  },
  {
    "id": 256,
    "correctAnswer": 0,
    "imageUrl": "assets/images/image.png",
    "correctVideo": "assets/videos/correct_19.mp4",
    "wrongVideo": "assets/videos/wrong_19.mp4",
    "previewVideo": "assets/videos/preview_19.mp4",
    "question": "დღე-ღამის ბნელ დროს ან არასაკმარისი ხილვადობის პირობებში აღმართის ბოლოსთან მიახლოებისას სატრანსპორტო საშუალების მძღოლმა შორი ნათების ფარები უნდა გამორთოს და ჩართოს ახლო ნათების ფარები:",
    "answers": [
      "ნებისმიერ შემთხვევაში, აღმართის ბოლოსთან მიახლოებისას",
      "მხოლოდ შემხვედრი სატრანსპორტო საშუალების გამოჩენისას"
    ]
  },
  {
    "id": 257,
    "correctAnswer": 2,
    "imageUrl": "assets/images/image.png",
    "correctVideo": "assets/videos/correct_19.mp4",
    "wrongVideo": "assets/videos/wrong_19.mp4",
    "previewVideo": "assets/videos/preview_19.mp4",
    "question": "სატრანსპორტო საშუალების რომელი გარე სანათი ხელსაწყოების ჩართვა უზრუნველყოფს გზის უკეთეს ხილვადობას დღე-ღამის ბნელ დროს, ძლიერი თოვის პირობებში?",
    "answers": [
      "შორი ნათების ფარები",
      "ნისლსაწინააღმდეგო ფარები შორი ნათების ფარებთან ერთად",
      "ნისლსაწინააღმდეგო ფარები ახლო ნათების ფარებთან ერთად"
    ]
  },
  {
    "id": 258,
    "correctAnswer": 3,
    "imageUrl": "assets/images/image.png",
    "correctVideo": "assets/videos/correct_19.mp4",
    "wrongVideo": "assets/videos/wrong_19.mp4",
    "previewVideo": "assets/videos/preview_19.mp4",
    "question": "ქვემოთ ჩამოთვლილ რომელ ადგილას არ არის ვალდებული მძღოლი მანევრის დაწყებამდე ჩართოს შესაბამისი მიმართულების მოხვევის შუქ-მაჩვენებელი?",
    "answers": [
      "საცხოვრებელ ზონაში",
      "მიმდებარე ტერიტორიაზე",
      "ეზოს ტერიტორიაზე",
      "ვალდებულია ამ ბილეთში ჩამოთვლილ ნებისმიერ ადგილას"
    ]
  },
  {
    "id": 259,
    "correctAnswer": 1,
    "imageUrl": "assets/images/image.png",
    "correctVideo": "assets/videos/correct_19.mp4",
    "wrongVideo": "assets/videos/wrong_19.mp4",
    "previewVideo": "assets/videos/preview_19.mp4",
    "question": "დაბინდებიდან გათენებამდე, ასევე ნებისმიერი სხვა არასაკმარისი ხილვადობის პირობებში, გზაზე გაჩერებისა ან დგომის დროს მექანიკური სატრანსპორტო საშუალებები და მათი მისაბმელები აღნიშნული უნდა იყვნენ:",
    "answers": [
      "შორი განათების ფარებით",
      "წინა და უკანა საგაბარიტო სინათლეებით",
      "ახლო განათების ფარებით",
      "წინა ნისლსაწინააღმდეგო ფარები"
    ]
  },
  {
    "id": 260,
    "correctAnswer": 2,
    "imageUrl": "assets/images/image.png",
    "correctVideo": "assets/videos/correct_19.mp4",
    "wrongVideo": "assets/videos/wrong_19.mp4",
    "previewVideo": "assets/videos/preview_19.mp4",
    "question": "მოძრავ მექანიკურ სატრანსპორტო საშუალებებზე დღე-ღამის ბნელ დროს ან არასაკმარისი ხილვადობის პირობებში ჩართული უნდა იყოს:",
    "answers": [
      "მხოლოდ ახლო ან შორი განათების ფარები",
      "მხოლოდ ნისლსაწინააღმდეგო ფარები",
      "ახლო ან შორი განათების ფარები და უკანა საგაბარიტო სინათლეები",
      "მხოლოდ წინა და უკანა საგაბარიტო სინათლეები"
    ]
  },
  {
    "id": 261,
    "correctAnswer": 1,
    "imageUrl": "assets/images/image.png",
    "correctVideo": "assets/videos/correct_19.mp4",
    "wrongVideo": "assets/videos/wrong_19.mp4",
    "previewVideo": "assets/videos/preview_19.mp4",
    "question": "არასაკმარისი ხილვადობის პირობებში ან ვიწრო მიხვეულ-მოხვეულ გზებზე მოძრაობისას, ნისლსაწინააღმდეგო ფარების ჩართვა ხორციელდება:",
    "answers": [
      "საავარიო შუქსიგნალიზაციასთან ერთად",
      "შორი ან ახლო განათების ფარებთან ერთად",
      "მხოლოდ წინა და უკანა საგაბარიტო სინათლეებთან ერთად"
    ]
  },
  {
    "id": 262,
    "correctAnswer": 3,
    "imageUrl": "assets/images/image.png",
    "correctVideo": "assets/videos/correct_19.mp4",
    "wrongVideo": "assets/videos/wrong_19.mp4",
    "previewVideo": "assets/videos/preview_19.mp4",
    "question": "წინა საგაბარიტო სინათლეებით აღჭურვილ მექანიკურ სატრანსპორტო საშუალებაზე და მოპედზე ასეთი სინათლეები უნდა ჩაირთოს:",
    "answers": [
      "მხოლოდ წინა ნისლსაწინააღმდეგო ფარებთან ერთად",
      "მხოლოდ შორი განათების ფარებთან ერთად",
      "მხოლოდ ახლო განათების ფარებთან ერთად",
      "შორი და ახლო განათების ფარებთან ან წინა ნისლსაწინააღმდეგო ფარებთან ერთად"
    ]
  },
  {
    "id": 263,
    "correctAnswer": 1,
    "imageUrl": "assets/images/image.png",
    "correctVideo": "assets/videos/correct_19.mp4",
    "wrongVideo": "assets/videos/wrong_19.mp4",
    "previewVideo": "assets/videos/preview_19.mp4",
    "question": "დღე-ღამის ბნელ დროს ან არასაკმარისი ხილვადობის პირობებში მოძრავი მექანიკური სატრანსპორტო საშუალების მისაბმელზე:",
    "answers": [
      "დამაგრებული უნდა იყოს მხოლოდ სპეციალური შუქამრეკლი მოწყობილობა",
      "ჩართული უნდა იყოს წინა საგაბარიტო სინათლეები (თუ მათ არსებობას ითვალისწინებს საქართველოს კანონმდებლობა) და არანაკლებ ორი უკანა საგაბარიტო სინათლე",
      "ჩართული უნდა იყოს მხოლოდ ერთი უკანა საგაბარიტო სინათლე"
    ]
  },
  {
    "id": 264,
    "correctAnswer": 0,
    "imageUrl": "assets/images/image.png",
    "correctVideo": "assets/videos/correct_19.mp4",
    "wrongVideo": "assets/videos/wrong_19.mp4",
    "previewVideo": "assets/videos/preview_19.mp4",
    "question": "თუ ავტომობილი აღჭურვილია წინა ნისლსაწინააღმდეგო ფარებით, ისინი უნდა იყოს:",
    "answers": [
      "თეთრი ან ყვითელი სელექციური სინათლის, რაოდენობით ორი",
      "წითელი ან ყვითელი სელექციური სინათლის, რაოდენობით ოთხი",
      "წითელი სელექციური სინათლის, რაოდენობით ერთი"
    ]
  },
  {
    "id": 265,
    "correctAnswer": 3,
    "imageUrl": "assets/images/image.png",
    "correctVideo": "assets/videos/correct_19.mp4",
    "wrongVideo": "assets/videos/wrong_19.mp4",
    "previewVideo": "assets/videos/preview_19.mp4",
    "question": "დღის ნათელ დროს გზაზე მოძრავი სატრანსპორტო საშუალების აღნიშვნის მიზნით სავალდებულოა ახლო განათების ფარებისა და უკანა საგაბარიტო სინათლეების ჩართვა:",
    "answers": [
      "მხოლოდ ავტობუსით ან სათანადოდ მოწყობილი სატვირთო ავტომობილის ძარით ბავშვთა ჯგუფის გადაყვანისას",
      "მხოლოდ მექანიკური სატრანსპორტო საშუალების ბუქსირებისას, მობუქსირე სატრანსპორტო საშუალებაზე",
      "მხოლოდ სამარშრუტო სატრანსპორტო საშუალებებზე სპეციალურად მათთვის გამოყოფილ ზოლზე, ძირითადი ნაკადის საპირისპიროდ მოძრაობისას",
      "ამ ბილეთში ჩამოთვლილ ყველა შემთხვევაში"
    ]
  },
  {
    "id": 266,
    "correctAnswer": 1,
    "imageUrl": "assets/images/image.png",
    "correctVideo": "assets/videos/correct_19.mp4",
    "wrongVideo": "assets/videos/wrong_19.mp4",
    "previewVideo": "assets/videos/preview_19.mp4",
    "question": "დღე-ღამის ბნელ დროს, დასახლებულ პუნქტში მოძრაობისას, თუ გზა საკმარისად არის განათებული:",
    "answers": [
      "უნდა ჩაირთოს საგაბარიტო სინათლეები",
      "უნდა ჩაირთოს ახლო განათების ფარები",
      "უნდა ჩაირთოს შორი განათების ფარები"
    ]
  },
  {
    "id": 267,
    "correctAnswer": 1,
    "imageUrl": "assets/images/image.png",
    "correctVideo": "assets/videos/correct_19.mp4",
    "wrongVideo": "assets/videos/wrong_19.mp4",
    "previewVideo": "assets/videos/preview_19.mp4",
    "question": "დასაშვებია თუ არა სატრანსპორტო საშუალებების წინ წითელი და უკან თეთრი სინათლეებით აღჭურვა:",
    "answers": [
      "დასაშვებია",
      "დაუშვებელია",
      "დასაშვებია, მხოლოდ სპეციალური სამსახურის სატრანსპორტო საშუალებებზე"
    ]
  },
  {
    "id": 268,
    "correctAnswer": 1,
    "imageUrl": "assets/images/image.png",
    "correctVideo": "assets/videos/correct_19.mp4",
    "wrongVideo": "assets/videos/wrong_19.mp4",
    "previewVideo": "assets/videos/preview_19.mp4",
    "question": "დასაშვებია თუ არა ერთსა და იმავე სატრანსპორტო საშუალებაზე ერთნაირი დანიშნულებისა და ერთსა და იმავე მხარეს მიმართული სხვადასხვა ფერის ფარების დაყენება?",
    "answers": [
      "დასაშვებია",
      "დაუშვებელია",
      "დასაშვებია მხოლოდ ოპერატიული სამსახურის ავტომობილზე"
    ]
  },
  {
    "id": 269,
    "correctAnswer": 1,
    "imageUrl": "assets/images/image.png",
    "correctVideo": "assets/videos/correct_19.mp4",
    "wrongVideo": "assets/videos/wrong_19.mp4",
    "previewVideo": "assets/videos/preview_19.mp4",
    "question": "ფარა-პროჟექტორით და ფარა-მაძიებლით სარგებლობა ნებადართულია:",
    "answers": [
      "დასახლებულ პუნქტში ცალხრივ მოძრაობიან გზის სავალ ნაწილზე",
      "მხოლოდ დაუსახლებელ პუნქტში, თუ არ არის საპირისპიროდ მოძრავი სატრანსპორტო საშუალება",
      "დასახლებულ პუნქტში იმ გზაზე, სადაც თითოეული მიმართულებისათვის ერთი სამოძრაო ზოლია, შუაში ტრამვაის ლიანდაგების გარეშე"
    ]
  },
  {
    "id": 270,
    "correctAnswer": 2,
    "imageUrl": "assets/images/image.png",
    "correctVideo": "assets/videos/correct_19.mp4",
    "wrongVideo": "assets/videos/wrong_19.mp4",
    "previewVideo": "assets/videos/preview_19.mp4",
    "question": "დასახლებულ პუნქტებში წინა და უკანა საგაბარიტო სინათლეების ნაცვლად შეიძლება ჩართულ იქნეს პარკირების ნათურები იმ პირობით, რომ:",
    "answers": [
      "სატრანსპორტო საშუალების სიგრძე არ აღემატება 6 მეტრს, სიგანე - 2 მეტრს",
      "სატრანსპორტო საშუალებას არ გააჩნია მისაბმელი",
      "დაცულია ამ ბილეთში ჩამოთვლილი ყველა პირობა"
    ]
  },
  {
    "id": 271,
    "correctAnswer": 0,
    "imageUrl": "assets/images/image.png",
    "correctVideo": "assets/videos/correct_19.mp4",
    "wrongVideo": "assets/videos/wrong_19.mp4",
    "previewVideo": "assets/videos/preview_19.mp4",
    "question": "დაარღვევს თუ არა სატვირთო ავტომობილის მძღოლი საგზაო მოძრაობის წესებს, თუ იგი მუშა სამუხრუჭო სისტემის გაუმართაობისას სარემონტო ადგილამდე იმოძრავებს ჩართული საავარიო შუქსიგნალიზაციით?",
    "answers": [
      "დაარღვევს",
      "არ დაარღვევს"
    ]
  },
  {
    "id": 272,
    "correctAnswer": 1,
    "imageUrl": "assets/images/image.png",
    "correctVideo": "assets/videos/correct_19.mp4",
    "wrongVideo": "assets/videos/wrong_19.mp4",
    "previewVideo": "assets/videos/preview_19.mp4",
    "question": "დაარღვევს თუ არა სატვირთო ავტომობილის მძღოლი საგზაო მოძრაობის წესებს, თუ იგი საჭის მექანიზმის გაუმართაობისას სარემონტო ადგილამდე იმოძრავებს ჩართული საავარიო შუქსიგნალიზაციით?",
    "answers": [
      "არ დაარღვევს",
      "დაარღვევს"
    ]
  },
  {
    "id": 273,
    "correctAnswer": 0,
    "imageUrl": "assets/images/image.png",
    "correctVideo": "assets/videos/correct_19.mp4",
    "wrongVideo": "assets/videos/wrong_19.mp4",
    "previewVideo": "assets/videos/preview_19.mp4",
    "question": "დღე-ღამის ბნელ დროს ან არასაკმარისი ხილვადობის პირობებში აღმართის ბოლოსთან მიახლოებისას სატრანსპორტო საშუალების მძღოლმა შორი ნათების ფარები უნდა გამორთოს და ჩართოს ახლო ნათების ფარები:",
    "answers": [
      "ნებისმიერ შემთხვევაში, აღმართის ბოლოსთან მიახლოებისას",
      "მხოლოდ შემხვედრი სატრანსპორტო საშუალების გამოჩენისას"
    ]
  },
  {
    "id": 274,
    "correctAnswer": 2,
    "imageUrl": "assets/images/image.png",
    "correctVideo": "assets/videos/correct_19.mp4",
    "wrongVideo": "assets/videos/wrong_19.mp4",
    "previewVideo": "assets/videos/preview_19.mp4",
    "question": "სატრანსპორტო საშუალების რომელი გარე სანათი ხელსაწყოების ჩართვა უზრუნველყოფს გზის უკეთეს ხილვადობას დღე-ღამის ბნელ დროს, ძლიერი თოვის პირობებში?",
    "answers": [
      "შორი ნათების ფარები",
      "ნისლსაწინააღმდეგო ფარები შორი ნათების ფარებთან ერთად",
      "ნისლსაწინააღმდეგო ფარები ახლო ნათების ფარებთან ერთად"
    ]
  },
  {
    "id": 275,
    "correctAnswer": 3,
    "imageUrl": "assets/images/image.png",
    "correctVideo": "assets/videos/correct_19.mp4",
    "wrongVideo": "assets/videos/wrong_19.mp4",
    "previewVideo": "assets/videos/preview_19.mp4",
    "question": "ქვემოთ ჩამოთვლილ რომელ ადგილას არ არის ვალდებული მძღოლი მანევრის დაწყებამდე ჩართოს შესაბამისი მიმართულების მოხვევის შუქ-მაჩვენებელი?",
    "answers": [
      "საცხოვრებელ ზონაში",
      "მიმდებარე ტერიტორიაზე",
      "ეზოს ტერიტორიაზე",
      "ვალდებულია ამ ბილეთში ჩამოთვლილ ნებისმიერ ადგილას"
    ]
  },
  {
    "id": 276,
    "correctAnswer": 1,
    "imageUrl": "assets/images/image.png",
    "correctVideo": "assets/videos/correct_19.mp4",
    "wrongVideo": "assets/videos/wrong_19.mp4",
    "previewVideo": "assets/videos/preview_19.mp4",
    "question": "დაბინდებიდან გათენებამდე, ასევე ნებისმიერი სხვა არასაკმარისი ხილვადობის პირობებში, გზაზე გაჩერებისა ან დგომის დროს მექანიკური სატრანსპორტო საშუალებები და მათი მისაბმელები აღნიშნული უნდა იყვნენ:",
    "answers": [
      "შორი განათების ფარებით",
      "წინა და უკანა საგაბარიტო სინათლეებით",
      "ახლო განათების ფარებით",
      "წინა ნისლსაწინააღმდეგო ფარები"
    ]
  },
  {
    "id": 277,
    "correctAnswer": 2,
    "imageUrl": "assets/images/image.png",
    "correctVideo": "assets/videos/correct_19.mp4",
    "wrongVideo": "assets/videos/wrong_19.mp4",
    "previewVideo": "assets/videos/preview_19.mp4",
    "question": "მოძრავ მექანიკურ სატრანსპორტო საშუალებებზე დღე-ღამის ბნელ დროს ან არასაკმარისი ხილვადობის პირობებში ჩართული უნდა იყოს:",
    "answers": [
      "მხოლოდ ახლო ან შორი განათების ფარები",
      "მხოლოდ ნისლსაწინააღმდეგო ფარები",
      "ახლო ან შორი განათების ფარები და უკანა საგაბარიტო სინათლეები",
      "მხოლოდ წინა და უკანა საგაბარიტო სინათლეები"
    ]
  },
  {
    "id": 278,
    "correctAnswer": 1,
    "imageUrl": "assets/images/image.png",
    "correctVideo": "assets/videos/correct_19.mp4",
    "wrongVideo": "assets/videos/wrong_19.mp4",
    "previewVideo": "assets/videos/preview_19.mp4",
    "answers": [
      "სატვირთო განყოფილების სიგრძე უნდა გავამრავლოთ მის სიგანეზე და სიმაღლეზე",
      "სატვირთო განყოფილების სიგრძე უნდა გავამრავლოთ მის სიგანეზე და სიმაღლის ნახევარზე",
      "სატვირთო ნაწილის სიმაღლე უნდა გავამრავლოთ მის ორმაგ სიგანეზე",
      "მისი გამოთვლა შეუძლებელია"
    ]
  }
]