[
  {
    "id": 406,
    "correctAnswer": 0,
    "imageUrl": "assets/images/image.png",
    "question": "აღნიშნავს გზას, რომელზედაც მოძრავ მძღოლს ენიჭება არარეგულირებული გზაჯვარედინის გავლის უპირატესობა",
    "answers": [
      "1\nაღნიშნავს გზას, რომელზედაც მოძრავ მძღოლს ენიჭება არარეგულირებული გზაჯვარედინის გავლის უპირატესობა",
      "2\nკრძალავს სახიფათო ტვირთის გადამზიდი ავტომობილების მოძრაობას",
      "3\nაღნიშნავს გზას, რომელზედაც მოძრავი მძღოლი ვალდებულია გზა დაუთმოს გადასაკვეთ გზაზე მოძრავ სატრანსპორტო საშუალებას"
    ]
  },
  {
    "id": 407,
    "correctAnswer": 2,
    "imageUrl": "assets/images/image.png",
    "question": "მოცემული საგზაო ნიშნებიდან რომელი აღნიშნავს გზის იმ მონაკვეთის ბოლოს, საიდანაც ის კარგავს მთავარი გზის სტატუსს?",
    "answers": [
      "1\nIII",
      "2\nIV",
      "3\nI",
      "4\nII"
    ]
  },
  {
    "id": 408,
    "correctAnswer": 0,
    "imageUrl": "assets/images/image.png",
    "question": "მოცემული საგზაო ნიშანი აღნიშნავს:",
    "answers": [
      "1\nგზას, რომელზედაც მოძრავ მძღოლს ენიჭება არარეგულირებული გზაჯვარედინის გავლის უპირატესობა",
      "2\nგზის ვიწრო მონაკვეთს, რომელზედაც მოძრავ მძღოლს ენიჭება, უპირატესობა საპირისპირო მიმართულებით მოძრავ სატრანსპორტო საშუალებასთან შედარებით",
      "3\nგზის იმ მონაკვეთის ბოლოს, საიდანაც ის კარგავს მთავარი გზის სტატუსს"
    ]
  },
  {
    "id": 409,
    "correctAnswer": 1,
    "imageUrl": "assets/images/image.png",
    "question": "მოცემული საგზაო ნიშნებიდან რომელი აღნიშნავს ისეთ გზასთან გადაკვეთას, რომელზე მოძრავ მძღოლსაც აქვს გზის დათმობის ვალდებულება?",
    "answers": [
      "1\nIV",
      "2\nIII",
      "3\nII",
      "4\nI"
    ]
  },
  {
    "id": 410,
    "correctAnswer": 1,
    "imageUrl": "assets/images/image.png",
    "question": "მოცემული საგზაო ნიშნებიდან რომელი აღნიშნავს ისეთ გზასთან შეერთებას, რომელზე მოძრავ მძღოლსაც აქვს გზის დათმობის ვალდებულება?",
    "answers": [
      "1\nმხოლოდ II და IV",
      "2\nმხოლოდ I და III",
      "3\nმხოლოდ II",
      "4\nმხოლოდ III"
    ]
  },
  {
    "id": 411,
    "correctAnswer": 0,
    "imageUrl": "assets/images/image.png",
    "question": "მოცემული საგზაო ნიშნებიდან რომელი აღნიშნავს ისეთ გზასთან შეერთებას, რომელზე მოძრავ მძღოლსაც აქვს გზის დათმობის ვალდებულება?",
    "answers": [
      "1\nმხოლოდ II და III",
      "2\nმხოლოდ I და IV",
      "3\nყველა",
      "4\nარცერთი"
    ]
  },
  {
    "id": 412,
    "correctAnswer": 3,
    "imageUrl": "assets/images/image.png",
    "question": "მოცემული საგზაო ნიშნებიდან რომელი ავალდებულებს მძღოლს გზა დაუთმოს გადასაკვეთ გზაზე მოძრავ სატრანსპორტო საშუალების მძღოლს?",
    "answers": [
      "1\nII",
      "2\nI",
      "3\nIV",
      "4\nIII"
    ]
  },
  {
    "id": 413,
    "correctAnswer": 2,
    "imageUrl": "assets/images/image.png",
    "question": "მოცემული საგზაო ნიშანი:",
    "answers": [
      "1\nუკრძლავს მძღოლს გზის ვიწრო მონაკვეთზე შესვლას",
      "2\nკრძალავს ყველა სახის სატრანსპორტო საშუალების მოძრაობას",
      "3\nავალდებულებს მძღოლს გზა დაუთმოს გადასაკვეთ გზაზე მოძრავ სატრანსპორტო საშუალების მძღოლებს"
    ]
  },
  {
    "id": 414,
    "correctAnswer": 3,
    "imageUrl": "assets/images/image.png",
    "question": "მოცემული საგზაო ნიშნებიდან რომელი უკრძალავს მძღოლს „სდექ“ ხაზის წინ გაუჩერებალად მოძრაობის გაგრძელებას?",
    "answers": [
      "1\nIII",
      "2\nIV",
      "3\nI",
      "4\nII"
    ]
  },
  {
    "id": 415,
    "correctAnswer": 2,
    "imageUrl": "assets/images/image.png",
    "question": "მოცემული საგზაო ნიშანი:",
    "answers": [
      "1\nკრძალავს ყველა სატრანსპორტო საშუალებით შესვლას მოცემული მიმართულებით",
      "2\nკრძალავს ნებისმიერი სახის სატრანსპორტო საშუალებით მოძრაობას",
      "3\nუკრძალავს მძღოლს მოძრაობის გაგრძელებას გაუჩერებალად, აგრეთვე ავალდებულებს მას გზა დაუთმოს გადასაკვეთ გზაზე მოძრავ სატრანსპორტო საშუალების მძღოლებს"
    ]
  },
  {
    "id": 416,
    "correctAnswer": 1,
    "imageUrl": "assets/images/image.png",
    "question": "მოცემული საგზაო ნიშნებიდან რომელი უკრძალავს მძღოლს გზის ვიწრო მონაკვეთზე შესვლას, თუ ეს აძნელებს საპირისპირო მიმართულებით მოძრაობას?",
    "answers": [
      "1\nIV",
      "2\nIII",
      "3\nII",
      "4\nI"
    ]
  },
  {
    "id": 417,
    "correctAnswer": 2,
    "imageUrl": "assets/images/image.png",
    "question": "მოცემული საგზაო ნიშანი:",
    "answers": [
      "1\nაღნიშნავს გზის მონაკვეთის დასაწყისს, სადაც ერთ ან რამდენიმე ზოლზე მოძრაობის მიმართულება შეიძლება შეიცვალოს საპირისპიროდ",
      "2\nმიუთითებს გზას, რომელზედაც ტრანსპორტით მოძრაობა ერთი მიმართულებით ხორციელდება",
      "3\nუკრძალავს მძღოლს გზის ვიწრო მონაკვეთზე შესვლას, თუ ეს აძნელებს საპირისპირო მიმართულებით მოძრაობას"
    ]
  },
  {
    "id": 418,
    "correctAnswer": 3,
    "imageUrl": "assets/images/image.png",
    "question": "მოცემული საგზაო ნიშნებიდან რომელი ანიჭებს მძღოლს უპირატესობას საპირისპირო მიმართულებით მოძრავ სატრანსპორტო საშუალებასთან შედარებით, გზის ვიწრო მონაკვეთზე მოძრაობისას?",
    "answers": [
      "1\nII",
      "2\nI",
      "3\nIV",
      "4\nIII"
    ]
  },
  {
    "id": 419,
    "correctAnswer": 0,
    "imageUrl": "assets/images/image.png",
    "question": "მოცემული საგზაო ნიშანი:",
    "answers": [
      "1\nანიჭებს მძღოლს უპირატესობას საპირისპირო მიმართულებით მოძრავ სატრანსპორტო საშუალებასთან შედარებით, გზის ვიწრო მონაკვეთზე მოძრაობისას",
      "2\nავალდებულებს მძღოლს გზა დაუთმოს გადასაკვეთ გზაზე მოძრავ სატრანსპორტო საშუალებას",
      "3\nუკრძალავს მძღოლს გზის ვიწრო მონაკვეთზე შესვლას, თუ ეს აძნელებს საპირისპირო მოძრაობას"
    ]
  },
  {
    "id": 420,
    "correctAnswer": 1,
    "imageUrl": "assets/images/image.png",
    "question": "მოცემული საგზაო ნიშნებიდან რომლის მოქმედების ზონაში ენიჭება მძღოლს არარეგულირებული გზაჯვარედინის გავლის უპირატესობა?",
    "answers": [
      "1\nმხოლოდ II და IV",
      "2\nმხოლოდ I და III",
      "3\nარცერთის",
      "4\nყველას"
    ]
  },
  {
    "id": 421,
    "correctAnswer": 1,
    "imageUrl": "assets/images/image.png",
    "question": "მოცემული საგზაო ნიშნებიდან რომელი იდგმება უშუალოდ გზის ვიწრო უბნის წინ?",
    "answers": [
      "1\nII და III",
      "2\nI და IV",
      "3\nI",
      "4\nI და II"
    ]
  },
  {
    "id": 422,
    "correctAnswer": 2,
    "imageUrl": "assets/images/image.png",
    "question": "თუ სხვა აუცილებლობა არ არსებობს, მოცემული საგზაო ნიშნები დაუსახლებელ პუნქტში იდგმება სახიფათო მონაკვეთის დასაწყისამდე:",
    "answers": [
      "1\n50-100 მეტრის მანძილზე",
      "2\n100-150 მეტრის მანძილზე",
      "3\n150-300 მეტრის მანძილზე",
      "4\n300-400 მეტრის მანძილზე"
    ]
  },
  {
    "id": 423,
    "correctAnswer": 0,
    "imageUrl": "assets/images/image.png",
    "question": "თუ სხვა აუცილებლობა არ არსებობს, მოცემული საგზაო ნიშნები დასახლებულ პუნქტში იდგმება სახიფათო მონაკვეთის დასაწყისამდე:",
    "answers": [
      "1\n50-100 მეტრის მანძილზე",
      "2\n100-150 მეტრის მანძილზე",
      "3\n150-300 მეტრის მანძილზე"
    ]
  },
  {
    "id": 424,
    "correctAnswer": 1,
    "imageUrl": "assets/images/image.png",
    "question": "საერთაშორისო ნორმებისა და წესების შესაბამისად სახიფათო ტვირთი საშიშროების ტიპის მიხედვით იყოფა:",
    "answers": [
      "1\n7 კლასად",
      "2\n9 კლასად",
      "3\n11 კლასად"
    ]
  },
  {
    "id": 425,
    "correctAnswer": 2,
    "imageUrl": "assets/images/image.png",
    "question": "ავტოსატრანსპორტო საშუალებაზე, რომლითაც გადაიზიდება სახიფათო ტვირთი, სამართავად დაიშვებიან მძღოლები მუშაობის არანაკლებ:",
    "answers": [
      "1\n1 წლის სტაჟით",
      "2\n2 წლის სტაჟით",
      "3\n3 წლის სტაჟით"
    ]
  },
  {
    "id": 426,
    "correctAnswer": 3,
    "imageUrl": "assets/images/image.png",
    "correctVideo": "assets/videos/correct_19.mp4",
    "wrongVideo": "assets/videos/wrong_19.mp4",
    "previewVideo": "assets/videos/preview_19.mp4",
    "question": "სახიფათო ტვირთის გადაზიდვისას საგზაო-სატრანსპორტო ან/და საგანგებო შემთხვევებში მძღოლი ვალდებულია იმოქმედოს:",
    "answers": [
      "1\nმხოლოდ კონკრეტული სახის სახიფათო ტვირთის გადაზიდვაზე არსებული წესის შესაბამისად",
      "2\nმხოლოდ კონკრეტული სახის სახიფათო ტვირთის ტექნიკური პირობების შესაბამისად",
      "3\nმხოლოდ ტვირთის გამგზავნის მიერ გაცემული წერილობითი ინსტრუქციის შესაბამისად",
      "4\nროგორც კონკრეტული სახის სახიფათო ტვირთის გადაზიდვაზე არსებული წესის, ასევე ტექნიკური პირობებისა და ტვირთის გამგზავნის მიერ გაცემული წერილობითი ინსტრუქციის შესაბამისად"
    ]
  },
  {
    "id": 427,
    "correctAnswer": 3,
    "imageUrl": "assets/images/image.png",
    "correctVideo": "assets/videos/correct_19.mp4",
    "wrongVideo": "assets/videos/wrong_19.mp4",
    "previewVideo": "assets/videos/preview_19.mp4",
    "question": "სახიფათო ტვირთის გადაზიდვისას მძღოლს ეკრძალება:",
    "answers": [
      "1\nმხოლოდ ავტოსატრანსპორტო საშუალების მკვეთრი დაძვრა და დამუხრუჭება",
      "2\nმხოლოდ იმ ავტოსატრანსპორტო საშუალების გასწრება, რომელიც მოძრაობს 30 კმ/სთ-ზე მეტი სიჩქარით",
      "3\nმხოლოდ გამორთული ძრავით ან/და გადაბმულობით მოძრაობა",
      "4\nავტოსატრანსპორტო საშუალების მკვეთრი დაძვრა და დამუხრუჭება, ასევე იმ ავტოსატრანსპორტო საშუალების გასწრება, რომელიც მოძრაობს 30 კმ/სთ-ზე მეტი სიჩქარით და გამორთული ძრავით ან/და გადაბმულობით მოძრაობა"
    ]
  },
  {
    "id": 428,
    "correctAnswer": 1,
    "imageUrl": "assets/images/image.png",
    "correctVideo": "assets/videos/correct_19.mp4",
    "wrongVideo": "assets/videos/wrong_19.mp4",
    "previewVideo": "assets/videos/preview_19.mp4",
    "question": "დასაშვებია თუ არა სახიფათო ტვირთის გადაზიდვის დროს აირზე მომუშავე ავტოსატრანსპორტო საშუალების გამოყენება?",
    "answers": [
      "1\nდასაშვებია",
      "2\nარ არის დასაშვები"
    ]
  },
  {
    "id": 429,
    "correctAnswer": 0,
    "imageUrl": "assets/images/image.png",
    "correctVideo": "assets/videos/correct_19.mp4",
    "wrongVideo": "assets/videos/wrong_19.mp4",
    "previewVideo": "assets/videos/preview_19.mp4",
    "question": "დასაშვებია თუ არა სახიფათო ტვირთის გადაზიდვის დროს ავტოსატრანსპორტო საშუალებაზე ერთზე მეტი მისაბმელის ან ნახევარმისაბმელის ჩაბმა?",
    "answers": [
      "1\nარ არის დასაშვები",
      "2\nდასაშვებია"
    ]
  }
]