[
  {
    "id": 521,
    "question": "თუ საგზაო ნიშნებისა და საგზაო მონიშვნების მოთხოვნები ერთმანეთს ეწინააღმდეგება, მძღოლი ვალდებულია შეასრულოს:",
    "answers": [
      "საგზაო ნიშნების მოთხოვნები",
      "საგზაო მონიშვნის მოთხოვნები"
    ],
    "correctAnswer": 0,
    "imageUrl": "assets/images/image.png",
    "correctVideo": "assets/videos/correct_977.mp4",
    "wrongVideo": "assets/videos/wrong_977.mp4",
    "previewVideo": "assets/videos/preview_977.mp4"
  },
  {
    "id": 522,
    "question": "თუ სატრანსპორტო საშუალებათა მოძრაობა არ რეგულირდება არც საგზაო შუქნიშნით და არც მარეგულირებლის მეშვეობით, მძღოლმა ქვეითთა გადასასვლელთან მიახლოებისას:",
    "answers": [
      "უნდა მისცეს ხმოვანი სიგნალი და გაიაროს ქვეითთა გადასავლელი შეუჩერებლად",
      "როგორც ქვეითების მიმართ უპირატესობის მქონემ, უფლება აქვს გაიაროს ქვეითთა გადასასვლელი ნებისმიერი სიჩქარით",
      "სათანადოდ უნდა შეამციროს სიჩქარე, რათა საფრთხე არ შეუქმნას ამ გადასასვლელზე შესულ ან შემავალ ქვეითებს, ხოლო საჭიროების შემთხვევაში უნდა გაჩერდეს და გაატაროს ქვეითები"
    ],
    "correctAnswer": 2,
    "imageUrl": "assets/images/image.png",
    "correctVideo": "assets/videos/correct_977.mp4",
    "wrongVideo": "assets/videos/wrong_977.mp4",
    "previewVideo": "assets/videos/preview_977.mp4"
  },
  {
    "id": 523,
    "question": "მძღოლებმა, რომლებიც მოძრაობის მიმართულების შესაბამისი მხრიდან სათანადო წესით მონიშნულ გაჩერებაზე მყოფ სამარშრუტო სატრანსპორტო საშუალებისთვის გვერდის ავლას აპირებენ, უნდა:",
    "answers": [
      "შეამცირონ სიჩქარე და აუცილებლობის შემთხვევაში გაჩერდნენ, რათა უზრუნველყონ საზოგადოებრივ ტრანსპორტში მგზავრების უსაფრთხო ჩასხდომის ან გადმოსხდომის შესაძლებლობა",
      "გაზარდონ სიჩქარე, რათა სწრაფად გაიარონ და არ შეაფერხონ საზოგადოებრივ ტრანსპორტში მგზავრების ჩასხდომა-გადმოსხდომის პროცესი",
      "გაჩერდნენ გვერდულასთან და არ დაიძრან საზოგადოებრივი ტრანსპორტის მოძრაობის გაგრძელებამდე"
    ],
    "correctAnswer": 0,
    "imageUrl": "assets/images/image.png",
    "correctVideo": "assets/videos/correct_977.mp4",
    "wrongVideo": "assets/videos/wrong_977.mp4",
    "previewVideo": "assets/videos/preview_977.mp4"
  },
  {
    "id": 524,
    "question": "შესაბამისი საგზაო ნიშნებისა და მონიშვნების არარსებობის შემთხვევაში, ურელსო სატრანსპორტო საშუალებათა მოძრაობისათვის ზოლების რაოდენობა განისაზღვრება:",
    "answers": [
      "თვით მძღოლის მიერ, სავალი ნაწილის სიგანის, სატრანსპორტო საშუალებების გაბარიტებისა და მათ შორის აუცილებელი ინტერვალის გათვალისწინებით",
      "ადგილობრივი თვითმართველობის ორგანოს მიერ",
      "კანონით, რომლის თანახმად ასეთი სახის გზა ითვლება ცალხმრივ მოძრაობიან გზად"
    ],
    "correctAnswer": 0,
    "imageUrl": "assets/images/image.png",
    "correctVideo": "assets/videos/correct_977.mp4",
    "wrongVideo": "assets/videos/wrong_977.mp4",
    "previewVideo": "assets/videos/preview_977.mp4"
  },
  {
    "id": 525,
    "question": "ორმხრივმოძრაობიანი გზის სავალი ნაწილის ღერძზე განლაგებულ უსაფრთხოების კუნძულს ან ტუმბოს მძღოლმა უნდა შემოუაროს:",
    "answers": [
      "მხოლოდ მარცხენა მხრიდან",
      "მხოლოდ მარჯვენა მხრიდან",
      "მარჯვენა ან მარცხენა მხრიდან"
    ],
    "correctAnswer": 1,
    "imageUrl": "assets/images/image.png",
    "correctVideo": "assets/videos/correct_977.mp4",
    "wrongVideo": "assets/videos/wrong_977.mp4",
    "previewVideo": "assets/videos/preview_977.mp4"
  },
  {
    "id": 526,
    "question": "მოცემული დამატებითი ინფორმაციის ნიშანი (დაფა) მიუთითებს:",
    "answers": [
      "გამაფრთხილებელი ნიშნებით აღნიშნული გზის სახიფათო მონაკვეთის სიგრძეს",
      "მანძილს გზის სხვა მხარეს მდებარე ობიექტამდე",
      "მანძილს ნიშნიდან სახიფათო მონაკვეთის დასაწყისამდე, სათანადო შეზღუდვის შემოტანის ადგილამდე ან წინ, მოძრაობის მიმართულებით არსებულ გარკვეულ ობიექტამდე"
    ],
    "correctAnswer": 2,
    "imageUrl": "assets/images/image.png",
    "correctVideo": "assets/videos/correct_977.mp4",
    "wrongVideo": "assets/videos/wrong_977.mp4",
    "previewVideo": "assets/videos/preview_977.mp4"
  },
  {
    "id": 527,
    "question": "მოცემული დაფებიდან რომელი მიუთითებს დგომის ამკრძალავი ნიშნის მოქმედების ზონის დასასრულზე?",
    "answers": [
      "I",
      "II",
      "III"
    ],
    "correctAnswer": 1,
    "imageUrl": "assets/images/image.png",
    "correctVideo": "assets/videos/correct_977.mp4",
    "wrongVideo": "assets/videos/wrong_977.mp4",
    "previewVideo": "assets/videos/preview_977.mp4"
  },
  {
    "id": 528,
    "question": "მოცემული დამატებითი ინფორმაციის ნიშნებიდან (დაფებიდან) რომელი აწვდის მძღოლს ინფორმაციას დგომა-გაჩერების ამკრძალავი ნიშნების მოქმედების ზონაში მისი ყოფნის თაობაზე?",
    "answers": [
      "მხოლოდ III",
      "მხოლოდ I",
      "მხოლოდ II",
      "მხოლოდ II და III"
    ],
    "correctAnswer": 2,
    "imageUrl": "assets/images/image.png",
    "correctVideo": "assets/videos/correct_977.mp4",
    "wrongVideo": "assets/videos/wrong_977.mp4",
    "previewVideo": "assets/videos/preview_977.mp4"
  },
  {
    "id": 529,
    "question": "მოცემული დამატებითი ინფორმაციის ნიშნებიდან (დაფებიდან) რომელი მიუთითებს გზაჯვარედინის წინ დადგმული ნიშნის მოქმედების მიმართულებას ან მოძრაობის მიმართულებას, უშუალოდ გზასთან მდებარე აღნიშნული ობიექტისაკენ?",
    "answers": [
      "მხოლოდ I და III",
      "მხოლოდ I",
      "მხოლოდ II",
      "მხოლოდ III"
    ],
    "correctAnswer": 1,
    "imageUrl": "assets/images/image.png",
    "correctVideo": "assets/videos/correct_977.mp4",
    "wrongVideo": "assets/videos/wrong_977.mp4",
    "previewVideo": "assets/videos/preview_977.mp4"
  },
  {
    "id": 530,
    "question": "მოცემული საგზაო ნიშნების კომბინაციიდან, რომლის მოქმედება ვრცელდება სატვირთო ავტომობილებზე მისაბმელის გარეშე, რომელთა ნებადართული მაქსიმალური მასა 3,5 ტ-ზე მეტია?",
    "answers": [
      "I და III",
      "II და III",
      "III და IV",
      "II და IV"
    ],
    "correctAnswer": 3,
    "imageUrl": "assets/images/image.png",
    "correctVideo": "assets/videos/correct_977.mp4",
    "wrongVideo": "assets/videos/wrong_977.mp4",
    "previewVideo": "assets/videos/preview_977.mp4"
  },
  {
    "id": 531,
    "question": "მოცემული საგზაო ნიშნების კომბინაციიდან რომლის მოქმედება ვრცელდება შაბათ-კვირას და სადღესასწაულო დღეებში?",
    "answers": [
      "მხოლოდ III",
      "მხოლოდ I და IV",
      "მხოლოდ II და III",
      "მხოლოდ I"
    ],
    "correctAnswer": 1,
    "imageUrl": "assets/images/image.png",
    "correctVideo": "assets/videos/correct_977.mp4",
    "wrongVideo": "assets/videos/wrong_977.mp4",
    "previewVideo": "assets/videos/preview_977.mp4"
  },
  {
    "id": 532,
    "question": "მოცემული საგზაო ნიშნების კომბინაციიდან, რომელი მიუთითებს დღე-ღამის დროზე, როცა მოქმედებს ნიშანი?",
    "answers": [
      "მხოლოდ II და IV",
      "მხოლოდ I",
      "მხოლოდ II და III",
      "მხოლოდ III"
    ],
    "correctAnswer": 0,
    "imageUrl": "assets/images/image.png",
    "correctVideo": "assets/videos/correct_977.mp4",
    "wrongVideo": "assets/videos/wrong_977.mp4",
    "previewVideo": "assets/videos/preview_977.mp4"
  },
  {
    "id": 533,
    "question": "მოცემული საგზაო ნიშნების კომბინაციიდან რომელი, მიუთითებს კვირის დღეებსა და დღე-ღამის დროზე, როცა მოქმედებს ნიშანი?",
    "answers": [
      "მხოლოდ III",
      "მხოლოდ IV",
      "მხოლოდ II და IV",
      "მხოლოდ I"
    ],
    "correctAnswer": 2,
    "imageUrl": "assets/images/image.png",
    "correctVideo": "assets/videos/correct_977.mp4",
    "wrongVideo": "assets/videos/wrong_977.mp4",
    "previewVideo": "assets/videos/preview_977.mp4"
  },
  {
    "id": 534,
    "question": "მოცემულ სიტუაციაში, რომელ მძღოლს ეკრძალება ისრის მიმართულებით სატრანსპორტო საშუალების მობრუნება?",
    "answers": [
      "მხოლოდ მოტოციკლის მძღოლს",
      "მხოლოდ თეთრი ავტომობილის მძღოლს",
      "არცერთი სატრანსპორტო საშუალების მძღოლს"
    ],
    "correctAnswer": 0,
    "imageUrl": "assets/images/image.png",
    "correctVideo": "assets/videos/correct_977.mp4",
    "wrongVideo": "assets/videos/wrong_977.mp4",
    "previewVideo": "assets/videos/preview_977.mp4"
  },
  {
    "id": 535,
    "question": "მოცემულ სიტუაციაში, რომელ მძღოლს ეკრძალება ისრის მიმართულებით ავტომობილის მობრუნება?",
    "answers": [
      "მხოლოდ ყვითელი ავტომობილის მძღოლს",
      "მხოლოდ წითელი ავტომობილის მძღოლს",
      "არცერთი ავტომობილის მძღოლს"
    ],
    "correctAnswer": 2,
    "imageUrl": "assets/images/image.png",
    "correctVideo": "assets/videos/correct_977.mp4",
    "wrongVideo": "assets/videos/wrong_977.mp4",
    "previewVideo": "assets/videos/preview_977.mp4"
  },
  {
    "id": 536,
    "question": "გზის სავალ ნაწილზე დატანილი წარწერები აღნიშნავენ:",
    "answers": [
      "მანძილს უახლოეს დასახლებულ პუნქტამდე",
      "გზის (მარშრუტის) ნომერს",
      "შესაბამისი ნომრის სამარშრუტო სატრანსპორტო საშუალებებისათვის განკუთვნილ მოძრაობის ზოლებს"
    ],
    "correctAnswer": 1,
    "imageUrl": "assets/images/image.png",
    "correctVideo": "assets/videos/correct_977.mp4",
    "wrongVideo": "assets/videos/wrong_977.mp4",
    "previewVideo": "assets/videos/preview_977.mp4"
  },
  {
    "id": 537,
    "question": "გზის სავალ ნაწილზე დატანილი ყვითელი მონიშვნა აღნიშნავს:",
    "answers": [
      "სამარშრუტო სატრანსპორტო საშუალების გაჩერებისა და ტაქსის სადგომს",
      "ხანგრძლივი დასვენებისთვის დგომის ადგილს"
    ],
    "correctAnswer": 0,
    "imageUrl": "assets/images/image.png",
    "correctVideo": "assets/videos/correct_977.mp4",
    "wrongVideo": "assets/videos/wrong_977.mp4",
    "previewVideo": "assets/videos/preview_977.mp4"
  },
  {
    "id": 538,
    "question": "გზის სავალ ნაწილზე დატანილი განივი მონიშვნა აღნიშნავს ადგილს, სადაც:",
    "answers": [
      "ქვეითთა ბილიკი კვეთს გზის სავალ ნაწილს",
      "საველოსიპედო ბილიკი კვეთს გზის სავალ ნაწილს"
    ],
    "correctAnswer": 1,
    "imageUrl": "assets/images/image.png",
    "correctVideo": "assets/videos/correct_977.mp4",
    "wrongVideo": "assets/videos/wrong_977.mp4",
    "previewVideo": "assets/videos/preview_977.mp4"
  },
  {
    "id": 539,
    "question": "გზის სავალ ნაწილზე დატანილი ორმაგი წყვეტილი ხაზი აღნიშნავს:",
    "answers": [
      "გზაჯვარედინზე საველოსიპედო ბილიკებს",
      "ადგილს, სადაც მძღოლი აუცილებლობის შემთხვევაში უნდა გაჩერდეს",
      "რევერსულად მოწესრიგებული მოძრაობის ზოლების საზღვრებს"
    ],
    "correctAnswer": 2,
    "imageUrl": "assets/images/image.png",
    "correctVideo": "assets/videos/correct_977.mp4",
    "wrongVideo": "assets/videos/wrong_977.mp4",
    "previewVideo": "assets/videos/preview_977.mp4"
  },
  {
    "id": 540,
    "question": "გზის სავალ ნაწილზე დატანილი წარწერა “BUS“ აღნიშნავს სპეციალურ ზოლს, რომელიც განკუთვნილია:",
    "answers": [
      "ნელმავალი სატრანსპორტო საშუალებებისათვის",
      "ველოსიპედებისა და მოპედებისათვის",
      "სამარშრუტო სატრანსპორტო საშუალებებისათვის"
    ],
    "correctAnswer": 2,
    "imageUrl": "assets/images/image.png",
    "correctVideo": "assets/videos/correct_977.mp4",
    "wrongVideo": "assets/videos/wrong_977.mp4",
    "previewVideo": "assets/videos/preview_977.mp4"
  },
  {
    "id": 541,
    "question": "გზის სავალ ნაწილზე საგზაო მოძრაობის ზოლის შუაში დატანილი ისრის ფორმის მონიშვნა აფრთხილებს:",
    "answers": [
      "სახიფათო მოსახვევიან გზის მონაკვეთთან მიახლოების თაობაზე",
      "სავალი ნაწილის შევიწროებასთან, მონაკვეთთან, სადაც მცირდება მოცემული მიმართულებით მოძრაობის ზოლების რაოდენობა მიახლოების შესახებ"
    ],
    "correctAnswer": 1,
    "imageUrl": "assets/images/image.png",
    "correctVideo": "assets/videos/correct_977.mp4",
    "wrongVideo": "assets/videos/wrong_977.mp4",
    "previewVideo": "assets/videos/preview_977.mp4"
  },
  {
    "id": 542,
    "question": "ხიდზე დახაზული ვერტიკალური მონიშვნა აღნიშნავს:",
    "answers": [
      "გზის სავალი ნაწილზე მოძრაობის ზოლების რაოდენობას",
      "გვირაბის, ხიდის და გზაგამტარის და სხვა ნაგებობათა ელემენტების ქვედა ნაპირს, რომლებიც განთავსებულნი არიან 5 მ-ზე ნაკლებ სიმაღლეზე გზის სავალი ნაწილიდან და რომელთა ქვეშ მთლიანად ან ნაწილობრივ გადის გზის სავალი ნაწილი"
    ],
    "correctAnswer": 1,
    "imageUrl": "assets/images/image.png",
    "correctVideo": "assets/videos/correct_977.mp4",
    "wrongVideo": "assets/videos/wrong_977.mp4",
    "previewVideo": "assets/videos/preview_977.mp4"
  }
]