[
  {
    "id": 586,
    "correctAnswer": 3,
    "imageUrl": "assets/images/image.png",
    "correctVideo": "assets/videos/correct_19.mp4",
    "wrongVideo": "assets/videos/wrong_19.mp4",
    "previewVideo": "assets/videos/preview_19.mp4",
    "question": "საგზაო-სატრანსპორტო შემთხვევის მონაწილე მძღოლი ვალდებულია:",
    "answers": [
      "1\nმხოლოდ მიიღოს საჭირო ზომები საგზაო-სატრანსპორტო შემთხვევის ადგილზე მოძრაობის უსაფრთხოების უზრუნველსაყოფად",
      "2\nმხოლოდ მოერიდოს შემთხვევის ადგილზე რაიმეს შეცვლას ან იმ ნაკვალევის განადგურებას, რომელიც შესაძლოა სასარგებლო იყოს პასუხისმგებლობის დასადგენად",
      "3\nმხოლოდ ჩაიწეროს თვითმხილველთა გვარები",
      "4\nშეასრულოს ამ ბილეთში ჩამოთვლილი ყველა ქმედება"
    ]
  },
  {
    "id": 587,
    "correctAnswer": 3,
    "imageUrl": "assets/images/image.png",
    "correctVideo": "assets/videos/correct_19.mp4",
    "wrongVideo": "assets/videos/wrong_19.mp4",
    "previewVideo": "assets/videos/preview_19.mp4",
    "question": "რამდენი სავალი ნაწილი აქვს მოცემულ გზას?",
    "answers": [
      "1\nოთხი",
      "2\nსამი",
      "3\nორი",
      "4\nერთი"
    ]
  },
  {
    "id": 588,
    "correctAnswer": 2,
    "imageUrl": "assets/images/image.png",
    "correctVideo": "assets/videos/correct_19.mp4",
    "wrongVideo": "assets/videos/wrong_19.mp4",
    "previewVideo": "assets/videos/preview_19.mp4",
    "question": "რამდენი სავალი ნაწილი აქვს მოცემულ გზას?",
    "answers": [
      "1\nსამი",
      "2\nერთი",
      "3\nორი"
    ]
  },
  {
    "id": 589,
    "correctAnswer": 2,
    "imageUrl": "assets/images/image.png",
    "correctVideo": "assets/videos/correct_19.mp4",
    "wrongVideo": "assets/videos/wrong_19.mp4",
    "previewVideo": "assets/videos/preview_19.mp4",
    "question": "ქვეითთა გადასასვლელზე შესვლამდე მძღოლი ვალდებულია დარწმუნდეს, რომ:",
    "answers": [
      "1\nგადასასვლელის ზედპირი არ არის მოყინული",
      "2\nგადასასვლელზე საპირისპირო მიმართულებიდან არ მოძრაობს სხვა სატრანსპორტო საშუალება",
      "3\nიძულებული არ გახდება გაჩერდეს მასზე"
    ]
  },
  {
    "id": 590,
    "correctAnswer": 1,
    "imageUrl": "assets/images/image.png",
    "correctVideo": "assets/videos/correct_19.mp4",
    "wrongVideo": "assets/videos/wrong_19.mp4",
    "previewVideo": "assets/videos/preview_19.mp4",
    "question": "უპირატესობა (პრიორიტეტი) არის:",
    "answers": [
      "1\nსაგზაო მოძრაობის მონაწილის ვალდებულება არ განახორციელოს მანევრი, თუკი ეს სხვა საგზაო მოძრაობის მონაწილეს იძულებულს გახდის უეცრად შეცვალოს სიჩქარე ან მიმართულება",
      "2\nსაგზაო მოძრაობის მონაწილის უფლება, სხვა საგზაო მოძრაობის მონაწილეებთან შედარებით პირველმა იმოძრაოს დასახული მიმართულებით"
    ]
  },
  {
    "id": 591,
    "correctAnswer": 1,
    "imageUrl": "assets/images/image.png",
    "correctVideo": "assets/videos/correct_19.mp4",
    "wrongVideo": "assets/videos/wrong_19.mp4",
    "previewVideo": "assets/videos/preview_19.mp4",
    "question": "“ავტომატარებელი” არის:",
    "answers": [
      "1\nავტობუსის 1200 კგ-ზე მეტი ნებადართული მაქსიმალური მასის მქონე მისაბმელთან (მისაბმელებთან) კომბინაცია",
      "2\nსატვირთო ავტომობილის 750 კგ-ზე მეტი ნებადართული მაქსიმალური მასის მქონე მისაბმელთან (მისაბმელებთან) კომბინაცია",
      "3\nმსუბუქი ავტომობილის 750 კგ-ზე მეტი ნებადართული მაქსიმალური მასის მქონე მისაბმელთან (მისაბმელებთან) კომბინაცია"
    ]
  },
  {
    "id": 592,
    "correctAnswer": 2,
    "imageUrl": "assets/images/image.png",
    "correctVideo": "assets/videos/correct_19.mp4",
    "wrongVideo": "assets/videos/wrong_19.mp4",
    "previewVideo": "assets/videos/preview_19.mp4",
    "question": "“ავტომზიდი” არის:",
    "answers": [
      "1\nნებისმიერი 12 000 კგ-ზე მეტი ნებადართული მაქსიმალური მასის მქონე მექანიკური სატრანსპორტო საშუალება, რომელიც განკუთვნილია მისაბმელთან ერთად ექსპლუატაციისათვის",
      "2\nსატვირთო ავტომობილი, რომელიც გამოიყენება სახიფათო ტვირთის გადასაზიდად",
      "3\nსპეციალიზებული ავტოსატრანსპორტო საშუალება, რომელიც განკუთვნილია ავტომობილისა და თვლიანი მსუბუქი ტრაქტორის გადასაზიდად"
    ]
  },
  {
    "id": 593,
    "correctAnswer": 0,
    "imageUrl": "assets/images/image.png",
    "correctVideo": "assets/videos/correct_19.mp4",
    "wrongVideo": "assets/videos/wrong_19.mp4",
    "previewVideo": "assets/videos/preview_19.mp4",
    "question": "„არასაკმარის ხილვადობად“ ითვლება გვირაბში გავლისას, დღე-ღამის ბნელ დროს, ნისლის, წვიმის, თოვის და სხვა ბუნებრივი მოვლენების დროს, გზის ხილვადობის შემცირება:",
    "answers": [
      "1\n300 მეტრზე ნაკლებ მანძილზე",
      "2\n500 მეტრზე ნაკლებ მანძილზე",
      "3\n600 მეტრზე ნაკლებ მანძილზე"
    ]
  },
  {
    "id": 594,
    "correctAnswer": 2,
    "imageUrl": "assets/images/image.png",
    "correctVideo": "assets/videos/correct_19.mp4",
    "wrongVideo": "assets/videos/wrong_19.mp4",
    "previewVideo": "assets/videos/preview_19.mp4",
    "question": "„გამყოფი ზოლი“ არის:",
    "answers": [
      "1\nგზის ნაწილი, რომელიც ჩვეულებრივ ურელსო სატრანსპორტო საშუალებების მოძრაობისთვის გამოიყენება",
      "2\nგრძივი საგზაო მონიშვნის საშუალებით მონიშნული ან მოუნიშნავი ნებისმიერი ზოლი იმ გრძივი ზოლებიდან, რომლებადაც შეიძლება დაიყოს გზის სავალი ნაწილი",
      "3\nკონსტრუქციულად გამოყოფილი გზის ელემენტი, რომელიც ყოფს მომიჯნავე სავალ ნაწილებს და არ არის განკუთვნილი მასზე ურელსო სატრანსპორტო საშუალების მოძრაობისათვის"
    ]
  },
  {
    "id": 595,
    "correctAnswer": 0,
    "imageUrl": "assets/images/image.png",
    "correctVideo": "assets/videos/correct_19.mp4",
    "wrongVideo": "assets/videos/wrong_19.mp4",
    "previewVideo": "assets/videos/preview_19.mp4",
    "question": "„გზაჯვარედინი“ არის:",
    "answers": [
      "1\nერთ დონეზე გზების კვეთა, შეერთება ან განშტოება, ასეთი კვეთით, შეერთებით ან განშტოებით წარმოქმნილი ტერიტორიების ჩათვლით",
      "2\nმიმდებარე ტერიტორიებიდან გამოსასვლელებისა და გზების კვეთა",
      "3\nსხვადასხვა დონეზე არსებული სავალი ნაწილების კვეთა"
    ]
  },
  {
    "id": 596,
    "correctAnswer": 2,
    "imageUrl": "assets/images/image.png",
    "correctVideo": "assets/videos/correct_19.mp4",
    "wrongVideo": "assets/videos/wrong_19.mp4",
    "previewVideo": "assets/videos/preview_19.mp4",
    "question": "„დასახლებული პუნქტი“ არის:",
    "answers": [
      "1\nნებისმიერი ტერიტორია, რომელზეც დასახლებულია ხალხი",
      "2\nნებისმიერი გზა, რომელიც განკუთვნილია ქვეითთა ინტენსიური მოძრაობისათვის",
      "3\nგანაშენიანებული ტერიტორია, სადაც შესასვლელი და გამოსასვლელი აღნიშნულია შესაბამისი საგზაო ნიშნებით"
    ]
  },
  {
    "id": 597,
    "correctAnswer": 2,
    "imageUrl": "assets/images/image.png",
    "correctVideo": "assets/videos/correct_19.mp4",
    "wrongVideo": "assets/videos/wrong_19.mp4",
    "previewVideo": "assets/videos/preview_19.mp4",
    "question": "„დატვირთული მასა“ არის:",
    "answers": [
      "1\nსატრანსპორტო საშუალების მასა მძღოლის, მგზავრებისა და ტვირთის გარეშე, მაგრამ საწვავის სრული მარაგითა და ხელსაწყოების აუცილებელი კომპლექტით",
      "2\nქარხანა-დამამზადებელის მიერ განსაზღვრული სატრანსპორტო საშუალების მასა მძღოლის, მგზავრებისა და ტვირთის გარეშე",
      "3\nმოცემულ დროის მონაკვეთში დატვირთული სატრანსპორტო საშუალების ფაქტობრივი მასა, მძღოლისა და მგზავრების ჩათვლით"
    ]
  },
  {
    "id": 598,
    "correctAnswer": 0,
    "imageUrl": "assets/images/image.png",
    "correctVideo": "assets/videos/correct_19.mp4",
    "wrongVideo": "assets/videos/wrong_19.mp4",
    "previewVideo": "assets/videos/preview_19.mp4",
    "question": "„დაუტვირთავი მასა“ არის:",
    "answers": [
      "1\nქარხანა-დამამზადებელის მიერ განსაზღვრული სატრანსპორტო საშუალების მასა მძღოლის, მგზავრებისა და ტვირთის გარეშე, მაგრამ საწვავის სრული მარაგისა და ხელსაწყოების აუცილებელი კომპლექტის ჩათვლით",
      "2\nმოცემულ დროის მონაკვეთში დაუტვირთავი სატრანსპორტო საშუალების ფაქტობრივი მასა, მძღოლისა და მგზავრების ჩათვლით",
      "3\nსარეგისტრაციო სამსახურის მიერ განსაზღვრული სატრანსპორტო საშუალების მასა მძღოლის, მგზავრებისა და ტვირთის გარეშე"
    ]
  },
  {
    "id": 599,
    "correctAnswer": 0,
    "imageUrl": "assets/images/image.png",
    "correctVideo": "assets/videos/correct_19.mp4",
    "wrongVideo": "assets/videos/wrong_19.mp4",
    "previewVideo": "assets/videos/preview_19.mp4",
    "question": "„მიმდებარე ტერიტორია“ არის:",
    "answers": [
      "1\nტერიტორია, რომელიც უშუალოდ გზას ეკვრის და არ არის განკუთვნილი სატრანსპორტო საშუალების გამჭოლი მოძრაობისათვის (ეზო, საცხოვრებელი მასივი, ავტოსადგომი, ბენზინგასამართი სადგური, დაწესებულება და სხვა)",
      "2\nგზის ელემენტი, რომელიც განკუთვნილია ურელსო სატრანსპორტო საშუალების მოძრაობისათვის (გარდა ტროტუარისა, გვერდულისა, ველობილიკისა და ქვეითთა ბილიკისა)",
      "3\nერთ დონეზე გზების კვეთა, შეერთება ან განშტოება, ასეთი კვეთით, შეერთებით ან განშტოებით წარმოქმნილი ტერიტორიების ჩათვლით"
    ]
  },
  {
    "id": 600,
    "correctAnswer": 2,
    "imageUrl": "assets/images/image.png",
    "correctVideo": "assets/videos/correct_19.mp4",
    "wrongVideo": "assets/videos/wrong_19.mp4",
    "previewVideo": "assets/videos/preview_19.mp4",
    "question": "„მოძრაობის ზოლი“ არის:",
    "answers": [
      "1\nკონსტრუქციულად გამოყოფილი გზის ელემენტი, რომელიც ყოფს მომიჯნავე სავალ ნაწილებს",
      "2\nმოძრაობისთვის გახსნილი გზის ან ქუჩის მთელი ზედაპირი",
      "3\nგრძივი საგზაო მონიშვნის საშუალებით მონიშნული ან მოუნიშნავი ნებისმიერი ზოლი იმ გრძივი ზოლებიდან, რომლებადაც შეიძლება დაიყოს სავალი ნაწილი, მაგრამ რომელსაც აქვს მოტოციკლისაგან განსხვავებული საავტომობილო ტრანსპორტის ერთ რიგში მოძრაობისათვის საკმარისი სიგანე"
    ]
  },
  {
    "id": 601,
    "correctAnswer": 0,
    "imageUrl": "assets/images/image.png",
    "correctVideo": "assets/videos/correct_19.mp4",
    "wrongVideo": "assets/videos/wrong_19.mp4",
    "previewVideo": "assets/videos/preview_19.mp4",
    "question": "„ნახევარმისაბმელი“ არის:",
    "answers": [
      "1\nმისაბმელი, რომელიც განკუთვნილია ავტომობილზე ისეთი სახით ჩასაბმელად, როდესაც მისი ნაწილი ეყრდნობა ავტომობილს და ავტომობილზევე მოდის ნახევარმისაბმელისა და მისი ტვირთის მასის მნიშვნელოვანი ნაწილი",
      "2\nორღერძიანი მისაბმელი, რომელიც განკუთვნილია ნებისმიერი მექანიკური სატრანსპორტო საშუალებით მისი ხისტი გადაბმით ბუქსირებისათვის"
    ]
  },
  {
    "id": 602,
    "correctAnswer": 2,
    "imageUrl": "assets/images/image.png",
    "correctVideo": "assets/videos/correct_19.mp4",
    "wrongVideo": "assets/videos/wrong_19.mp4",
    "previewVideo": "assets/videos/preview_19.mp4",
    "question": "„ნებადართული მაქსიმალური მასა“ არის:",
    "answers": [
      "1\nმოცემულ დროის მონაკვეთში დატვირთული სატრანსპორტო საშუალების ფაქტობრივი მასა, მძღოლისა და მგზავრების ჩათვლით",
      "2\nტვირთით და მგზავრებით შევსებული, აღჭურვილ მდგომარეობაში მყოფი სატრანსპორტო საშუალების მასა, რომლის ზღვარს ადგენს სატრანსპორტო საშუალების ქარხანა-დამამზადებელი",
      "3\nდატვირთული სატრანსპორტო საშუალების მაქსიმალური მასა, რომელიც დასაშვებად არის გამოცხადებული იმ სახელმწიფოს კომპეტენტური ორგანოს მიერ, რომელშიც დარეგისტრირებულია სატრანსპორტო საშუალება"
    ]
  },
  {
    "id": 603,
    "correctAnswer": 1,
    "imageUrl": "assets/images/image.png",
    "correctVideo": "assets/videos/correct_19.mp4",
    "wrongVideo": "assets/videos/wrong_19.mp4",
    "previewVideo": "assets/videos/preview_19.mp4",
    "question": "„ნელმავალი სატრანსპორტო საშუალება“ არის:",
    "answers": [
      "1\nძრავიანი ან უძრავო სატრანსპორტო საშუალება, რომლის კონსტრუქციული სიჩქარე არ აღემატება 45 კმ/სთ-ს",
      "2\nძრავიანი სატრანსპორტო საშუალება, რომლის კონსტრუქციული სიჩქარე არ აღემატება 40 კმ/სთ-ს ან რომელიც აღნიშნულ სიჩქარეს ვერ აჭარბებს, ან ეკრძალება გადაჭარბება ისეთი მიზეზით, რომელიც არ არის დაკავშირებული სატრანსპორტო საშუალებათა ნაკადებთან",
      "3\nნებისმიერი სატრანსპორტო საშუალება, რომელიც გზაზე გადაადგილდება არა უმეტეს 50 კმ/სთ სიჩქარით"
    ]
  },
  {
    "id": 604,
    "correctAnswer": 0,
    "imageUrl": "assets/images/image.png",
    "correctVideo": "assets/videos/correct_19.mp4",
    "wrongVideo": "assets/videos/wrong_19.mp4",
    "previewVideo": "assets/videos/preview_19.mp4",
    "question": "„სატვირთო ავტომობილი“ არის:",
    "answers": [
      "1\nტვირთის გადასაზიდად განკუთვნილი ავტოსატრანსპორტო საშუალება, რომლის ნებადართული მაქსიმალური მასა აღემატება 3 500 კგ-ს",
      "2\nნებისმიერი მექანიკური სატრანსპორტო საშუალება, რომელიც ტვირთის გადასაზიდად არის განკუთვნილი",
      "3\nტვირთის გადასაზიდად განკუთვნილი ნებისმიერი მექანიკური სატრანსპორტო საშუალება, რომლის სრული მასა არ აღემატება 3 500 კგ-ს"
    ]
  },
  {
    "id": 605,
    "correctAnswer": 0,
    "imageUrl": "assets/images/image.png",
    "correctVideo": "assets/videos/correct_19.mp4",
    "wrongVideo": "assets/videos/wrong_19.mp4",
    "previewVideo": "assets/videos/preview_19.mp4",
    "question": "“ღერძზე დატვირთვა” არის:",
    "answers": [
      "1\nსატრანსპორტო საშუალების ფაქტიური მასის ნაწილი, რომელიც ღერძზე დაწოლის შედეგად წარმოშობს გზაზე დატვირთვას",
      "2\nქარხანა-დამამზადებელის მიერ დადგენილი ღერძზე დაწოლის მაქსიმალური მასა, რომელთა ჯამი განსაზღვრავს სატრანსპორტო საშუალების სრული მასის ზღვარს"
    ]
  },
  {
    "id": 606,
    "correctAnswer": 1,
    "imageUrl": "assets/images/image.png",
    "correctVideo": "assets/videos/correct_19.mp4",
    "wrongVideo": "assets/videos/wrong_19.mp4",
    "previewVideo": "assets/videos/preview_19.mp4",
    "question": "„შეზღუდული ხილვადობა“ არის:",
    "answers": [
      "1\nგვირაბში გავლისას, დღე-ღამის ბნელ დროს, ნისლის, წვიმის, თოვის და სხვა ბუნებრივი მოვლენების დროს გზის ხილვადობის 300 მეტრზე ნაკლებ მანძილზე შემცირება",
      "2\nგარემოება, რომლის დროსაც მოკლე მოსახვევი, აღმართის დასასრული, გამწვანება, გზისპირა ნაგებობა ან გზაზე არსებული დაბრკოლება მოძრაობის მიმართულებით გზის ხილვადობას ისე ამცირებს, რომ აღნიშნულ გზის მონაკვეთზე ნებადართული მაქსიმალური სიჩქარით მოძრაობამ შეიძლება საფრთხე წარმოშვას"
    ]
  },
  {
    "id": 607,
    "correctAnswer": 0,
    "imageUrl": "assets/images/image.png",
    "correctVideo": "assets/videos/correct_19.mp4",
    "wrongVideo": "assets/videos/wrong_19.mp4",
    "previewVideo": "assets/videos/preview_19.mp4",
    "question": "„მსუბუქი მისაბმელი“ არის:",
    "answers": [
      "1\nმისაბმელი, რომლის ნებადართული მაქსიმალური მასა არ აღემატება 750 კგ-ს",
      "2\nმისაბმელი, რომლის დაუტვირთავი წონა არ აღემატება 850 კგ-კგ",
      "3\nმისაბმელი, რომლის სრული მასა არ აღემატება 950 კგ-ს"
    ]
  },
  {
    "id": 608,
    "correctAnswer": 2,
    "imageUrl": "assets/images/image.png",
    "correctVideo": "assets/videos/correct_19.mp4",
    "wrongVideo": "assets/videos/wrong_19.mp4",
    "previewVideo": "assets/videos/preview_19.mp4",
    "question": "სატრანსპორტო საშუალების „სრული მასა“ არის:",
    "answers": [
      "1\nსატრანსპორტო საშუალების მასა ეკიპაჟის, მგზავრებისა და ტვირთის გარეშე",
      "2\nმოცემული დროის მონაკვეთში დატვირთული სატრანსპორტო საშუალების, ეკიპაჟისა და მგზავრების მასა",
      "3\nტვირთით, ეკიპაჟითა და მგზავრებით შევსებული, აღჭურვილ მდგომარეობაში მყოფი სატრანსპორტო საშუალების მასა, რომლის ზღვარს ადგენს სატრანსპორტო საშუალების ქარხანა-დამამზადებელი",
      "4\nსატრანსპორტო საშუალების მასის ნაწილი, რომელიც ღერძზე დაწოლის შედეგად წარმოშობს გზაზე დატვირთვას"
    ]
  },
  {
    "id": 609,
    "correctAnswer": 1,
    "imageUrl": "assets/images/image.png",
    "correctVideo": "assets/videos/correct_19.mp4",
    "wrongVideo": "assets/videos/wrong_19.mp4",
    "previewVideo": "assets/videos/preview_19.mp4",
    "question": "თითოეულ წამყვან ან არაწამყვან ღერძზე დატვირთვის განსაზღვრისას, სატრანსპორტო საშუალების განივ ჭრილში ერთ ხაზზე განლაგებული, კონსტრუქციულად განცალკევებული ღერძები განიხილება, როგორც:",
    "answers": [
      "1\nდამოუკიდებელი ღერძები",
      "2\nერთი მთლიანი ღერძი",
      "3\nერთი მთლიანი ღერძი - არაწამყვანი ღერძის შემთხვევაში, დამოუკიდებელი ღერძები - წამყვანი ღერძის შემთხვევაში"
    ]
  },
  {
    "id": 610,
    "correctAnswer": 0,
    "imageUrl": "assets/images/image.png",
    "correctVideo": "assets/videos/correct_19.mp4",
    "wrongVideo": "assets/videos/wrong_19.mp4",
    "previewVideo": "assets/videos/preview_19.mp4",
    "question": "იმ ორმხრივმოძრაობიან გზაზე, რომელსაც აქვს გამყოფი ზოლი, საპირისპირო მიმართულების მოძრაობის მხარედ ითვლება:",
    "answers": [
      "1\nგამყოფი ზოლის მარცხნივ არსებული სავალი ნაწილი",
      "2\nგამყოფი ზოლის მარჯვნივ არსებული სავალი ნაწილი",
      "3\nამ ბილეთში ჩამოთვლილი არცერთი"
    ]
  },
  {
    "id": 611,
    "correctAnswer": 0,
    "imageUrl": "assets/images/image.png",
    "correctVideo": "assets/videos/correct_19.mp4",
    "wrongVideo": "assets/videos/wrong_19.mp4",
    "previewVideo": "assets/videos/preview_19.mp4",
    "question": "თუ მძღოლი ვერ განსაზღვრავს გზაზე საფარის არსებობას (სიბნელის, თოვლის, ტალახის გამო ან სხვა მიზეზით) და არც პრიორიტეტის ნიშნებია, ითვლება, რომ ის იმყოფება:",
    "answers": [
      "1\nმეორეხარისხოვან გზაზე",
      "2\nმთავარ გზაზე",
      "3\nავტომაგისტრალთან გათანაბრებულ გზაზე"
    ]
  },
  {
    "id": 612,
    "correctAnswer": 1,
    "imageUrl": "assets/images/image.png",
    "correctVideo": "assets/videos/correct_19.mp4",
    "wrongVideo": "assets/videos/wrong_19.mp4",
    "previewVideo": "assets/videos/preview_19.mp4",
    "question": "თუ გზაზე საგზაო სამუშაოების მწარმოებელი ორგანიზაციის ავტომობილზე დაყენებული დროებითი საგზაო ნიშნის მოთხოვნები ეწინააღმდეგება იმავე გზის მონაკვეთზე სტაციონარულად დაყენებულ საგზაო ნიშნის მოთხოვნებს მძღოლი ვალდებულია შეასრულოს:",
    "answers": [
      "1\nსტაციონარულად დაყენებული საგზაო ნიშნის მოთხოვნები",
      "2\nსაგზაო სამუშაოების მწარმოებელი ორგანიზაციის ავტომობილზე დაყენებული დროებითი საგზაო ნიშნის მოთხოვნები"
    ]
  },
  {
    "id": 613,
    "correctAnswer": 2,
    "imageUrl": "assets/images/image.png",
    "correctVideo": "assets/videos/correct_19.mp4",
    "wrongVideo": "assets/videos/wrong_19.mp4",
    "previewVideo": "assets/videos/preview_19.mp4",
    "question": "მოტოციკლის, ავტობუსის, მსუბუქი და სატვირთო ავტომობილების მართვა შეუძლია მხოლოდ იმ პირს:",
    "answers": [
      "1\nრომლის ჯანმრთელობის მდგომარეობაც შეესაბამება საქართველოს კანონმდებლობით განსაზღვრულ სატრანსპორტო საშუალებათა მართვისთვის საჭირო ჯანმრთელობის მდგომარეობისადმი მოთხოვნებს",
      "2\nრომელსაც საქართველოს კანონმდებლობით დადგენილი წესით მიენიჭა შესაბამისი კატეგორიის ან/და ქვეკატეგორიის სატრანსპორტო საშუალების მართვის უფლება და ეს უფლება არ არის შეჩერებული ან შეწყვეტილი",
      "3\nრომელიც აკმაყოფილებს ამ ბილეთში ჩამოთვლილ ყველა პირობას"
    ]
  },
  {
    "id": 614,
    "correctAnswer": 1,
    "imageUrl": "assets/images/image.png",
    "correctVideo": "assets/videos/correct_19.mp4",
    "wrongVideo": "assets/videos/wrong_19.mp4",
    "previewVideo": "assets/videos/preview_19.mp4",
    "question": "რომელი საცნობი ნიშანი მაგრდება სახიფათო ტვირთის გადამზიდი სატრანსპორტო საშუალების წინა და უკანა მხარეს?",
    "answers": [
      "1\nმხოლოდ I",
      "2\nმხოლოდ II",
      "3\nმხოლოდ III",
      "4\nმხოლოდ I და II"
    ]
  },
  {
    "id": 615,
    "correctAnswer": 2,
    "imageUrl": "assets/images/image.png",
    "correctVideo": "assets/videos/correct_19.mp4",
    "wrongVideo": "assets/videos/wrong_19.mp4",
    "previewVideo": "assets/videos/preview_19.mp4",
    "question": "რომელი საცნობი ნიშანი მაგრდება იმ მექანიკური სატრანსპორტო საშუალების წინა და უკანა მხარეს, რომელსაც სმენადაქვეითებული მძღოლი მართავს?",
    "answers": [
      "1\nმხოლოდ III",
      "2\nმხოლოდ II",
      "3\nმხოლოდ I"
    ]
  },
  {
    "id": 616,
    "correctAnswer": 1,
    "imageUrl": "assets/images/image.png",
    "correctVideo": "assets/videos/correct_19.mp4",
    "wrongVideo": "assets/videos/wrong_19.mp4",
    "previewVideo": "assets/videos/preview_19.mp4",
    "question": "რომელი საცნობი ნიშანი მაგრდება იმ სატრანსპორტო საშუალებაზე, რომლის სიჩქარე ტვირთის გათვალისწინებით და ტექნიკური მახასიათებლებით კანონმდებლობით დადგენილზე ნაკლებია?",
    "answers": [
      "1\nმხოლოდ III",
      "2\nმხოლოდ II",
      "3\nმხოლოდ I"
    ]
  },
  {
    "id": 617,
    "correctAnswer": 1,
    "imageUrl": "assets/images/image.png",
    "correctVideo": "assets/videos/correct_19.mp4",
    "wrongVideo": "assets/videos/wrong_19.mp4",
    "previewVideo": "assets/videos/preview_19.mp4",
    "question": "მძღოლის სურვილისამებრ რომელი საცნობი ნიშანი შეიძლება დამაგრდეს იმ სატრანსპორტო საშუალებაზე, რომელსაც ექიმი მძღოლი მართავს?",
    "answers": [
      "1\nმხოლოდ III",
      "2\nმხოლოდ II",
      "3\nმხოლოდ I"
    ]
  },
  {
    "id": 618,
    "correctAnswer": 1,
    "imageUrl": "assets/images/image.png",
    "correctVideo": "assets/videos/correct_19.mp4",
    "wrongVideo": "assets/videos/wrong_19.mp4",
    "previewVideo": "assets/videos/preview_19.mp4",
    "question": "მოცემული საგზაო ნიშანი იდგმება:",
    "answers": [
      "1\nსაპატრულო პოლიციის საგუშაგოებთან",
      "2\nსაქართველოს ტერიტორიაზე, შემოსასვლელებში, საკონტროლო გამშვებ პუნქტებთან",
      "3\nავტომაგისტრალის დასაწყისში"
    ]
  },
  {
    "id": 619,
    "correctAnswer": 0,
    "imageUrl": "assets/images/image.png",
    "correctVideo": "assets/videos/correct_19.mp4",
    "wrongVideo": "assets/videos/wrong_19.mp4",
    "previewVideo": "assets/videos/preview_19.mp4",
    "question": "თუ გაზონზე ან ტროტუარზე მყოფ მოთამაშე ბავშვებს სატრანსპორტო საშუალების წინ გზის სავალ ნაწილზე გადმოუვარდათ ბურთი, მძღოლმა უნდა გაითვალისწინოს, რომ:",
    "answers": [
      "1\nბავშვები შეიძლება გამოიქცნენ გზის სავალ ნაწილზე ბურთის ასაღებად",
      "2\nბავშვების სავალ ნაწილზე გამოსვლის საფრთხე არ არსებობს, ვინაიდან ისინი ვალდებულები არიან მოიცადონ გზის სავალი ნაწილის კიდესთან და დაელოდონ ავტომობილის გავლას"
    ]
  },
  {
    "id": 620,
    "correctAnswer": 2,
    "imageUrl": "assets/images/image.png",
    "correctVideo": "assets/videos/correct_19.mp4",
    "wrongVideo": "assets/videos/wrong_19.mp4",
    "previewVideo": "assets/videos/preview_19.mp4",
    "question": "თუ სატრანსპორტო საშუალება უახლოვდება ტროტუარზე მოთამაშე ბავშვებს, მძღოლმა უნდა:",
    "answers": [
      "1\nბავშვებზე ყურადღების მიუქცევლად გააგრძელოს მოძრაობა რათა არ შეუმნას დაბრკოლება მის უკან მოძრავ სატრანსპორტო საშუალებებს",
      "2\nმისცეს მხოლოდ ხმოვანი სიგნალი და შეუფერხებლად გააგრძლოს მოძრაობა",
      "3\nშეანელოს სიჩქარე და მზად იყოს დამუხრუჭებისთვის"
    ]
  },
  {
    "id": 621,
    "correctAnswer": 2,
    "imageUrl": "assets/images/image.png",
    "correctVideo": "assets/videos/correct_19.mp4",
    "wrongVideo": "assets/videos/wrong_19.mp4",
    "previewVideo": "assets/videos/preview_19.mp4",
    "question": "სხვა პირისათვის მექანიკური სატრანსპორტო საშუალების სამართავად გადაცემა აკრძალულია:",
    "answers": [
      "1\nმხოლოდ იმ შემთხვევაში, თუ იგი იმყოფება ალკოჰოლური, ნარკოტიკული ან ფსიქოტროპული სიმთვრალის მდგომარეობაში",
      "2\nმხოლოდ იმ შემთხვევაში, თუ მას არ აქვს შესაბამისი კატეგორიის ან ქვეკატეგორიის სატრანსპორტო საშუალების მართვის უფლება ან ეს უფლება შეჩერებული, ჩამორთმეული ან შეწყვეტილი (გაუქმებული) აქვს საქართველოს კანონმდებლობით დადგენილი წესით.",
      "3\nაბ ბილეთში ჩამოთვლილ ნებისმიერ შემთხვევაში"
    ]
  },
  {
    "id": 622,
    "correctAnswer": 0,
    "imageUrl": "assets/images/image.png",
    "correctVideo": "assets/videos/correct_19.mp4",
    "wrongVideo": "assets/videos/wrong_19.mp4",
    "previewVideo": "assets/videos/preview_19.mp4",
    "question": "დღე-ღამის ბნელ დროს ან არასაკმარისი ხილვადობის პირობებში, სატრანსპორტო საშუალების მოძრაობის სიჩქარის შერჩევისას მძღოლმა გადამწყვეტი მნიშვნელობა უნდა მიანიჭოს:",
    "answers": [
      "1\nმხედველობის პირობებს",
      "2\nმოცემულ გზის მონაკვეთზე საგზაო მონიშვნით განსაზღვრულ მოთხოვნებს",
      "3\nთანმხვედრი მიმართულებით მოძრაობის ზოლების რაოდენობას",
      "4\nამ ბილეთში ჩამოთვლილი არცერთი გარემოება გასათვალისწინებელი არ არის"
    ]
  }
]