[
  {
    "id": 851,
    "correctAnswer": 3,
    "imageUrl": "assets/images/image.png",
    "correctVideo": "assets/videos/correct_9001.mp4",
    "wrongVideo": "assets/videos/wrong_9001.mp4",
    "previewVideo": "assets/videos/preview_9001.mp4",
    "question": "მოცემული საგზაო ნიშნების კომბინაციიდან რომელი იდგმება დაუსახლებელ პუნქტში, რკინიგზის უშლაგბაუმო გადასასვლელამდე 150-300 მეტრის მანძილზე, გზის მარცხენა მხარეს?",
    "answers": [
      "1\nIV",
      "2\nIII",
      "3\nII",
      "4\nI"
    ]
  },
  {
    "id": 852,
    "correctAnswer": 2,
    "imageUrl": "assets/images/image.png",
    "correctVideo": "assets/videos/correct_9002.mp4",
    "wrongVideo": "assets/videos/wrong_9002.mp4",
    "previewVideo": "assets/videos/preview_9002.mp4",
    "question": "მოცემული საცნობი ნიშნებიდან რომელია „საავარიო გაჩერების ნიშანი“?",
    "answers": [
      "1\nIII",
      "2\nI",
      "3\nII"
    ]
  },
  {
    "id": 853,
    "correctAnswer": 1,
    "imageUrl": "assets/images/image.png",
    "correctVideo": "assets/videos/correct_9003.mp4",
    "wrongVideo": "assets/videos/wrong_9003.mp4",
    "previewVideo": "assets/videos/preview_9003.mp4",
    "question": "მოცემული საგზაო ნიშნებიდან რომელი იდგმება განმეორებით დაუსახლებელ პუნქტში?",
    "answers": [
      "1\nმხოლოდ I და II",
      "2\nმხოლოდ I და III",
      "3\nყველა",
      "4\nმხოლოდ II და IV"
    ]
  },
  {
    "id": 854,
    "correctAnswer": 0,
    "imageUrl": "assets/images/image.png",
    "correctVideo": "assets/videos/correct_9004.mp4",
    "wrongVideo": "assets/videos/wrong_9004.mp4",
    "previewVideo": "assets/videos/preview_9004.mp4",
    "question": "მოცემული საგზაო ნიშნებიდან რომელი იდგმება განმეორებით დაუსახლებელ პუნქტში?",
    "answers": [
      "1\nარცერთი",
      "2\nმხოლოდ I და III",
      "3\nყველა",
      "4\nმხოლოდ II და IV"
    ]
  },
  {
    "id": 855,
    "correctAnswer": 3,
    "imageUrl": "assets/images/image.png",
    "correctVideo": "assets/videos/correct_9005.mp4",
    "wrongVideo": "assets/videos/wrong_9005.mp4",
    "previewVideo": "assets/videos/preview_9005.mp4",
    "question": "მოცემული საგზაო ნიშნებიდან რომელი იდგმება განმეორებით დასახლებელ პუნქტში?",
    "answers": [
      "1\nმხოლოდ I და II",
      "2\nყველა",
      "3\nმხოლოდ II და III",
      "4\nმხოლოდ II და IV"
    ]
  },
  {
    "id": 856,
    "correctAnswer": 2,
    "imageUrl": "assets/images/image.png",
    "correctVideo": "assets/videos/correct_9006.mp4",
    "wrongVideo": "assets/videos/wrong_9006.mp4",
    "previewVideo": "assets/videos/preview_9006.mp4",
    "question": "მოცემული საგზაო ნიშნები იდგმება:",
    "answers": [
      "1\nრკინიგზის გადასასვლელამდე 100–120 მეტრის მანძილზე",
      "2\nრკინიგზის გადასასვლელამდე არანაკლებ 150 მეტრის მანძილზე",
      "3\nუშუალოდ რკინიგზის გადასასვლელის წინ"
    ]
  },
  {
    "id": 857,
    "correctAnswer": 3,
    "imageUrl": "assets/images/image.png",
    "correctVideo": "assets/videos/correct_9007.mp4",
    "wrongVideo": "assets/videos/wrong_9007.mp4",
    "previewVideo": "assets/videos/preview_9007.mp4",
    "question": "მოცემული საგზაო ნიშნებიდან რომელი აფრთხილებს ორი ან მეტი ლიანდაგიანი რკინიგზის უშლაგბაუმო გადასასვლელთან მიახლოების შესახებ?",
    "answers": [
      "1\nმხოლოდ I და II",
      "2\nყველა",
      "3\nმხოლოდ II და II",
      "4\nმხოლოდ IV"
    ]
  },
  {
    "id": 858,
    "correctAnswer": 0,
    "imageUrl": "assets/images/image.png",
    "correctVideo": "assets/videos/correct_9008.mp4",
    "wrongVideo": "assets/videos/wrong_9008.mp4",
    "previewVideo": "assets/videos/preview_9008.mp4",
    "question": "რა მანძილზე იდგემება მოცემული საგზაო ნიშნები დასახლებულ პუნქტში, სახიფათო მონაკვეთის დასაწყისამდე?",
    "answers": [
      "1\n50-100 მეტრის მანძილზე",
      "2\n100-150 მეტრის მანძილზე",
      "3\n150-300 მეტრის მანძილზე"
    ]
  },
  {
    "id": 859,
    "correctAnswer": 2,
    "imageUrl": "assets/images/image.png",
    "correctVideo": "assets/videos/correct_9009.mp4",
    "wrongVideo": "assets/videos/wrong_9009.mp4",
    "previewVideo": "assets/videos/preview_9009.mp4",
    "question": "მოცემული საგზაო ნიშნები დაუსახლებელ პუნქტში განმეორებით იდგმება სახიფათო მონაკვეთის დასაწყისამდე, არანაკლებ:",
    "answers": [
      "1\n150 მეტრის მანძილზე",
      "2\n100 მეტრის მანძილზე",
      "3\n50 მეტრის მანძილზე"
    ]
  },
  {
    "id": 860,
    "correctAnswer": 1,
    "imageUrl": "assets/images/image.png",
    "correctVideo": "assets/videos/correct_9010.mp4",
    "wrongVideo": "assets/videos/wrong_9010.mp4",
    "previewVideo": "assets/videos/preview_9010.mp4",
    "question": "შეიძლება თუ არა, მოცემული საგზაო ნიშნები, 8.1.1 „მანძილი ობიექტამდე“ დაფის გარეშე, დაიდგას უშუალოდ აღმართის ან დაღმართის (ან დაღმართის და აღმართის) წინ, თუ ისინი ერთმანეთს მიჰყვება?",
    "answers": [
      "1\nარ შეიძლება",
      "2\nშეიძლება"
    ]
  },
  {
    "id": 861,
    "correctAnswer": 2,
    "imageUrl": "assets/images/image.png",
    "correctVideo": "assets/videos/correct_9011.mp4",
    "wrongVideo": "assets/videos/wrong_9011.mp4",
    "previewVideo": "assets/videos/preview_9011.mp4",
    "question": "მოცემული საგზაო ნიშნების კომბინაციიდან რომელი იდგმება დაუსახლებელ პუნქტში რკინიგზის შლაგბაუმიან გადასასვლელამდე 150-300 მეტრის მანძილზე, გზის მარჯვენა მხარეს?",
    "answers": [
      "1\nII",
      "2\nIII",
      "3\nIV",
      "4\nI"
    ]
  },
  {
    "id": 862,
    "correctAnswer": 0,
    "imageUrl": "assets/images/image.png",
    "correctVideo": "assets/videos/correct_9012.mp4",
    "wrongVideo": "assets/videos/wrong_9012.mp4",
    "previewVideo": "assets/videos/preview_9012.mp4",
    "question": "მოცემული საგზაო ნიშნებიდან რომელი აღნიშნავს გზაჯვარედინს თანაბარმნიშვნელოვანი გზების გადაკვეთით?",
    "answers": [
      "1\nII",
      "2\nI",
      "3\nIV",
      "4\nIII"
    ]
  },
  {
    "id": 863,
    "correctAnswer": 2,
    "imageUrl": "assets/images/image.png",
    "correctVideo": "assets/videos/correct_9013.mp4",
    "wrongVideo": "assets/videos/wrong_9013.mp4",
    "previewVideo": "assets/videos/preview_9013.mp4",
    "question": "მოცემული საგზაო ნიშნებიდან რომელი აფრთხილებს მძღოლს გასახსნელ ხიდთან ან საბორნე გადასასვლელთან მიახლოების თაობაზე?",
    "answers": [
      "1\nმხოლოდ I და II",
      "2\nმხოლოდ II და III",
      "3\nმხოლოდ III",
      "4\nმხოლოდ IV"
    ]
  },
  {
    "id": 864,
    "correctAnswer": 3,
    "imageUrl": "assets/images/image.png",
    "correctVideo": "assets/videos/correct_9014.mp4",
    "wrongVideo": "assets/videos/wrong_9014.mp4",
    "previewVideo": "assets/videos/preview_9014.mp4",
    "question": "მოცემული საგზაო ნიშნებიდან, რომელი აღნიშნავს გზის მონაკვეთს სახიფათო მოსახვევებით?",
    "answers": [
      "1\nIV",
      "2\nIII",
      "3\nII",
      "4\nI"
    ]
  },
  {
    "id": 865,
    "correctAnswer": 1,
    "imageUrl": "assets/images/image.png",
    "correctVideo": "assets/videos/correct_9015.mp4",
    "wrongVideo": "assets/videos/wrong_9015.mp4",
    "previewVideo": "assets/videos/preview_9015.mp4",
    "question": "მოცემული საგზაო ნიშნებიდან რომელი აფრთხილებს ციცაბოდაღმართიან გზის მონაკვეთთან მიახლოების თაობაზე?",
    "answers": [
      "1\nIV",
      "2\nIII",
      "3\nII",
      "4\nI"
    ]
  },
  {
    "id": 866,
    "correctAnswer": 0,
    "imageUrl": "assets/images/image.png",
    "correctVideo": "assets/videos/correct_9016.mp4",
    "wrongVideo": "assets/videos/wrong_9016.mp4",
    "previewVideo": "assets/videos/preview_9016.mp4",
    "question": "მოცემული საგზაო ნიშნებიდან რომელი აღნიშნავს გზის მოლიპულ მონაკვეთს, რომლზედაც საბურავის გზის საფართან ჩაჭიდების კოეფიციენტი 0,4-ზე ნაკლებია?",
    "answers": [
      "1\nIII",
      "2\nIV",
      "3\nI",
      "4\nII"
    ]
  },
  {
    "id": 867,
    "correctAnswer": 1,
    "imageUrl": "assets/images/image.png",
    "correctVideo": "assets/videos/correct_9017.mp4",
    "wrongVideo": "assets/videos/wrong_9017.mp4",
    "previewVideo": "assets/videos/preview_9017.mp4",
    "question": "მოცემული საგზაო ნიშნებიდან რომელი აღნიშნავს გზის მონაკვეთს, რომლის სავალი ნაწილის სიგანე ვიწროვდება მარჯვენა მხრიდან?",
    "answers": [
      "1\nII",
      "2\nI",
      "3\nIV",
      "4\nIII"
    ]
  },
  {
    "id": 868,
    "correctAnswer": 3,
    "imageUrl": "assets/images/image.png",
    "correctVideo": "assets/videos/correct_9018.mp4",
    "wrongVideo": "assets/videos/wrong_9018.mp4",
    "previewVideo": "assets/videos/preview_9018.mp4",
    "question": "მოცემული საგზაო ნიშნებიდან რომელი აღნიშნავს გზის (სავალი ნაწილის) მონაკვეთის დასაწყისს ორმხრივი მოძრაობით, რომელსაც წინ უსწრებდა უბანი ცალმხრივი მოძრაობით?",
    "answers": [
      "1\nII",
      "2\nI",
      "3\nIV",
      "4\nIII"
    ]
  },
  {
    "id": 869,
    "correctAnswer": 3,
    "imageUrl": "assets/images/image.png",
    "correctVideo": "assets/videos/correct_9019.mp4",
    "wrongVideo": "assets/videos/wrong_9019.mp4",
    "previewVideo": "assets/videos/preview_9019.mp4",
    "question": "მოცემული საგზაო ნიშნებიდან რომელი აფრთხილებს საგზაო ნიშნით (5.19.1 ან 5.19.2) აღნიშნულ ქვეითთა გადასასვლელთან მიახლოების თაობაზე?",
    "answers": [
      "1\nIII",
      "2\nI",
      "3\nIV",
      "4\nII"
    ]
  },
  {
    "id": 870,
    "correctAnswer": 2,
    "imageUrl": "assets/images/image.png",
    "correctVideo": "assets/videos/correct_9020.mp4",
    "wrongVideo": "assets/videos/wrong_9020.mp4",
    "previewVideo": "assets/videos/preview_9020.mp4",
    "question": "მოცემული საგზაო ნიშნებიდან რომელი აფრთხილებს საგზაო ნიშნით (4.4) აღნიშნული ველობილიკის სავალი ნაწილის გადაკვეთის ადგილთან მიახლოების თაობაზე?",
    "answers": [
      "1\nIII",
      "2\nIV",
      "3\nI",
      "4\nII"
    ]
  },
  {
    "id": 871,
    "correctAnswer": 3,
    "imageUrl": "assets/images/image.png",
    "correctVideo": "assets/videos/correct_19.mp4",
    "wrongVideo": "assets/videos/wrong_19.mp4",
    "previewVideo": "assets/videos/preview_19.mp4",
    "question": "მოცემული საგზაო ნიშნებიდან რომელი აღნიშნავს გზის მონაკვეთს, რომლის სავალი ნაწილი არ არის დაცული ზვავისაგან, მეწყერისაგან და ქვების ცვენისგან?",
    "answers": [
      "1\nIII",
      "2\nIV",
      "3\nI",
      "4\nII"
    ]
  },
  {
    "id": 872,
    "correctAnswer": 1,
    "imageUrl": "assets/images/image.png",
    "correctVideo": "assets/videos/correct_19.mp4",
    "wrongVideo": "assets/videos/wrong_19.mp4",
    "previewVideo": "assets/videos/preview_19.mp4",
    "question": "მოცემული საგზაო ნიშნებიდან რომელი აღნიშნავს აეროდრომებთან ახლოს გამავალ გზის მონაკვეთს, რომლებზედაც თვითმფრინავები ან ვერტმფრენები დაბალ სიმაღლეზე დაფრინავენ?",
    "answers": [
      "1\nII",
      "2\nI",
      "3\nIV",
      "4\nIII"
    ]
  },
  {
    "id": 873,
    "correctAnswer": 3,
    "imageUrl": "assets/images/image.png",
    "correctVideo": "assets/videos/correct_19.mp4",
    "wrongVideo": "assets/videos/wrong_19.mp4",
    "previewVideo": "assets/videos/preview_19.mp4",
    "question": "მოცემული საგზაო ნიშნებიდან რომელი აღნიშნავს გზის მონაკვეთს, რომელიც დროებით ჩახერგილია?",
    "answers": [
      "1\nIV",
      "2\nII",
      "3\nI",
      "4\nIII"
    ]
  },
  {
    "id": 874,
    "correctAnswer": 1,
    "imageUrl": "assets/images/image.png",
    "correctVideo": "assets/videos/correct_19.mp4",
    "wrongVideo": "assets/videos/wrong_19.mp4",
    "previewVideo": "assets/videos/preview_19.mp4",
    "question": "მოცემული საგზაო ნიშნებიდან რომელი აღნიშნავს გზის მონაკვეთს, რომელზედაც შეიძლება წარმოიშვას ისეთი სახის საფრთხე, რომელიც არ არის განსაზღვრული სხვა მაფრთხილებელი ნიშნებით?",
    "answers": [
      "1\nIV",
      "2\nIII",
      "3\nII",
      "4\nI"
    ]
  },
  {
    "id": 875,
    "correctAnswer": 2,
    "imageUrl": "assets/images/image.png",
    "correctVideo": "assets/videos/correct_19.mp4",
    "wrongVideo": "assets/videos/wrong_19.mp4",
    "previewVideo": "assets/videos/preview_19.mp4",
    "question": "მოცემული საგზაო ნიშნებიდან რომელი აღნიშნავს \"T\"-სებურ გზაჯვარედინზე ან გზების განშტოებაზე მოძრაობის მიმართულებას, ან საგზაო სამუშაოების მიმდინარეობის ადგილებში - შემოვლის მიმართულებას?",
    "answers": [
      "1\nII",
      "2\nI",
      "3\nIV",
      "4\nIII"
    ]
  },
  {
    "id": 876,
    "correctAnswer": 1,
    "imageUrl": "assets/images/image.png",
    "correctVideo": "assets/videos/correct_19.mp4",
    "wrongVideo": "assets/videos/wrong_19.mp4",
    "previewVideo": "assets/videos/preview_19.mp4",
    "question": "მოცემული საგზაო ნიშნებიდან რომელი აღნიშნავს გზას, რომელზედაც მოძრავ მძღოლს ენიჭება არარეგულირებული გზაჯვარედინის გავლის უპირატესობა?",
    "answers": [
      "1\nII",
      "2\nI",
      "3\nIV",
      "4\nIII"
    ]
  }
]