[
  {
    "id": 679,
    "correctAnswer": 3,
    "imageUrl": "assets/images/image.png",
    "correctVideo": "assets/videos/correct_1.mp4",
    "wrongVideo": "assets/videos/wrong_1.mp4",
    "previewVideo": "assets/videos/preview_1.mp4",
    "question": "თუ შუქნიშანის წინ დგანან ბავშვები, შუქნიშანთან მიახლოებული სატრანსპორტო საშუალების მძღოლმა უნდა გაითვალისწინოს:",
    "answers": [
      "1\nმხოლოდ, ის გარემოება რომ ბავშვები შეიძლება სავალ ნაწილზე გადმოვიდნენ შუქნიშნის მწვანე მაშუქი სიგნალის ყვითელი სიგნალით შეცვლისთანავე",
      "2\nმხოლოდ, ის გარემოება რომ ჯგუფიდან ხელის კვრით რომელიმე ბავშვს შეიძლება აიძულონ სავალ ნაწილზე გადმოსვლა",
      "3\nმხოლოდ, ის გარემოება რომ შეიძლება ბავშვები სავალ ნაწილზე გადმოვიდნენ მათთვის მოძრაობის ნებადამრთველი შუქნიშნის სიგნალის ჩართვამდე",
      "4\nამ ბილეთში ჩამოთვლილი ყველა გარემოება"
    ]
  },
  {
    "id": 680,
    "correctAnswer": 3,
    "imageUrl": "assets/images/image.png",
    "correctVideo": "assets/videos/correct_2.mp4",
    "wrongVideo": "assets/videos/wrong_2.mp4",
    "previewVideo": "assets/videos/preview_2.mp4",
    "question": "მსუბუქი ავტომობილის შიდა უკუხედვის სარკის გამოყენებისას მძღოლმა უნდა გაითვალისწინოს:",
    "answers": [
      "1\nმხოლოდ ის გარემოება, რომ სარკე დარეგულირებული უნდა იყოს მძღოლის სიმაღლის შესაბამისად",
      "2\nმხოლოდ ის გარემოება, რომ ამობურცულ სარკეში საგნები უფრო შორს ჩანს ვიდრე სინამდვილეშია",
      "3\nმხოლოდ ის გარემოება, რომ სარკეს გააჩნია „უხილავი უბნები“, რის გამოც იგი ყოველთვის ვერ უზრუნველყოფს სრულყოფილ მხედველობის არეს და გამსწრები სატრანსპორტო საშუალების თვალის მიდევნას",
      "4\nამ ბილეთში ჩამოთვლილი ყველა გარემოება"
    ]
  },
  {
    "id": 681,
    "correctAnswer": 3,
    "imageUrl": "assets/images/image.png",
    "correctVideo": "assets/videos/correct_3.mp4",
    "wrongVideo": "assets/videos/wrong_3.mp4",
    "previewVideo": "assets/videos/preview_3.mp4",
    "question": "გარდა კანონით განსაზღვრული მაქსიმალური სიჩქარის შეზღუდვისა, მძღოლს ეკრძალება გადააჭარბოს:",
    "answers": [
      "1\nმხოლოდ სატრანსპორტო საშუალებისათვის დადგენილი მაქსიმალური კონსტრუქციული სიჩქარეს",
      "2\nმხოლოდ სატრანსპორტო საშუალებაზე დამაგრებულ საცნობ ნიშანზე „სიჩქარის შეზღუდვა“ მითითებული სიჩქარეს",
      "3\nმხოლოდ საგზაო ნიშნით დადგენილი მაქსიმალური სიჩქარეს",
      "4\nროგორც სატრანსპორტო საშუალებისათვის დადგენილი მაქსიმალური კონსტრუქციულ, ასევე სატრანსპორტო საშუალებაზე დამაგრებულ საცნობ ნიშანზე „სიჩქარის შეზღუდვა“ მითითებულ და საგზაო ნიშნით დადგენილ მაქსიმალურ სიჩქარეს"
    ]
  },
  {
    "id": 682,
    "correctAnswer": 3,
    "imageUrl": "assets/images/image.png",
    "correctVideo": "assets/videos/correct_4.mp4",
    "wrongVideo": "assets/videos/wrong_4.mp4",
    "previewVideo": "assets/videos/preview_4.mp4",
    "question": "გზაზე მოძრაობისას, ქვემოთ ჩამოთვლილ რომელ შემთხვევაში არ არის ვალდებული მექანიკური სატრანსპორტო საშუალების მძღოლი ისარგებლობს უსაფრთხოების ღვედით?",
    "answers": [
      "1\nთუ იგი მოძრაობს დასახლებულ პუნქტში",
      "2\nთუ იგი მოძრაობს ოპერატიული სამსახურის ავტომობილით",
      "3\nთუ იგი შეზღუდული შესაძლებლობის მქონე პირია",
      "4\nთუ მექანიკური სატრანსპორტო საშუალების კონსტრუქცია არ ითვალისწინებს უსაფრთხოების ღვედებს"
    ]
  },
  {
    "id": 683,
    "correctAnswer": 3,
    "imageUrl": "assets/images/image.png",
    "correctVideo": "assets/videos/correct_5.mp4",
    "wrongVideo": "assets/videos/wrong_5.mp4",
    "previewVideo": "assets/videos/preview_5.mp4",
    "question": "ქვემოთ ჩამოთვლილი რომელი ფაქტორი არ ახდენს ზეგავლენას მძღოლის მოქმედებაზე?",
    "answers": [
      "1\nუძილობა",
      "2\nდაღლილობა",
      "3\nალკოჰოლის მიღება",
      "4\nამ ბილეთში ჩამოთვლილი არც ერთი პასუხი არ არის სწორი"
    ]
  },
  {
    "id": 684,
    "correctAnswer": 1,
    "imageUrl": "assets/images/image.png",
    "correctVideo": "assets/videos/correct_6.mp4",
    "wrongVideo": "assets/videos/wrong_6.mp4",
    "previewVideo": "assets/videos/preview_6.mp4",
    "question": "დასაშვებია თუ არა სატრანსპორტო საშუალების მართვისას მძღოლის მიერ მობილური კომუნიკაციის საშუალებით სარგებლობა?",
    "answers": [
      "1\nდაუშვებელია ნებისმიერ შემთხვევაში",
      "2\nდასაშვებია, თუ იგი სარგებლობს მობილური კომუნიკაციის ხმამაღალი საუბრის ფუნქციით და ორივე ხელი თავისუფალი აქვს სატრანსპორტო საშუალების სამართავად",
      "3\nდასაშვებია, თუ ერთი ხელი თავისუფალი აქვს სატრანსპორტო საშუალების სამართავად"
    ]
  },
  {
    "id": 685,
    "correctAnswer": 1,
    "imageUrl": "assets/images/image.png",
    "correctVideo": "assets/videos/correct_7.mp4",
    "wrongVideo": "assets/videos/wrong_7.mp4",
    "previewVideo": "assets/videos/preview_7.mp4",
    "question": "ქვემოდ ჩამოთვლილი რომელი უწესრიგობის დროს ეკრძალება მძღოლს სატრანსპორტო საშუალებით მოძრაობა?",
    "answers": [
      "1\nმხოლოდ ხმოვანი სიგნალის გაუმართაობის დროს",
      "2\nმხოლოდ საჭის მექანიზმის გაუმართაობის დროს",
      "3\nმხოლოდ ნისლსაწინააღმდეგო ფარნების გაუმართაობის დროს",
      "4\nამ ბილეთში ჩამოთვლილ ნებისმიერ შემთხვევაში"
    ]
  },
  {
    "id": 686,
    "correctAnswer": 2,
    "imageUrl": "assets/images/image.png",
    "correctVideo": "assets/videos/correct_8.mp4",
    "wrongVideo": "assets/videos/wrong_8.mp4",
    "previewVideo": "assets/videos/preview_8.mp4",
    "question": "ნისლის, წვიმის, ან თოვის დროს, მექანიკური სატრანსპორტო საშუალების მართვა აკრძალულია:",
    "answers": [
      "1\nნისლსაწინააღმდეგო ფარების არ არსებობის შემთხვევაში",
      "2\nსაავარიო გაჩერების ნიშანის არ არსებობის შემთხვევაში",
      "3\nმძღოლის მხარეს არსებული მინასაწმენდის უმოქმედობის შემთხვევაში",
      "4\nამ ბილეთში ჩამოთვლილ ნებისმიერ შემთხვევაში"
    ]
  },
  {
    "id": 687,
    "correctAnswer": 1,
    "imageUrl": "assets/images/image.png",
    "correctVideo": "assets/videos/correct_9.mp4",
    "wrongVideo": "assets/videos/wrong_9.mp4",
    "previewVideo": "assets/videos/preview_9.mp4",
    "question": "მძღოლმა უნდა გაითვალისწინოს, რომ ყველაზე უფრო ხშირად გზა მოყინულია:",
    "answers": [
      "1\nგვირაბებში, რომლებშიც არ არის ხელოვნური განათება",
      "2\nხიდზე, გზაგამტარსა და ესტაკადაზე",
      "3\nდასახლებული პუნქტების ცენტრალურ ქუჩებზე"
    ]
  },
  {
    "id": 688,
    "correctAnswer": 2,
    "imageUrl": "assets/images/image.png",
    "correctVideo": "assets/videos/correct_10.mp4",
    "wrongVideo": "assets/videos/wrong_10.mp4",
    "previewVideo": "assets/videos/preview_10.mp4",
    "question": "გზის ნათელი მონაკვეთიდან ბნელ მონაკვეთზე გასვლისას, მძღოლმა უნდა გაითვალისწინოს, რომ:",
    "answers": [
      "1\nსავალდებულოა ნისლსაწინააღმდეგო ფარების ჩართვა",
      "2\nიზრდება სატრანსპორტო საშუალების დამუხრუჭებისათვის საჭირო დრო და მანძილი",
      "3\nთვალი ნელა ეჩვევა სიბნელეს, რის გამოც მძღოლის წინ არსებული შესაძლო დაბრკოლებები რთული შესამჩნევია"
    ]
  },
  {
    "id": 689,
    "correctAnswer": 0,
    "imageUrl": "assets/images/image.png",
    "correctVideo": "assets/videos/correct_11.mp4",
    "wrongVideo": "assets/videos/wrong_11.mp4",
    "previewVideo": "assets/videos/preview_11.mp4",
    "question": "ღამე ცუდად ან არათანაბრად განათებულ გზის მონაკვეთებზე მოძრაობისას, მძღოლმა უნდა გაითვალისწინოს, რომ:",
    "answers": [
      "1\nგართულებულია საგზაო მოძრაობის მონაწილეთა მიერ ერთმანეთის შემჩნევა",
      "2\nიზრდება სატრანსპორტო საშუალების დამუხრუჭებისათვის საჭირო დრო და მანძილი",
      "3\nსავალდებულოა საავარიო შუქსიგნალიზაციის ჩართვა"
    ]
  },
  {
    "id": 690,
    "correctAnswer": 0,
    "imageUrl": "assets/images/image.png",
    "correctVideo": "assets/videos/correct.mp4",
    "wrongVideo": "assets/videos/wrong.mp4",
    "previewVideo": "assets/videos/preview.mp4",
    "question": "მოყინულ გზის მონაკვეთზე მძღოლმა:",
    "answers": [
      "შეძლებისდაგვარად თავი უნდა აარიდოს დამუხრუჭებას, სიჩქარის ცვლილებასა და მიმართულების მკვეთრ შეცვლას",
      "დამუხრუჭებისათვის დამატებით უნდა გამოიყენოს ხელის მუხრუჭი",
      "მიმართულების შეცვლა უნდა განახორციელოს საჭის მკვეთრი მობრუნებითა და სიჩქარის მომატებით"
    ]
  },
  {
    "id": 691,
    "correctAnswer": 1,
    "imageUrl": "assets/images/image.png",
    "correctVideo": "assets/videos/correct.mp4",
    "wrongVideo": "assets/videos/wrong.mp4",
    "previewVideo": "assets/videos/preview.mp4",
    "question": "წვიმისა და თოვის დროს მოძრაობისას, მძღოლმა უნდა:",
    "answers": [
      "შეამციროს დისტანცია მასსა და მის წინ მიმავალ სატრანსპორტო საშუალებას შორის",
      "შეამციროს სიჩქარე და გაზარდოს დისტანცია მასსა და მის წინ მიმავალ სატრანსპორტო საშუალებას შორის",
      "ჩართოს საავარიო შუქსიგნალიზაცია"
    ]
  },
  {
    "id": 692,
    "correctAnswer": 2,
    "imageUrl": "assets/images/image.png",
    "correctVideo": "assets/videos/correct.mp4",
    "wrongVideo": "assets/videos/wrong.mp4",
    "previewVideo": "assets/videos/preview.mp4",
    "question": "წვიმისა და თოვის დროს მოძრაობისას მძღოლმა უნდა გაითვალისწინოს, რომ:",
    "answers": [
      "აკრძალულია უკუსვლით მოძრაობა",
      "მიზანშეწონილია მასსა და მის წინ მიმავალ სატრანსპორტო საშუალებას შორის დისტანციის შემცირება",
      "იზრდება სატრანსპორტო საშუალების დამუხრუჭებისათვის საჭირო დრო და მანძილი, ამასთან, ნალექი აუარესებს ხილვადობას"
    ]
  },
  {
    "id": 693,
    "correctAnswer": 0,
    "imageUrl": "assets/images/image.png",
    "correctVideo": "assets/videos/correct.mp4",
    "wrongVideo": "assets/videos/wrong.mp4",
    "previewVideo": "assets/videos/preview.mp4",
    "question": "წვიმის დაწყებისას გზის ზედაპირი ტალახიანდება და ქმნის მოცურების საშიშროებას, რის გამოც მძღოლმა უნდა:",
    "answers": [
      "შეამციროს სიჩქარე მდორე დამუხრუჭებით",
      "შეამციროს სიჩქარე მკვეთრი დამუხრუჭებით",
      "გაზარდოს სიჩქარე"
    ]
  },
  {
    "id": 694,
    "correctAnswer": 0,
    "imageUrl": "assets/images/image.png",
    "correctVideo": "assets/videos/correct.mp4",
    "wrongVideo": "assets/videos/wrong.mp4",
    "previewVideo": "assets/videos/preview.mp4",
    "question": "მძღოლმა უნდა გაითვალისწინოს, რომ:",
    "answers": [
      "მოსახვევში მუხრუჭის მკვეთრად გამოყენებამ ან/და მაღალი სიჩქარით შესვლამ შესაძლოა გამოიწვიოს სატრანსპორტო საშუალების მართვაზე კონტროლის დაკარგვა",
      "მოსახვევში შესასვლელად სიჩქარის შემცირება უნდა განხორციელდეს მკვეთრი დამუხრუჭებით",
      "მიზანშეწონილია მოხვევა განხორციელდეს მაღალი სიჩქარით"
    ]
  },
  {
    "id": 695,
    "correctAnswer": 1,
    "imageUrl": "assets/images/image.png",
    "correctVideo": "assets/videos/correct.mp4",
    "wrongVideo": "assets/videos/wrong.mp4",
    "previewVideo": "assets/videos/preview.mp4",
    "question": "გზაზე წყლის გუბეების არსებობისას მძღოლმა უნდა გაითვალისწინოს, რომ:",
    "answers": [
      "მიზანშეწონილია გუბეში გავლისას სიჩქარის გაზრდა",
      "გართულებულია სატრანსპორტო საშუალების მართვა და დამუხრუჭება, ამასთან, დიდია სატრანსპორტო საშუალების მოცურების ალბათობა",
      "მიზანშეწონილია მასსა და მის წინ მიმავალ სატრანსპორტო საშუალებას შორის დისტანციის შემცირება"
    ]
  },
  {
    "id": 696,
    "correctAnswer": 2,
    "imageUrl": "assets/images/image.png",
    "correctVideo": "assets/videos/correct.mp4",
    "wrongVideo": "assets/videos/wrong.mp4",
    "previewVideo": "assets/videos/preview.mp4",
    "question": "თუ სატრანსპორტო საშუალების მძღოლი სწორ გზაზე მოძრაობისას მოულოდნელად მოხვდა მოლიპულ მოკლე მონაკვეთზე, მან უნდა:",
    "answers": [
      "ერთჯერადი მკვეთრი დამუხრუჭებით შეანელოს მოძრაობის სიჩქარე",
      "მრავალჯერადი მდორე დამუხრუჭებით შეანელოს მოძრაობის სიჩქარე",
      "მოძრაობის სიჩქარის შეუცვლელად გააგრძელოს მოძრაობა იმავე ტრაექტორიით"
    ]
  },
  {
    "id": 697,
    "correctAnswer": 0,
    "imageUrl": "assets/images/image.png",
    "correctVideo": "assets/videos/correct.mp4",
    "wrongVideo": "assets/videos/wrong.mp4",
    "previewVideo": "assets/videos/preview.mp4",
    "question": "წყლის დაბრკოლების გადალახვის შემდეგ სამუხრუჭო ხუნდების დასველების შემთხვევაში, სატრანსპორტო საშუალების მძღოლმა მუხრუჭის ეფექტურობის აღსადგენად უნდა:",
    "answers": [
      "გააგრძელოს მოძრაობა და გააშროს სამუხრუჭე ხუნდები სატერფულზე ფეხის მრავალჯერადი ხანმოკლე დაჭერით",
      "იმოძრაოს სადგომი მუხრუჭის ნახევრად ამოწეული ბერკეტით",
      "გააგრძელოს მოძრაობა სიფრთხილით, სარემონტო ადგილამდე"
    ]
  },
  {
    "id": 698,
    "correctAnswer": 1,
    "imageUrl": "assets/images/image.png",
    "correctVideo": "assets/videos/correct.mp4",
    "wrongVideo": "assets/videos/wrong.mp4",
    "previewVideo": "assets/videos/preview.mp4",
    "question": "დღე-ღამის ბნელ დროს საპირისპირო მიმართულებიდან მომავალი სატრანსპორტო საშუალების ფარების შუქით თვალის მოჭრის სიძლიერის შემცირების მიზნით, მძღოლისათვის მიზანშეწონილია:",
    "answers": [
      "1\nჩართოს ავტომობილის სალონის განათება",
      "2\nგანახორციელოს მკვეთრი დამუხრუჭება და გაიკეთოს მსუბუქად ტონირებული მზის სათვალე",
      "3\nშეძლებისდაგვარად მიმართოს მზერა სავალი ნაწილის მარჯვენა ნაპირის მხარეს"
    ]
  },
  {
    "id": 699,
    "correctAnswer": 2,
    "imageUrl": "assets/images/image.png",
    "correctVideo": "assets/videos/correct.mp4",
    "wrongVideo": "assets/videos/wrong.mp4",
    "previewVideo": "assets/videos/preview.mp4",
    "question": "რა იგულისხმება, მძღოლის რეაქციის დროში?",
    "answers": [
      "1\nდრო საფრთხის აღმოჩენიდან სატრანსპორტო საშუალების სრულ გაჩერებამდე",
      "2\nდრო საფრთხის აღმოჩენიდან მისი თავიდან აცილებისათვის საჭირო ზომების მიღებამდე",
      "3\nაუცილებელი დრო აქსელერატორის სატერფულიდან მუხრუჭის სატერფულზე ფეხის გადატანისთვის"
    ]
  },
  {
    "id": 700,
    "correctAnswer": 0,
    "imageUrl": "assets/images/image.png",
    "correctVideo": "assets/videos/correct.mp4",
    "wrongVideo": "assets/videos/wrong.mp4",
    "previewVideo": "assets/videos/preview.mp4",
    "question": "ნისლიან ამინდში სატრანსპორტო საშუალებით მოძრაობისას მანძილს საგნებამდე აღვიქვამთ:",
    "answers": [
      "1\nუფრო მეტად, ვიდრე რეალურადაა",
      "2\nუფრო ნაკლებად, ვიდრე რეალურადაა",
      "3\nისე, როგორც რეალურადაა"
    ]
  },
  {
    "id": 701,
    "correctAnswer": 2,
    "imageUrl": "assets/images/image.png",
    "correctVideo": "assets/videos/correct.mp4",
    "wrongVideo": "assets/videos/wrong.mp4",
    "previewVideo": "assets/videos/preview.mp4",
    "question": "ავტომობილის დამუხრუჭებისას გამოცემული ლითონის ხმა და დამახასიათებელი ჭრიალი მიუთითებს:",
    "answers": [
      "1\nპნევმატური სამუხრუჭო სისტემიდან ჰაერის გაჟონვაზე",
      "2\nმუხრუჭების არასათანადო რეგულირებაზე",
      "3\nსამუხრუჭე ხუნდების გაცვეთაზე",
      "4\nპნევმატური სამუხრუჭო სისტემაში მომატებულ კონდესატის დონეზე"
    ]
  },
  {
    "id": 702,
    "correctAnswer": 2,
    "imageUrl": "assets/images/image.png",
    "correctVideo": "assets/videos/correct.mp4",
    "wrongVideo": "assets/videos/wrong.mp4",
    "previewVideo": "assets/videos/preview.mp4",
    "question": "საავტომობილო ზეთი ნიადაგში მოხვედრისას:",
    "answers": [
      "1\nმალევე ორთქლდება და არ აბინძურებს გარემოს",
      "2\nიშლება წვრილ ნაწილაკებად, რის გამოც გავლენას არ ახდენს ეკოლოგიაზე",
      "3\nიწვევს ნიადაგისა და გრუნტის წყლების ხანგრძლივ დაბინძურებას"
    ]
  }
]