[
  {
    "id": 99,
    "correctAnswer": 3,
    "imageUrl": "assets/images/image.png",
    "correctVideo": "assets/videos/correct_1.mp4",
    "wrongVideo": "assets/videos/wrong_1.mp4",
    "previewVideo": "assets/videos/preview_1.mp4",
    "question": "მსუბუქი ავტომობილის მძღოლს უფლება აქვს მოძრაობა გააგრძელოს:",
    "answers": [
      "1\nმხოლოდ A, C და D მიმართულებით",
      "2\nA, B, C და D მიმართულებით",
      "3\nმხოლოდ B და C მიმართულებით",
      "4\nმხოლოდ D მიმართულებით"
    ]
  },
  {
    "id": 100,
    "correctAnswer": 2,
    "imageUrl": "assets/images/image.png",
    "correctVideo": "assets/videos/correct_2.mp4",
    "wrongVideo": "assets/videos/wrong_2.mp4",
    "previewVideo": "assets/videos/preview_2.mp4",
    "question": "მსუბუქი ავტომობილის მძღოლს უფლება აქვს იმოძრაოს:",
    "answers": [
      "1\nმხოლოდ A მიმართულებით",
      "2\nმხოლოდ B მიმართულებით",
      "3\nროგორც A, ასევე B მიმართულებით"
    ]
  },
  {
    "id": 101,
    "correctAnswer": 3,
    "imageUrl": "assets/images/image.png",
    "correctVideo": "assets/videos/correct_3.mp4",
    "wrongVideo": "assets/videos/wrong_3.mp4",
    "previewVideo": "assets/videos/preview_3.mp4",
    "question": "მოცემულ სიტუაციაში, მოსახვევს გაცდენილი ავტომობილის მძღოლს, მარჯვენა მოსახვევში შესვლის მიზნით:",
    "answers": [
      "1\nუფლება აქვს მოაბრუნოს ავტომობილი A მიმართულებით",
      "2\nუფლება აქვს იმოძრაოს უკუსვლით B მიმართულებით",
      "3\nუფლება აქვს იმოძრაოს როგორც A, ასევე B მიმართულებით",
      "4\nმოძრაობა ეკრძალება როგორც A, ასევე B მიმართულებით"
    ]
  },
  {
    "id": 102,
    "correctAnswer": 0,
    "imageUrl": "assets/images/image.png",
    "correctVideo": "assets/videos/correct_4.mp4",
    "wrongVideo": "assets/videos/wrong_4.mp4",
    "previewVideo": "assets/videos/preview_4.mp4",
    "question": "მოცემული საგზაო ნიშანი:",
    "answers": [
      "1\nმოძრაობის ნებას რთავს მხოლოდ პირდაპირი მიმართულებით",
      "2\nაღნიშნავს გზას ან სავალ ნაწილს, რომელზედაც სატრანსპორტო საშუალებებით მოძრაობა მთელ სიგანეზე ხორციელდაბა ერთი მიმართულებით",
      "3\nკრძალავს სატრანსპორტო საშუალებების გაჩერებას და დგომას"
    ]
  },
  {
    "id": 103,
    "correctAnswer": 2,
    "imageUrl": "assets/images/image.png",
    "correctVideo": "assets/videos/correct_5.mp4",
    "wrongVideo": "assets/videos/wrong_5.mp4",
    "previewVideo": "assets/videos/preview_5.mp4",
    "question": "მოცემული საგზაო ნიშანი:",
    "answers": [
      "1\nმიუთითებს გზას ან სავალ ნაწილს, რომელზედაც სატრანსპორტო საშუალებებით მოძრაობა მთელ სიგანეზე ხორციელდება ერთი მიმართულებით",
      "2\nკრძალავს სატრანსპორტო საშუალებების გაჩერებას და დგომას",
      "3\nმოძრაობის ნებას რთავს მხოლოდ მარჯვნივ"
    ]
  },
  {
    "id": 104,
    "correctAnswer": 0,
    "imageUrl": "assets/images/image.png",
    "correctVideo": "assets/videos/correct_6.mp4",
    "wrongVideo": "assets/videos/wrong_6.mp4",
    "previewVideo": "assets/videos/preview_6.mp4",
    "question": "მოცემული საგზაო ნიშნებიდან რომელი მიუთითებს გამყოფი ზოლის, უსაფრთხოების კუნძულის ან რაიმე დაბრკოლების შემოვლის მიმართულებას მხოლოდ მარჯვნიდან?",
    "answers": [
      "1\nIII",
      "2\nIV",
      "3\nI",
      "4\nII"
    ]
  },
  {
    "id": 105,
    "correctAnswer": 2,
    "imageUrl": "assets/images/image.png",
    "correctVideo": "assets/videos/correct_7.mp4",
    "wrongVideo": "assets/videos/wrong_7.mp4",
    "previewVideo": "assets/videos/preview_7.mp4",
    "question": "მოცემული საგზაო ნიშნებიდან რომელი მიუთითებს გამყოფი ზოლის, უსაფრთხოების კუნძულის ან რაიმე დაბრკოლების შემოვლის მიმართულებას მარჯვნიდან ან მარცხნიდან?",
    "answers": [
      "1\nII",
      "2\nI",
      "3\nIV",
      "4\nIII"
    ]
  },
  {
    "id": 106,
    "correctAnswer": 2,
    "imageUrl": "assets/images/image.png",
    "correctVideo": "assets/videos/correct_8.mp4",
    "wrongVideo": "assets/videos/wrong_8.mp4",
    "previewVideo": "assets/videos/preview_8.mp4",
    "question": "მოცემული საგზაო ნიშნებიდან რომელი აღნიშნავს ველოსიპედით მოძრაობისათვის განკუთვნილ ბილიკს, რომელიც კონსტრუქციულად გამოყოფილია სხვა გზისაგან ან გზის სხვა ელემენტებისაგან?",
    "answers": [
      "1\nIV",
      "2\nIII",
      "3\nII",
      "4\nI"
    ]
  },
  {
    "id": 107,
    "correctAnswer": 0,
    "imageUrl": "assets/images/image.png",
    "correctVideo": "assets/videos/correct_9.mp4",
    "wrongVideo": "assets/videos/wrong_9.mp4",
    "previewVideo": "assets/videos/preview_9.mp4",
    "question": "მოცემული საგზაო ნიშნებიდან რომელი ადგენს გზაზე მოძრაობის მინიმალური სიჩქარის ზღვარს?",
    "answers": [
      "1\nIV",
      "2\nIII",
      "3\nII",
      "4\nI"
    ]
  },
  {
    "id": 108,
    "correctAnswer": 0,
    "imageUrl": "assets/images/image.png",
    "correctVideo": "assets/videos/correct_10.mp4",
    "wrongVideo": "assets/videos/wrong_10.mp4",
    "previewVideo": "assets/videos/preview_10.mp4",
    "question": "მოცემული საგზაო ნიშნებიდან რომელი აღნიშნავს გზის მონაკვეთს, რომელზეც მოძრავ სატრანსპორტო საშუალებას, არანაკლებ ორ წამყვან საბურავზე, სავალდებულოა დამაგრებული ჰქონდეს მოცურების საწინააღმდეგო ჯაჭვები?",
    "answers": [
      "1\nIII",
      "2\nIV",
      "3\nI",
      "4\nII"
    ]
  },
  {
    "id": 109,
    "correctAnswer": 1,
    "imageUrl": "assets/images/image.png",
    "correctVideo": "assets/videos/correct_11.mp4",
    "wrongVideo": "assets/videos/wrong_11.mp4",
    "previewVideo": "assets/videos/preview_11.mp4",
    "question": "რომელი ავტომობილის მძღოლი დაარღვევს საგზაო მოძრაობის წესებს ისრის მიმართულებით მოძრაობის შემთხვევაში, თუ ისინი შედიან ეზოს ტერიტორიაზე?",
    "answers": [
      "1\nთეთრი ავტომობილის მძღოლი",
      "2\nყვითელი ავტომობილის მძღოლი",
      "3\nორივე ავტომობილის მძღოლი",
      "4\nარცერთი ავტომობილის მძღოლი"
    ]
  },
  {
    "id": 110,
    "correctAnswer": 3,
    "imageUrl": "assets/images/image.png",
    "correctVideo": "assets/videos/correct_12.mp4",
    "wrongVideo": "assets/videos/wrong_12.mp4",
    "previewVideo": "assets/videos/preview_12.mp4",
    "question": "მსუბუქი ავტომობილის მძღოლს მოძრაობის გაგრძელების უფლება აქვს:",
    "answers": [
      "1\nმხოლოდ პირდაპირ და მარჯვნივ",
      "2\nმხოლოდ პირდაპირ და მარცხნივ",
      "3\nმხოლოდ პირდაპირ",
      "4\nყველა მიმართულებით"
    ]
  },
  {
    "id": 111,
    "correctAnswer": 0,
    "imageUrl": "assets/images/image.png",
    "correctVideo": "assets/videos/correct_13.mp4",
    "wrongVideo": "assets/videos/wrong_13.mp4",
    "previewVideo": "assets/videos/preview_13.mp4",
    "question": "მსუბუქი ავტომობილის მძღოლს მოძრაობის გააგრძელების უფლება აქვს:",
    "answers": [
      "1\nმხოლოდ პირდაპირ",
      "2\nმხოლოდ მარჯვნივ",
      "3\nპირდაპირ და მარჯვნივ"
    ]
  },
  {
    "id": 112,
    "correctAnswer": 2,
    "imageUrl": "assets/images/image.png",
    "correctVideo": "assets/videos/correct_14.mp4",
    "wrongVideo": "assets/videos/wrong_14.mp4",
    "previewVideo": "assets/videos/preview_14.mp4",
    "question": "მსუბუქი ავტომობილის მძღოლს მოძრაობის გაგრძელების უფლება აქვს:",
    "answers": [
      "1\nმხოლოდ მარცხნივ",
      "2\nმხოლოდ უკუმიმართულებით (მობრუნება)",
      "3\nმარცხნივ და უკუმიმართულებით (მობრუნება)"
    ]
  },
  {
    "id": 113,
    "correctAnswer": 1,
    "imageUrl": "assets/images/image.png",
    "correctVideo": "assets/videos/correct_15.mp4",
    "wrongVideo": "assets/videos/wrong_15.mp4",
    "previewVideo": "assets/videos/preview_15.mp4",
    "question": "რომელი ავტომობილის მძღოლი არღვევს საგზაო მოძრაობის წესებს, თუ მწვანე ავტომობილი შედის ეზოში, ხოლო ყვითელი გაჩერებულია?",
    "answers": [
      "1\nმხოლოდ მწვანე ავტომობილის მძღოლი",
      "2\nმხოლოდ ყვითელი ავტომობილის მძღოლი",
      "3\nორივე ავტომობილის მძღოლი"
    ]
  },
  {
    "id": 114,
    "correctAnswer": 1,
    "imageUrl": "assets/images/image.png",
    "correctVideo": "assets/videos/correct_16.mp4",
    "wrongVideo": "assets/videos/wrong_16.mp4",
    "previewVideo": "assets/videos/preview_16.mp4",
    "question": "მოცემულ სიტუაციაში, ეკრძალება თუ არა მსუბუქი ავტომობილის მძღოლს ისრის მიმართულებით მობრუნების მანევრის შესრულება?",
    "answers": [
      "1\nეკრძალება",
      "2\nარ ეკრძალება"
    ]
  },
  {
    "id": 115,
    "correctAnswer": 0,
    "imageUrl": "assets/images/image.png",
    "correctVideo": "assets/videos/correct_17.mp4",
    "wrongVideo": "assets/videos/wrong_17.mp4",
    "previewVideo": "assets/videos/preview_17.mp4",
    "question": "მოცემულ სიტუაციაში, ეკრძალება თუ არა მსუბუქი ავტომობილის მძღოლს ისრის მიმართულებით მობრუნება?",
    "answers": [
      "1\nეკრძალება",
      "2\nარ ეკრძალება"
    ]
  },
  {
    "id": 116,
    "correctAnswer": 0,
    "imageUrl": "assets/images/image.png",
    "correctVideo": "assets/videos/correct_19.mp4",
    "wrongVideo": "assets/videos/wrong_19.mp4",
    "previewVideo": "assets/videos/preview_19.mp4",
    "question": "რომელი სატრანსპორტო საშუალების მძღოლი არ დაარღვევს საგზაო მოძრაობის წესებს ისრის მიმართულებით მოძრაობის შემთხვევაში?",
    "answers": [
      "1\nმხოლოდ მსუბუქი ავტომობილის მძღოლი",
      "2\nმხოლოდ მოტოციკლის მძღოლი",
      "3\nორივე სატრანსპორტო საშუალების მძღოლი"
    ]
  },
  {
    "id": 117,
    "correctAnswer": 2,
    "imageUrl": "assets/images/image.png",
    "correctVideo": "assets/videos/correct_19.mp4",
    "wrongVideo": "assets/videos/wrong_19.mp4",
    "previewVideo": "assets/videos/preview_19.mp4",
    "question": "მოცემულ სიტუაციაში, მსუბუქი ავტომობილის მძღოლს მოძრაობის გააგრძელების უფლება აქვს:",
    "answers": [
      "1\nმხოლოდ A მიმართულებით",
      "2\nმხოლოდ B მიმართულებით",
      "3\nროგორც A, ასევე B მიმართულებით"
    ]
  },
  {
    "id": 118,
    "correctAnswer": 2,
    "imageUrl": "assets/images/image.png",
    "correctVideo": "assets/videos/correct_19.mp4",
    "wrongVideo": "assets/videos/wrong_19.mp4",
    "previewVideo": "assets/videos/preview_19.mp4",
    "question": "მოცემული საგზაო ნიშნებიდან რომელი აღნიშნავს მობრუნების ადგილს?",
    "answers": [
      "1\nმხოლოდ II",
      "2\nმხოლოდ I",
      "3\nმხოლოდ IV",
      "4\nმხოლოდ III"
    ]
  },
  {
    "id": 119,
    "correctAnswer": 3,
    "imageUrl": "assets/images/image.png",
    "correctVideo": "assets/videos/correct_19.mp4",
    "wrongVideo": "assets/videos/wrong_19.mp4",
    "previewVideo": "assets/videos/preview_19.mp4",
    "question": "მოცემული საგზაო ნიშნებიდან რომელის მოქმედება ვრცელდება მხოლოდ სავალი ნაწილების იმ გადაკვეთაზე, რომლის წინაც ისინია დადგმული?",
    "answers": [
      "1\nმხოლოდ I და II",
      "2\nმხოლოდ I და III",
      "3\nმხოლოდ II და IV",
      "4\nყველასი"
    ]
  },
  {
    "id": 120,
    "correctAnswer": 1,
    "imageUrl": "assets/images/image.png",
    "correctVideo": "assets/videos/correct_19.mp4",
    "wrongVideo": "assets/videos/wrong_19.mp4",
    "previewVideo": "assets/videos/preview_19.mp4",
    "question": "მოცემული საგზაო ნიშნებიდან რომლის მოქმედება არ ვრცელდება ნიშნის დადგმის ადგილიდან მის შემდეგ მდებარე უახლოეს გზაჯვარედინამდე?",
    "answers": [
      "1\nმხოლოდ I და IV",
      "2\nმხოლოდ IV",
      "3\nმხოლოდ II და III",
      "4\nმხოლოდ III"
    ]
  }
]