[
  {
    "id": 539,
    "correctAnswer": 0,
    "imageUrl": "assets/images/image.png",
    "correctVideo": "assets/videos/correct.mp4",
    "wrongVideo": "assets/videos/wrong.mp4",
    "previewVideo": "assets/videos/preview.mp4",
    "question": "ნებადართულია თუ არა მგზავრების იმ რაოდენობით ან ისე გადაყვანა, რომ ეს ხელს უშლიდეს მართვას ან მძღოლს უზღუდავდეს ხედვის არეს?",
    "answers": [
      "არ არის ნებადართული",
      "ნებადართულია, მხოლოდ მძღოლის თანხმობით",
      "ნებადართულია, მხოლოდ დაუსახლებელ პუნქტებში, მეორეხარისხოვან გზაზე, იმ პირობით, რომ სატრანსპორტო საშუალების სიჩქარე არ უნდა აღემატებოდეს 40 კმ/სთ"
    ]
  },
  {
    "id": 540,
    "correctAnswer": 3,
    "imageUrl": "assets/images/image.png",
    "correctVideo": "assets/videos/correct.mp4",
    "wrongVideo": "assets/videos/wrong.mp4",
    "previewVideo": "assets/videos/preview.mp4",
    "question": "აკრძალული არ არის მგზავრთა გადაყვანა:",
    "answers": [
      "ტრაქტორის და სხვა თვითმავალი მანქანების სალონის, ან კაბინის გარეთ",
      "სატვირთო ავტომობილის მისაბმელით, აგრეთვე მისაბმელ-აგარაკით",
      "სატვირთო მოტოციკლის ძარით",
      "მობუქსირე ავტობუსით"
    ]
  },
  {
    "id": 541,
    "correctAnswer": 1,
    "imageUrl": "assets/images/image.png",
    "correctVideo": "assets/videos/correct.mp4",
    "wrongVideo": "assets/videos/wrong.mp4",
    "previewVideo": "assets/videos/preview.mp4",
    "question": "აკრძალულია თუ არა მგზავრთა გადაყვანა იმ სატრანსპორტო საშუალებით, რომლის ფაქტობრივი მასა აღემატება მის ნებადართულ მაქსიმალურ მასას?",
    "answers": [
      "არ არის აკრძალული",
      "აკრძალულია"
    ]
  },
  {
    "id": 542,
    "correctAnswer": 3,
    "imageUrl": "assets/images/image.png",
    "correctVideo": "assets/videos/correct.mp4",
    "wrongVideo": "assets/videos/wrong.mp4",
    "previewVideo": "assets/videos/preview.mp4",
    "question": "სატრანსპორტო საშუალებაზე ნებისმიერი ტვირთი იმგვარად უნდა მოთავსდეს და აუცილებლობის შემთხვევაში დამაგრდეს, რომ მისი გადაზიდვისას:",
    "answers": [
      "მხოლოდ საფრთხე არ შეექმნას საგზაო მოძრაობის სხვა მონაწილეს, ზიანი არ მიადგეს სახელმწიფო, საზოგადოებრივ და კერძო ქონებას, ტვირთი არ ეთრეოდეს და არ ცვიოდეს გზაზე",
      "მხოლოდ არ იქნეს შეზღუდული ხილვადობა და მხედველობის არე, არ დაირღვეს სატრანსპორტო საშუალების მდგრადობა და არ გაძნელდეს მისი მართვა",
      "მხოლოდ არ დაიფაროს სინათლეები, სდექ-სიგნალი, მოხვევის მაჩვენებლები, შუქამრეკლი მოწყობილობები, რეგისტრაციის ნომერი და მარეგისტრირებელი სახელმწიფოს განმასხვავებელი ნიშანი, აგრეთვე ამ კანონით განსაზღვრული ხელით მისაცემი სიგნალები",
      "დაცული იქნეს ამ ბილეთში ჩამოთვლილი ყველა პირობა"
    ]
  },
  {
    "id": 543,
    "correctAnswer": 0,
    "imageUrl": "assets/images/image.png",
    "correctVideo": "assets/videos/correct.mp4",
    "wrongVideo": "assets/videos/wrong.mp4",
    "previewVideo": "assets/videos/preview.mp4",
    "question": "ტვირთი უნდა აღინიშნოს საცნობი ნიშნით - „არაგაბარიტული (მსხვილგაბარიტიანი) ტვირთი\", თუ ის სატრანსპორტო საშუალების გაბარიტს გარეთ, წინ ან/და უკან გადმოშვერილია:",
    "answers": [
      "1,0 მეტრზე მეტად",
      "არანაკლებ 1,5 მეტრით",
      "არანაკლებ 2,0 მეტრით"
    ]
  },
  {
    "id": 544,
    "correctAnswer": 2,
    "imageUrl": "assets/images/image.png",
    "correctVideo": "assets/videos/correct.mp4",
    "wrongVideo": "assets/videos/wrong.mp4",
    "previewVideo": "assets/videos/preview.mp4",
    "question": "ტვირთი უნდა აღინიშნოს საცნობი ნიშნით - „არაგაბარიტული (მსხვილგაბარიტიანი) ტვირთი\", თუ ის გვერდიდან, საგაბარიტო სინათლის გარე ნაპირიდან გადმოშვერილია:",
    "answers": [
      "არანაკლებ 2 მეტრით",
      "არანაკლებ 1,5 მეტრით",
      "0,4 მეტრზე მეტად"
    ]
  },
  {
    "id": 545,
    "correctAnswer": 2,
    "imageUrl": "assets/images/image.png",
    "correctVideo": "assets/videos/correct.mp4",
    "wrongVideo": "assets/videos/wrong.mp4",
    "previewVideo": "assets/videos/preview.mp4",
    "question": "დღე-ღამის ბნელ დროს ან არასაკმარისი ხილვადობის პირობებში, სატრანსპორტო საშუალების გაბარიტს გარეთ, წინ ან/და უკან ერთ მეტრზე მეტად, ან გვერდიდან საგაბარიტო სინათლის გარე ნაპირიდან 0,4 მეტრზე მეტად გადმოშვერილი ტვირთი დამატებით უნდა აღინიშნოს:",
    "answers": [
      "მხოლოდ წინ - თეთრი ფარნით ან შუქამრეკლით",
      "მხოლოდ უკან – წითელი ფარნით ან შუქამრეკლით",
      "როგორც წინ - თეთრი ფარნით ან შუქამრეკლით, ასევე უკან – წითელი ფარნით ან შუქამრეკლით"
    ]
  },
  {
    "id": 546,
    "correctAnswer": 2,
    "imageUrl": "assets/images/image.png",
    "correctVideo": "assets/videos/correct.mp4",
    "wrongVideo": "assets/videos/wrong.mp4",
    "previewVideo": "assets/videos/preview.mp4",
    "question": "სატრანსპორტო საშუალებით ბავშვთა გადაყვანა დასაშვებია:",
    "answers": [
      "მხოლოდ დგომით მდგომარეობაში",
      "ჯდომით მდგომარეობაში, თუ სატრანსპორტო საშუალების კონსტრუქცია ითვალისწინებს დასაჯდომ ადგილებს, ხოლო თუ არ ითვალისწინებს - დგომით მდგომარეობაში",
      "მხოლოდ ჯდომით მდგომარეობაში"
    ]
  },
  {
    "id": 547,
    "correctAnswer": 1,
    "imageUrl": "assets/images/image.png",
    "correctVideo": "assets/videos/correct.mp4",
    "wrongVideo": "assets/videos/wrong.mp4",
    "previewVideo": "assets/videos/preview.mp4",
    "question": "გზაზე ან მის სიახლოვეს ბავშვის დანახვის შემთხვევაში, მძღოლმა უნდა:",
    "answers": [
      "გააჩეროს სატრანსპორტო საშუალება და ჩართოს საავარიო შუქსიგნალიზაცია",
      "გამოიჩინოს განსაკუთრებული სიფრთხილე და იმოძრაოს სიჩქარით, რომელიც თავიდან ააცილებს საფრთხეს და აუცილებლობის შემთხვევაში მკვეთრი დამუხრუჭების გარეშე გაჩერების შესაძლებლობას მისცემს",
      "გაზარდოს სიჩქარე, რათა დროულად გაიაროს აღნიშნული გზის მონაკვეთი"
    ]
  },
  {
    "id": 548,
    "correctAnswer": 2,
    "imageUrl": "assets/images/image.png",
    "correctVideo": "assets/videos/correct.mp4",
    "wrongVideo": "assets/videos/wrong.mp4",
    "previewVideo": "assets/videos/preview.mp4",
    "question": "გზაზე გაჩერებული ავტობუსის დანახვისას, რომელზეც დამაგრებულია საცნობი ნიშანი -„ბავშვების გადაყვანა\", მძღოლი ვალდებულია:",
    "answers": [
      "მისცეს ხმოვანი სიგნალი და გაიაროს შეუჩერებლივ",
      "გააჩეროს სატრანსპორტო საშუალება და არ დაძრას იგი, სანამ აღნიშნული ავტობუსი არ გააგრძელებს მოძრაობას",
      "გამოიჩინოს განსაკუთრებული სიფრთხილე და იმოძრაოს სიჩქარით, რომელიც თავიდან ააცილებს საფრთხეს და აუცილებლობის შემთხვევაში მკვეთრი დამუხრუჭების გარეშე შეძლებს გაჩერებას"
    ]
  },
  {
    "id": 549,
    "correctAnswer": 0,
    "imageUrl": "assets/images/image.png",
    "correctVideo": "assets/videos/correct.mp4",
    "wrongVideo": "assets/videos/wrong.mp4",
    "previewVideo": "assets/videos/preview.mp4",
    "question": "ვალდებულია თუ არა გზაზე მოძრავი სატრანსპორტო საშუალების მძღოლი, გზა დაუთმოს თეთრი ფერის ხელჯოხით მოძრავ უსინათლო ქვეითს, რომელიც კვეთს სავალ ნაწილს?",
    "answers": [
      "ვალდებულია ყველა შემთხვევაში",
      "ვალდებულია, მხოლოდ იმ შემთხვევაში, თუ უსინათლო ქვეითი მოძრაობს რეგულირებულ ქვეითთა გადასასვლელზე",
      "არ არის ვალდებული"
    ]
  },
  {
    "id": 550,
    "correctAnswer": 0,
    "imageUrl": "assets/images/image.png",
    "correctVideo": "assets/videos/correct.mp4",
    "wrongVideo": "assets/videos/wrong.mp4",
    "previewVideo": "assets/videos/preview.mp4",
    "question": "რა შემთხვევაშია ვალდებული მძღოლი, გზა დაუთმოს გამყოლ ძაღლთან ერთად მოძრავ უსინათლო ქვეითს?",
    "answers": [
      "ვალდებულია ყველა შემთხვევაში",
      "ვალდებულია, მხოლოდ იმ შემთხვევაში, თუ უსინათლო ქვეითი მოძრაობს რეგულირებულ ქვეითთა გადასასვლელზე",
      "ვალდებულია, მხოლოდ იმ შემთხვევაში, თუ უსინათლო ქვეითი მოძრაობს არარეგულირებულ ქვეითთა გადასასვლელზე"
    ]
  },
  {
    "id": 551,
    "correctAnswer": 3,
    "imageUrl": "assets/images/image.png",
    "correctVideo": "assets/videos/correct.mp4",
    "wrongVideo": "assets/videos/wrong.mp4",
    "previewVideo": "assets/videos/preview.mp4",
    "question": "12 წლამდე ასაკის ბავშვის გადაყვანა ნებადართულია:",
    "answers": [
      "მსუბუქ ავტომობილის წინა სავარძლით",
      "მოპედით",
      "მოტოციკლით",
      "ამ ბილეთში ჩამოთვლილი არც ერთი პასუხი არ არის სწორი"
    ]
  },
  {
    "id": 552,
    "correctAnswer": 3,
    "imageUrl": "assets/images/image.png",
    "correctVideo": "assets/videos/correct_131.mp4",
    "wrongVideo": "assets/videos/wrong_131.mp4",
    "previewVideo": "assets/videos/preview_131.mp4",
    "question": "სატრანსპორტო საშულებაზე გადასაზიდი ტვირთის განთავსებისას ან/და დამაგრებისას ქვემოთ ჩამოთვლილი რომელი მოთხოვნის გათვალისწინება არ არის სავალდებულო?",
    "answers": [
      "1\nსაფრთხე არ უნდა შეექმნას სხვა საგზაო მოძრაობის მონაწილეებს, ზიანი არ მიადგეს სახელმწიფო, საზოგადოებრივ და კერძო ქონებას, ტვირთი არ ეთრეოდეს და არ ცვიოდეს გზაზე",
      "2\nარ უნდა იქნეს შეზღუდული ხილვადობა და მხედველობის არე, არ უნდა დაირღვეს სატრანსპორტო საშუალების მდგრადობა და არ გაძნელდეს მისი მართვა",
      "3\nარ უნდა დაიფაროს სინათლეები, სდექ-სიგნალი, მოხვევის შუქ-მაჩვენებლები, შუქამრეკლი მოწყობილობები, რეგისტრაციის ნომერი და მარეგისტრირებელი სახელმწიფოს განმასხვავებელი ნიშანი, აგრეთვე ხელით მისაცემი სიგნალები",
      "4\nამ ბილეთში ჩამოთვლილი ყველა მოთხოვნის გათვალისწინება სავალდებულოა"
    ]
  }
]