[
  {
    "id": 20,
    "correctAnswer": 0,
    "imageUrl": "assets/images/image.png",
    "correctVideo": "assets/videos/correct.mp4",
    "wrongVideo": "assets/videos/wrong.mp4",
    "previewVideo": "assets/videos/preview.mp4",
    "question": "რომელი ავტომობილის მძღოლს წარმოექმნება გზის დათმობის ვალდებულება ისრის მიმართულებით მოძრაობის შემთხვევაში, თუ მსუბუქი ავტომობილი გამოდის ავტოგასამართი სადგურის ტერიტორიიდან?",
    "answers": [
      "მსუბუქი ავტომობილის მძღოლს",
      "მოპედის მძღოლს"
    ]
  },
  {
    "id": 21,
    "correctAnswer": 2,
    "imageUrl": "assets/images/image.png",
    "correctVideo": "assets/videos/correct.mp4",
    "wrongVideo": "assets/videos/wrong.mp4",
    "previewVideo": "assets/videos/preview.mp4",
    "question": "გზებზე მოპედის მართვა ნებადართულია:",
    "answers": [
      "12 წლის ასაკიდან",
      "14 წლის ასაკიდან",
      "16 წლის ასაკიდან",
      "18 წლის ასაკიდან"
    ]
  },
  {
    "id": 22,
    "correctAnswer": 2,
    "imageUrl": "assets/images/image.png",
    "correctVideo": "assets/videos/correct.mp4",
    "wrongVideo": "assets/videos/wrong.mp4",
    "previewVideo": "assets/videos/preview.mp4",
    "question": "ველოსიპედისა და მოპედის ჯგუფების გზის სავალ ნაწილზე მოძრაობის შემთხვევაში, გასწრების გასაადვილებლად, ჯგუფებს შორის მანძილი უნდა შეადგენდეს:",
    "answers": [
      "40-60 მეტრს",
      "60-80 მეტრს",
      "80-100 მეტრს"
    ]
  },
  {
    "id": 23,
    "correctAnswer": 0,
    "imageUrl": "assets/images/image.png",
    "correctVideo": "assets/videos/correct.mp4",
    "wrongVideo": "assets/videos/wrong.mp4",
    "previewVideo": "assets/videos/preview.mp4",
    "question": "ველოსიპედის მოძრაობის ზოლის ან ველობილიკის ან გვერდულას არარსებობისას, გზის სავალ ნაწილზე გართულებული მოძრაობის შემთხვევაში, თუ არ შეფერხებს ქვეითთა მოძრაობას, ტროტუარზე გადაადგილების უფლება აქვს:",
    "answers": [
      "ველოსიპედის მძღოლს",
      "მოპედის მძღოლს",
      "ამ ბილეთში ჩამოთვლილი ორივე სატრანსპორტო საშუალების მძღოლს",
      "ამ ბილეთში ჩამოთვლილი არცერთი სატრანსპორტო საშუალების მძღოლს"
    ]
  },
  {
    "id": 24,
    "correctAnswer": 0,
    "imageUrl": "assets/images/image.png",
    "correctVideo": "assets/videos/correct.mp4",
    "wrongVideo": "assets/videos/wrong.mp4",
    "previewVideo": "assets/videos/preview.mp4",
    "question": "აკრძალულია თუ არა ავტომობილით მოპედის გასწრება რეგულირებულ გზაჯვარედინზე საპირისპირო მოძრაობის ზოლზე გაუსვლელად",
    "answers": [
      "არ არის აკრძალული",
      "აკრძალულია"
    ]
  },
  {
    "id": 25,
    "correctAnswer": 1,
    "imageUrl": "assets/images/image.png",
    "correctVideo": "assets/videos/correct.mp4",
    "wrongVideo": "assets/videos/wrong.mp4",
    "previewVideo": "assets/videos/preview.mp4",
    "question": "აკრძალულია თუ არა ავტომობილით ეტლიანი მოტოციკლის გასწრება რეგულირებულ გზაჯვარედინზე საპირისპირო მოძრაობის ზოლზე გაუსვლელად?",
    "answers": [
      "აკრძალულია",
      "არ არის აკრძალული"
    ]
  },
  {
    "id": 26,
    "correctAnswer": 2,
    "imageUrl": "assets/images/image.png",
    "correctVideo": "assets/videos/correct.mp4",
    "wrongVideo": "assets/videos/wrong.mp4",
    "previewVideo": "assets/videos/preview.mp4",
    "question": "გაჩერებული სატრანსპორტო საშუალების კარი გზის სავალი ნაწილის, ველობილიკის ან ველოსიპედის ზოლის მხარეს არ უნდა იყოს გაღებული:",
    "answers": [
      "5 წუთზე მეტი ხნით",
      "15 წუთზე მეტი ხნით",
      "მგზავრთა ჩასხდომა-გადმოსხდომისთვის საჭირო დროზე მეტი ხნით",
      "20 წუთზე მეტი ხნით"
    ]
  },
  {
    "id": 27,
    "correctAnswer": 0,
    "imageUrl": "assets/images/image.png",
    "correctVideo": "assets/videos/correct.mp4",
    "wrongVideo": "assets/videos/wrong.mp4",
    "previewVideo": "assets/videos/preview.mp4",
    "question": "აქვს თუ არა უფლება მოპედის, მოტოციკლის, ორბორბლიანი ელექტროთვითმგორავისა და ველოსიპედის მძღოლს გზაზე იმოძრაოს ისე, რომ სატრანსპორტო საშუალების ყველა თვალი არ ეხებოდეს გზის ზედაპირს?",
    "answers": [
      "არ აქვს უფლება",
      "აქვს უფლება"
    ]
  },
  {
    "id": 28,
    "correctAnswer": 0,
    "imageUrl": "assets/images/image.png",
    "correctVideo": "assets/videos/correct.mp4",
    "wrongVideo": "assets/videos/wrong.mp4",
    "previewVideo": "assets/videos/preview.mp4",
    "question": "სამთვლიანი მოპედის მძღოლმა გზაზე ისე უნდა იმოძრაოს, რომ მისი სატრანსპორტო საშუალების:",
    "answers": [
      "ყველა თვალი ეხებოდეს გზის ზედაპირს",
      "ერთი თვალი მაინც ეხებოდეს გზის ზედაპირს",
      "ორი თვალი მაინც ეხებოდეს გზის ზედაპირს"
    ]
  },
  {
    "id": 29,
    "correctAnswer": 2,
    "imageUrl": "assets/images/image.png",
    "correctVideo": "assets/videos/correct.mp4",
    "wrongVideo": "assets/videos/wrong.mp4",
    "previewVideo": "assets/videos/preview.mp4",
    "question": "სავალ ნაწილზე ღამის საათებში მოძრაობისას შესაბმელი, სასაპალნე ან საჯდომი პირუტყვის ან ნახირის მეხრეებმა, მოძრაობის მარცხენა მხრიდან უნდა იქონიონ:",
    "answers": [
      "მხოლოდ წინ -სულ მცირე ერთი თეთრი ან ყვითელი სელექციური სინათლე",
      "მხოლოდ უკან - სულ მცირე ერთი წითელი სინათლე",
      "წინ -სულ მცირე ერთი თეთრი ან ყვითელი სელექციური სინათლე, ხოლო უკან - სულ მცირე ერთი წითელი სინათლე"
    ]
  },
  {
    "id": 30,
    "correctAnswer": 0,
    "imageUrl": "assets/images/image.png",
    "correctVideo": "assets/videos/correct.mp4",
    "wrongVideo": "assets/videos/wrong.mp4",
    "previewVideo": "assets/videos/preview.mp4",
    "question": "რომელ სატრანსპორტო საშუალების მძღოლს წარმოექმნება გზის დათმობის ვალდებულება ისრის მიმართულებით მოძრაობის შემთხვევაში?",
    "answers": [
      "ველოსიპედის მძღოლს",
      "მსუბუქი ავტომობილის მძღოლს"
    ]
  },
  {
    "id": 31,
    "correctAnswer": 1,
    "imageUrl": "assets/images/image.png",
    "correctVideo": "assets/videos/correct.mp4",
    "wrongVideo": "assets/videos/wrong.mp4",
    "previewVideo": "assets/videos/preview.mp4",
    "question": "თუ სატრანსპორტო საშუალების წინ გზის სავალ ნაწილზე გადადის საქონლის ჯოგი, მძღოლმა უნდა გაითვალისწინოს, რომ:",
    "answers": [
      "ჯოგის გადასვლის შემდეგ გზის სავალ ნაწილზე აღარ შეიძლება გამოვიდეს ცალკეული საქონელი",
      "ჯოგის გადასვლის შემდეგ გზის სავალ ნაწილზე კიდე შეიძლება გამოვიდეს ჯოგს ჩამორჩენილი ცალკეული საქონელი"
    ]
  },
  {
    "id": 32,
    "correctAnswer": 3,
    "imageUrl": "assets/images/image.png",
    "correctVideo": "assets/videos/correct.mp4",
    "wrongVideo": "assets/videos/wrong.mp4",
    "previewVideo": "assets/videos/preview.mp4",
    "question": "თუ სატრანსპორტო საშუალების წინ ქვეითთა გადასასვლელზე გადაადგილდება მოხუცი ქვეითი, მძღოლმა უნდა გაითვალისწინოს:",
    "answers": [
      "მხოლოდ გარემოება, რომ ის სავალ ნაწილზე მოძრაობს უფრო ნელა ვიდრე სხვა საგზაო მოძრაობის მონაწილეები",
      "მხოლოდ გარემოება, რომ ის შეიძლება ნახევარი გზიდან მობრუნდეს უკან",
      "მხოლოდ გარემოება, რომ მან შეიძლება დაკარგოს წონასწორობა და წაიქცეს",
      "რომ შეიძლება წარმოიშვას ამ ბილეთში ჩამოთვლილი ნებისმიერი გარემოება"
    ]
  }
]