[
  {
    "id": 151,
    "correctAnswer": 1,
    "imageUrl": "assets/images/image.png",
    "correctVideo": "assets/videos/correct_85.mp4",
    "wrongVideo": "assets/videos/wrong_85.mp4",
    "previewVideo": "assets/videos/preview_85.mp4",
    "question": "რომელი ავტომობილის მძღოლს წარმოექმნება გზის დათმობის ვალდებულება ისრის მიმართულებით მოძრაობის შემთხვევაში?",
    "answers": [
      "1\nსატვირთო ავტომობილის მძღოლს",
      "2\nმსუბუქი ავტომობილის მძღოლს"
    ]
  },
  {
    "id": 152,
    "correctAnswer": 0,
    "imageUrl": "assets/images/image.png",
    "correctVideo": "assets/videos/correct_86.mp4",
    "wrongVideo": "assets/videos/wrong_86.mp4",
    "previewVideo": "assets/videos/preview_86.mp4",
    "question": "რა თანამიმდევრობით უნდა გაიარონ გზაჯვარედინი ისრის მიმართულებით მოძრავმა ავტომობილებმა, თუ სასწრაფო სამედიცინო დახმარების ავტომობილს ჩართული აქვს ლურჯი მოელვარე სპეციალური ციმციმა და ხმოვანი სიგნალები?",
    "answers": [
      "1\nჯერ უნდა გაიაროს სასწრაფო სამედიცინო დახმარების ავტომობილმა, შემდეგ - მსუბუქმა ავტომობილმა და ბოლოს - სატვირთო ავტომობილმა",
      "2\nჯერ უნდა გაიაროს სასწრაფო სამედიცინო დახმარების ავტომობილმა, შემდეგ - სატვირთო ავტომობილმა და ბოლოს - მსუბუქმა ავტომობილმა",
      "3\nჯერ გაიაროს მსუბუქმა ავტომობილმა, შემდეგ - სასწრაფო სამედიცინო დახმარების ავტომობილმა და ბოლოს სატვირთო ავტომობილმა"
    ]
  },
  {
    "id": 153,
    "correctAnswer": 2,
    "imageUrl": "assets/images/image.png",
    "correctVideo": "assets/videos/correct_87.mp4",
    "wrongVideo": "assets/videos/wrong_87.mp4",
    "previewVideo": "assets/videos/preview_87.mp4",
    "question": "რა თანამიმდევრობით უნდა გაიარონ გზაჯვარედინი ავტომობილებმა ისრის მიმართულებით მოძრაობის შემთხვევაში?",
    "answers": [
      "1\nჯერ უნდა გაიაროს მსუბუქმა ავტომობილმა, შემდეგ - სატვირთო ავტომობილმა, ბოლოს - ავტობუსმა",
      "2\nჯერ უნდა გაიაროს სატვირთო ავტომობილმა, შემდეგ - ავტობუსმა, ბოლოს - მსუბუქმა ავტომობილმა",
      "3\nჯერ უნდა გაიაროს ავტობუსმა, შემდეგ - მსუბუქმა ავტომობილმა, ბოლოს - სატვირთო ავტომობილმა"
    ]
  },
  {
    "id": 154,
    "correctAnswer": 1,
    "imageUrl": "assets/images/image.png",
    "correctVideo": "assets/videos/correct_88.mp4",
    "wrongVideo": "assets/videos/wrong_88.mp4",
    "previewVideo": "assets/videos/preview_88.mp4",
    "question": "რა თანამიმდევრობით უნდა გაიარონ გზაჯვარედინი სატრანსპორტო საშუალებებმა ისრის მიმართულებით მოძრაობის შემთხვევაში?",
    "answers": [
      "1\nჯერ უნდა გაიაროს ავტობუსმა, შემდეგ - მოტოციკლმა, ბოლოს - მსუბუქმა ავტომობილმა",
      "2\nჯერ უნდა გაიაროს მსუბუქმა ავტომობილმა, შემდეგ - ავტობუსმა, ბოლოს - მოტოციკლმა",
      "3\nჯერ უნდა გაიაროს მოტოციკლმა, შემდეგ - ავტობუსმა, ბოლოს - მსუბუქმა ავტომობილმა"
    ]
  },
  {
    "id": 155,
    "correctAnswer": 0,
    "imageUrl": "assets/images/image.png",
    "correctVideo": "assets/videos/correct_89.mp4",
    "wrongVideo": "assets/videos/wrong_89.mp4",
    "previewVideo": "assets/videos/preview_89.mp4",
    "question": "ისრების გადაკვეთის ადგილზე გზის დათმობის ვალდებულება წარმოექმნება:",
    "answers": [
      "1\nწითელი ავტომობილის მძღოლს",
      "2\nლურჯი ავტომობილის მძღოლს"
    ]
  },
  {
    "id": 156,
    "correctAnswer": 0,
    "imageUrl": "assets/images/image.png",
    "correctVideo": "assets/videos/correct_90.mp4",
    "wrongVideo": "assets/videos/wrong_90.mp4",
    "previewVideo": "assets/videos/preview_90.mp4",
    "question": "რა თანამიმდევრობით უნდა გაიარონ გზაჯვარედინი ისრის მიმართულებით მოძრავმა სატრანსპორტო საშუალებებმა, თუ ოპერატიული სამსახურის ავტომობილს ჩართული აქვს ლურჯი მოელვარე სპეციალური ციმციმა და ხმოვანი სიგნალები?",
    "answers": [
      "1\nჯერ უნდა გაიაროს ოპერატიული სამსახურის ავტომობილმა, შემდეგ - მსუბუქმა ავტომობილმა, ბოლოს - სატვირთო ავტომობილმა",
      "2\nჯერ უნდა გაიაროს ოპერატიული სამსახურის ავტომობილმა, შემდეგ - სატვირთო ავტომობილმა, ბოლოს - მსუბუქმა ავტომობილმა",
      "3\nჯერ უნდა გაიაროს მსუბუქმა ავტომობილმა, შემდეგ - ოპერატიული სამსახურის ავტომობილმა, ბოლოს - სატვირთო ავტომობილმა"
    ]
  },
  {
    "id": 157,
    "correctAnswer": 3,
    "imageUrl": "assets/images/image.png",
    "correctVideo": "assets/videos/correct_91.mp4",
    "wrongVideo": "assets/videos/wrong_91.mp4",
    "previewVideo": "assets/videos/preview_91.mp4",
    "question": "რომელი სატრანსპორტო საშუალების მძღოლია ვალდებული, ისრის მიმართულებით მოძრაობის შემთხვევაში გზა დაუთმოს ქვეითებს?",
    "answers": [
      "1\nმხოლოდ სატვირთო ავტომობილის მძღოლი",
      "2\nმხოლოდ მსუბუქი ავტომობილის მძღოლი",
      "3\nმხოლოდ მოტოციკლის მძღოლი",
      "4\nსამივე სატრანსპორტო საშუალების მძღოლი"
    ]
  },
  {
    "id": 158,
    "correctAnswer": 1,
    "imageUrl": "assets/images/image.png",
    "correctVideo": "assets/videos/correct_92.mp4",
    "wrongVideo": "assets/videos/wrong_92.mp4",
    "previewVideo": "assets/videos/preview_92.mp4",
    "question": "რა თანამიმდევრობით უნდა გაიარონ გზაჯვარედინი სატრანსპორტო საშუალებებმა ისრის მიმართულებით მოძრაობის შემთხვევაში?",
    "answers": [
      "1\nჯერ უნდა გაიაროს მსუბუქმა ავტომობილმა, შემდეგ - კვადროციკლმა, ბოლოს - ავტობუსმა",
      "2\nჯერ უნდა გაიაროს კვადროციკლმა, შემდეგ - ავტობუსმა, ბოლოს - მსუბუქმა ავტომობილმა",
      "3\nჯერ უნდა გაიაროს ავტობუსმა, შემდეგ - მსუბუქმა ავტომობილმა, ბოლოს - კვადროციკლმა"
    ]
  },
  {
    "id": 159,
    "correctAnswer": 2,
    "imageUrl": "assets/images/image.png",
    "correctVideo": "assets/videos/correct_93.mp4",
    "wrongVideo": "assets/videos/wrong_93.mp4",
    "previewVideo": "assets/videos/preview_93.mp4",
    "question": "რა თანამიმდევრობით უნდა გაიარონ გზაჯვარედინი სატრანსპორტო საშუალებებმა ისრის მიმართულებით მოძრაობის შემთხვევაში?",
    "answers": [
      "1\nჯერ უნდა გაიაროს ყვითელმა ავტომობილმა, შემდეგ - სატვირთო ავტომობილმა, ბოლოს - ლურჯმა ავტომობილმა",
      "2\nჯერ უნდა გაიაროს ლურჯმა ავტომობილმა, შემდეგ - სატვირთო ავტომობილმა, ბოლოს - ყვითელმა ავტომობილმა",
      "3\nჯერ უნდა გაიაროს ყვითელმა ავტომობილმა, შემდეგ - ლურჯმა ავტომობილმა, ბოლოს - სატვირთო ავტომობილმა"
    ]
  },
  {
    "id": 160,
    "correctAnswer": 2,
    "imageUrl": "assets/images/image.png",
    "correctVideo": "assets/videos/correct_94.mp4",
    "wrongVideo": "assets/videos/wrong_94.mp4",
    "previewVideo": "assets/videos/preview_94.mp4",
    "question": "რა თანამიმდევრობით უნდა გაიარონ გზაჯვარედინი ისრის მიმართულებით მოძრავმა სატრანსპორტო საშუალებებმა?",
    "answers": [
      "1\nჯერ უნდა გაიაროს მსუბუქმა ავტომობილმა, შემდეგ - ტრამვაიმ, ბოლოს - სატვირთო ავტომობილმა",
      "2\nჯერ უნდა გაიაროს ტრამვაიმ, შემდეგ - სატვირთო ავტომობილმა, ბოლოს- მსუბუქმა ავტომობილმა",
      "3\nჯერ უნდა გაიაროს ტრამვაიმ, მშემდეგ - მსუბუქმა ავტომობილმა, ბოლოს - სატვირთო ავტომობილმა"
    ]
  },
  {
    "id": 161,
    "correctAnswer": 1,
    "imageUrl": "assets/images/image.png",
    "correctVideo": "assets/videos/correct_95.mp4",
    "wrongVideo": "assets/videos/wrong_95.mp4",
    "previewVideo": "assets/videos/preview_95.mp4",
    "question": "რომელი სატრანსპორტო საშუალების მძღოლის მიმართ წარმოექმნება გზის დათმობის ვალდებულება მსუბუქი ავტომობილის მძღოლს ისრის მიმართულებით მოძრაობის შემთხვევაში?",
    "answers": [
      "1\nმხოლოდ მოტოციკლის მძღოლის მიმართ",
      "2\nმხოლოდ ავტობუსის მძღოლის მიმართ",
      "3\nროგორც მოტოციკლის მძღოლის, ასევე ავტობუსის მძღოლის მიმართ"
    ]
  },
  {
    "id": 162,
    "correctAnswer": 1,
    "imageUrl": "assets/images/image.png",
    "correctVideo": "assets/videos/correct_19.mp4",
    "wrongVideo": "assets/videos/wrong_19.mp4",
    "previewVideo": "assets/videos/preview_19.mp4",
    "question": "რომელი სატრანსპორტო საშუალების მძღოლების მიმართ წარმოექმნება გზის დათმობის ვალდებულება ყვითელი მსუბუქი ავტომობილის მძღოლს ისრის მიმართულებით მოძრაობის შემთხვევაში?",
    "answers": [
      "მხოლოდ ტრამვაისა და ლურჯი მსუბუქი ავტომობილის მძღოლების მიმართ",
      "მხოლოდ ტრამვაისა და სატვირთო ავტომობილის მძღოლების მიმართ",
      "მხოლოდ სატვირთოსა და ლურჯი მსუბუქი ავტომობილის მძღოლების მიმართ"
    ]
  },
  {
    "id": 163,
    "correctAnswer": 3,
    "imageUrl": "assets/images/image.png",
    "correctVideo": "assets/videos/correct_19.mp4",
    "wrongVideo": "assets/videos/wrong_19.mp4",
    "previewVideo": "assets/videos/preview_19.mp4",
    "question": "რომელი სატრანსპორტო საშუალების მძღოლის მიმართ წარმოექმნება გზის დათმობის ვალდებულება მსუბუქი ავტომობილის მძღოლს ისრის მიმართულებით მოძრაობის შემთხვევაში?",
    "answers": [
      "მხოლოდ სატვირთო ავტომობილის მძღოლის მიმართ",
      "მხოლოდ ტრამვაის მძღოლის მიმართ",
      "ყველა სატრანსპორტო საშუალების მძღოლის მიმართ",
      "არც ერთი სატრანსპორტო საშუალების მძღოლის მიმართ"
    ]
  },
  {
    "id": 164,
    "correctAnswer": 0,
    "imageUrl": "assets/images/image.png",
    "correctVideo": "assets/videos/correct_19.mp4",
    "wrongVideo": "assets/videos/wrong_19.mp4",
    "previewVideo": "assets/videos/preview_19.mp4",
    "question": "რომელი სატრანსპორტო საშუალების მძღოლების მიმართ წარმოექმნება გზის დათმობის ვალდებულება თეთრი მსუბუქი ავტომობილის მძღოლს ისრის მიმართულებით მოძრაობის შემთხვევაში?",
    "answers": [
      "ყველა სატრანსპორტო საშუალების მძღოლის მიმართ",
      "მხოლოდ ლურჯი მსუბუქი ავტომობილის მძღოლის მიმართ",
      "მხოლოდ ავტობუსისა და მოტოციკლის მძღოლების მიმართ"
    ]
  },
  {
    "id": 165,
    "correctAnswer": 3,
    "imageUrl": "assets/images/image.png",
    "correctVideo": "assets/videos/correct_19.mp4",
    "wrongVideo": "assets/videos/wrong_19.mp4",
    "previewVideo": "assets/videos/preview_19.mp4",
    "question": "რა თანამიმდევრობით უნდა გაიარონ გზაჯვარედინი სატრანსპორტო საშუალებებმა ისრის მიმართულებით მოძრაობის შემთხვევაში?",
    "answers": [
      "ჯერ უნდა გაიაროს ყვითელმა ავტომობილმა, შემდეგ - წითელმა ავტომობილმა, შემდეგ - A ტრამვაიმ და ბოლოს - B ტრამვაიმ",
      "ჯერ უნდა გაიაროს წითელმა ავტომობილმა, შემდეგ - ყვითელმა ავტომობილმა, შემდეგ - B ტრამვაიმ და ბოლოს - A ტრამვაიმ",
      "ჯერ უნდა გაიაროს B ტრამვაიმ, შემდეგ - ყვითელმა ავტომობილმა, შემდეგ - A ტრამვაიმ და ბოლოს - წითელმა ავტომობილმა",
      "ჯერ უნდა გაიაროს A ტრამვაიმ, შემდეგ - B ტრამვაიმ, შემდეგ - ყვითელმა ავტომობილმა და ბოლოს - წითელმა ავტომობილმა"
    ]
  },
  {
    "id": 166,
    "correctAnswer": 1,
    "imageUrl": "assets/images/image.png",
    "correctVideo": "assets/videos/correct_19.mp4",
    "wrongVideo": "assets/videos/wrong_19.mp4",
    "previewVideo": "assets/videos/preview_19.mp4",
    "question": "რა თანამიმდევრობით უნდა გაიარონ გზაჯვარედინი სატრანსპორტო საშუალებებმა ისრის მიმართულებით მოძრაობის შემთხვევაში?",
    "answers": [
      "ჯერ უნდა გაიაროს მსუბუქმა ავტომობილმა, შემდეგ - მოტოციკლმა, ბოლოს - მსუბუქმა ავტომობილმა",
      "ჯერ უნდა გაიაროს მსუბუქმა ავტომობილმა, შემდეგ - მოტოციკლმა, ბოლოს - ოპერატიული სამსახურის ავტომობილმა",
      "3\nჯერ უნდა გაიაროს ოპერატიული სამსახურის ავტომობილმა, შემდეგ - მსუბუქმა ავტომობილმა, ბოლოს - მოტოციკლმა"
    ]
  },
  {
    "id": 167,
    "correctAnswer": 2,
    "imageUrl": "assets/images/image.png",
    "correctVideo": "assets/videos/correct_19.mp4",
    "wrongVideo": "assets/videos/wrong_19.mp4",
    "previewVideo": "assets/videos/preview_19.mp4",
    "question": "რა თანამიმდევრობით უნდა გაიარონ გზაჯვარედინი სატრანსპორტო საშუალებებმა ისრის მიმართულებით მოძრაობის შემთხვევაში?",
    "answers": [
      "ჯერ უნდა გაიაროს ველოსიპედმა, შემდეგ - თეთრმა ავტომობილმა, ბოლოს - მწვანე ავტომობილმა",
      "ჯერ უნდა გაიაროს მწვანე ავტომობილმა, შემდეგ - ველოსიპედმა, ბოლოს - თეთრმა ავტომობილმა",
      "ჯერ მოძრაობა უნდა დაიწყოს თეთრმა ავტომობილმა,შემდეგ უნდა გაიაროს მწვანე ავტომობილმა, შემდეგ - ველოსიპედმა, ბოლოს - თეთრმა ავტომობილმა"
    ]
  },
  {
    "id": 168,
    "correctAnswer": 1,
    "imageUrl": "assets/images/image.png",
    "correctVideo": "assets/videos/correct_19.mp4",
    "wrongVideo": "assets/videos/wrong_19.mp4",
    "previewVideo": "assets/videos/preview_19.mp4",
    "question": "რა თანამიმდევრობით უნდა გაიარონ გზაჯვარედინი სატრანსპორტო საშუალებებმა ისრის მიმართულებით მოძრაობის შემთხვევაში?",
    "answers": [
      "ჯერ უნდა გაიაროს მწვანე ავტომობილმა, შემდეგ - წითელმა ავტომობილმა, ბოლოს - ველოსიპედმა",
      "ჯერ უნდა გაიაროს ველოსიპედმა, შემდეგ - მწვანე ავტომობილმა, ბოლოს - წითელმა ავტომობილმა",
      "ჯერ უნდა გაიაროს წითელმა ავტომობილმა, შემდეგ - ველოსიპედმა, ბოლოს - მწვანე ავტომობილმა"
    ]
  },
  {
    "id": 169,
    "correctAnswer": 1,
    "imageUrl": "assets/images/image.png",
    "correctVideo": "assets/videos/correct_125.mp4",
    "wrongVideo": "assets/videos/wrong_125.mp4",
    "previewVideo": "assets/videos/preview_125.mp4",
    "question": "აქვს თუ არა უფლება მძღოლს გავიდეს გზაჯვარედინზე, რომელზეც შექმნილია ისეთი ხერგილი, რომ იგი სავარაუდოდ, იძულებული გახდება გაჩერდეს გზაჯვარედინზე და ამით განივი მიმართულებით მოძრაობისთვის შექმნას დაბრკოლება?",
    "answers": [
      "1\nაქვს უფლება, თუ შუქნიშნის სიგნალი იძლევა მოძრაობის უფლებას",
      "2\nარ აქვს უფლება"
    ]
  },
  {
    "id": 170,
    "correctAnswer": 0,
    "imageUrl": "assets/images/image.png",
    "correctVideo": "assets/videos/correct_126.mp4",
    "wrongVideo": "assets/videos/wrong_126.mp4",
    "previewVideo": "assets/videos/preview_126.mp4",
    "question": "რა თანამიმდევრობით უნდა გაირონ გზაჯვარედინი სატრანსპორტო საშუალებებმა ისრის მიმართულებით მოძრაობის შემთხვევაში, თუ ოპერატიულ ავტომობილს ჩართული არა აქვს ლურჯი მოელვარე სპეციალური ციმციმა სიგნალი?",
    "answers": [
      "1\nჯერ უნდა გაიაროს მოტოციკლმა, შემდეგ - მსუბუქმა ავტომობილმა, ბოლოს - ოპერატიული სამსახურის ავტომობილმა",
      "2\nჯერ უნდა გაიაროს მსუბუქმა ავტომობილმა, შემდეგ - მოტოციკლმა, ბოლოს - ოპერატიული სამსახურის ავტომობილმა",
      "3\nჯერ უნდა გაიაროს ოპერატიული სამსახურის ავტომობილმა, შემდეგ - მსუბუქმა ავტომობილმა, ბოლოს - მოტოციკლმა"
    ]
  },
  {
    "id": 171,
    "correctAnswer": 3,
    "imageUrl": "assets/images/image.png",
    "correctVideo": "assets/videos/correct_127.mp4",
    "wrongVideo": "assets/videos/wrong_127.mp4",
    "previewVideo": "assets/videos/preview_127.mp4",
    "question": "გზაჯვარედინზე, მოცემული საგზაო მონიშვნის არსებობისას, მსუბუქი ავტომობილის მძღოლს უფლება აქვს მოძრაობა გააგრძელოს:",
    "answers": [
      "1\nმხოლოდ A მიმართულებით",
      "2\nმხოლოდ B მიმართულებით",
      "3\nმხოლოდ C მიმართულებით",
      "4\nროგორც A და B, ასევე C მიმართულებით"
    ]
  },
  {
    "id": 172,
    "correctAnswer": 1,
    "imageUrl": "assets/images/image.png",
    "correctVideo": "assets/videos/correct_128.mp4",
    "wrongVideo": "assets/videos/wrong_128.mp4",
    "previewVideo": "assets/videos/preview_128.mp4",
    "question": "რომელი სატრანსპორტო საშუალების მძღოლს წარმოექმნება გზის დათმობის ვალდებულება ისრის მიმართულებით მოძრაობის შემთხვევაში?",
    "answers": [
      "1\nმსუბუქი ავტომობილს მძღოლს",
      "2\nტრაქტორის მძღოლს"
    ]
  },
  {
    "id": 173,
    "correctAnswer": 0,
    "imageUrl": "assets/images/image.png",
    "correctVideo": "assets/videos/correct_129.mp4",
    "wrongVideo": "assets/videos/wrong_129.mp4",
    "previewVideo": "assets/videos/preview_129.mp4",
    "question": "თუ არარეგულირებული ქვეითთა გადასასვლელის წინ გაჩერებული სატრანსპორტო საშუალების გამო, გადასასვლელზე ნაწილობრივ შეზღუდულია მხედველობა, გადასავლელთან მოახლოებულ მძღოლს მოძრაობის გაგრძელების უფლება აქვს:",
    "answers": [
      "1\nმხოლოდ მას შემდეგ, რაც დარწმუნდება, გადასასვლელზე შესული ან შემავალი ქვეითის არარსებობაში",
      "2\nმხოლოდ ხმოვანი სიგნალის გამოყენების შემდეგ",
      "3\nსიჩქარის შეუცვლელად, მიუხედავად გადასასვლელზე არსებული სიტუაციისა"
    ]
  }
]