[
  {
    "id": 660,
    "correctAnswer": 1,
    "imageUrl": "assets/images/image.png",
    "correctVideo": "assets/videos/correct.mp4",
    "wrongVideo": "assets/videos/wrong.mp4",
    "previewVideo": "assets/videos/preview.mp4",
    "question": "ავტომაგისტრალზე მწყობრიდან გამოსული ავტომობილის ბუქსირება ხდება თვითნაკეთი მოწყობილობით (თოკით). მობუქსირე სატრანსპორტო საშუალების მძღოლს უფლება აქვს იმოძრაოს:",
    "answers": [
      "მხოლოდ A მიმართულებით",
      "მხოლოდ B მიმართულებით",
      "როგორც A, ასევე B მიმართულებით"
    ]
  },
  {
    "id": 661,
    "correctAnswer": 1,
    "imageUrl": "assets/images/image.png",
    "correctVideo": "assets/videos/correct.mp4",
    "wrongVideo": "assets/videos/wrong.mp4",
    "previewVideo": "assets/videos/preview.mp4",
    "question": "აქვს თუ არა უფლება მაბუქსირებელ ავტომობილის მძღოლს გააგრძელოს მოძრაობა ისრის მიმართულებით, თუ ბუქსირება ხდება თვითნაკეთი მოწყობილობით (თოკით)?",
    "answers": [
      "აქვს უფლება",
      "არ აქვს უფლება"
    ]
  },
  {
    "id": 662,
    "correctAnswer": 0,
    "imageUrl": "assets/images/image.png",
    "correctVideo": "assets/videos/correct.mp4",
    "wrongVideo": "assets/videos/wrong.mp4",
    "previewVideo": "assets/videos/preview.mp4",
    "question": "არღვევს თუ არა ისრის მიმართულებით მოძრავი მობუქსირე ავტომობილის მძღოლი მექანიკური სატრანსპორტო საშუალების ბუქსირებისათვის დადგენილ მოთხოვნებს?",
    "answers": [
      "არღვევს",
      "არ არღვევს"
    ]
  },
  {
    "id": 663,
    "correctAnswer": 2,
    "imageUrl": "assets/images/image.png",
    "correctVideo": "assets/videos/correct.mp4",
    "wrongVideo": "assets/videos/wrong.mp4",
    "previewVideo": "assets/videos/preview.mp4",
    "question": "რომელი ავტომობილის მძღოლი არღვევს საგზაო მოძრაობის წესებს, თუ ტრაქტორი მოძრაობს 50კმ/სთ სიჩქარით, ხოლო სატვირთო ავტომობილი ახორციელებს გასწრებას?",
    "answers": [
      "მხოლოდ ტრაქტორის მძღოლი",
      "მხოლოდ სატვირთო ავტომობილის მძღოლი",
      "როგორც ტრაქტორის, ასევე სატვირთო ავტომობილის მძღოლი"
    ]
  },
  {
    "id": 664,
    "correctAnswer": 1,
    "imageUrl": "assets/images/image.png",
    "correctVideo": "assets/videos/correct.mp4",
    "wrongVideo": "assets/videos/wrong.mp4",
    "previewVideo": "assets/videos/preview.mp4",
    "question": "დასაშვებია თუ არა, გაუმართავი საჭის მართვის მექანიზმის მქონე მსუბუქი ავტომობილის მოცემული ხერხით ბუქსირება?",
    "answers": [
      "დასაშვებია",
      "არ არის დასაშვები"
    ]
  },
  {
    "id": 665,
    "correctAnswer": 0,
    "imageUrl": "assets/images/image.png",
    "correctVideo": "assets/videos/correct.mp4",
    "wrongVideo": "assets/videos/wrong.mp4",
    "previewVideo": "assets/videos/preview.mp4",
    "question": "რომელი ავტომობილის მძღოლი დაარღვევს საგზაო მოძრაობის წესებს ისრის მიმართულებით მოძრაობის შემთხვევაში?",
    "answers": [
      "მობუქსირე ნახევარმისაბმელიანი საწევარას მძღოლი",
      "წითელი მსუბუქი ავტომობილის მძღოლი"
    ]
  },
  {
    "id": 666,
    "correctAnswer": 2,
    "imageUrl": "assets/images/image.png",
    "correctVideo": "assets/videos/correct.mp4",
    "wrongVideo": "assets/videos/wrong.mp4",
    "previewVideo": "assets/videos/preview.mp4",
    "question": "მოცემულ სიტუაციაში საგზაო მოძრაობის წესების რამდენი მოთხოვნაა დარღვეული, თუ მოქნილი გადამბმით ბუქსირებული შემადგენლობა მოძრაობს 50 კმ/სთ სიჩქარით, ხოლო მათ შორის მანძილი 5 მეტრია?",
    "answers": [
      "ორი",
      "სამი",
      "ოთხი",
      "ხუთი"
    ]
  },
  {
    "id": 667,
    "correctAnswer": 2,
    "imageUrl": "assets/images/image.png",
    "correctVideo": "assets/videos/correct.mp4",
    "wrongVideo": "assets/videos/wrong.mp4",
    "previewVideo": "assets/videos/preview.mp4",
    "question": "მოცემულ სიტუაციაში, მობუქსირე ავტომობილის მძღოლს მოძრაობის გაგრძელების უფლება აქვს:",
    "answers": [
      "მხოლოდ A მიმართულებით",
      "მხოლოდ B მიმართულებით",
      "როგორც A, ასევე B მიმართულებით"
    ]
  },
  {
    "id": 668,
    "correctAnswer": 0,
    "imageUrl": "assets/images/image.png",
    "correctVideo": "assets/videos/correct.mp4",
    "wrongVideo": "assets/videos/wrong.mp4",
    "previewVideo": "assets/videos/preview.mp4",
    "question": "მოცემულ სიტუაციაში, ეკრძალება თუ არა მობუქსირე ავტომობილის მძღოლს, ისრის მიმართულებით მოძრაობა, თუ გზა მოყინულია?",
    "answers": [
      "ეკრძალება",
      "არ ეკრძალება"
    ]
  },
  {
    "id": 669,
    "correctAnswer": 1,
    "imageUrl": "assets/images/image.png",
    "correctVideo": "assets/videos/correct.mp4",
    "wrongVideo": "assets/videos/wrong.mp4",
    "previewVideo": "assets/videos/preview.mp4",
    "question": "დასაშვებია თუ არა მისაბმელიანი მექანიკური სატრანსპორტო საშუალებით სხვა მექანიკური სატრანსპორტო საშუალების ბუქსირება?",
    "answers": [
      "დასაშვებია",
      "არ არის დასაშვები",
      "დასაშვებია, მხოლოდ იმ შემთხვევაში, თუ მობუქსირე მექანიკური სატრანსპორტო საშუალების მისაბმელის ნებადართული მაქსიმალური მასა 750 კგ-ზე ნაკლებია"
    ]
  },
  {
    "id": 670,
    "correctAnswer": 1,
    "imageUrl": "assets/images/image.png",
    "correctVideo": "assets/videos/correct.mp4",
    "wrongVideo": "assets/videos/wrong.mp4",
    "previewVideo": "assets/videos/preview.mp4",
    "question": "სავალდებულოა თუ არა, ხისტი გადაბმით ბუქსირებისას, საბუქსირო სატრანსპორტო საშუალებას მართავდეს მძღოლი, როცა გადაბმის კონსტრუქცია უზრუნველყოფს საბუქსირო სატრანსპორტო საშუალების მობუქსირე ტრანსპორტის ტრაექტორიით მიყოლას?",
    "answers": [
      "სავალდებულოა",
      "არ არის სავალდებულო"
    ]
  },
  {
    "id": 671,
    "correctAnswer": 0,
    "imageUrl": "assets/images/image.png",
    "correctVideo": "assets/videos/correct.mp4",
    "wrongVideo": "assets/videos/wrong.mp4",
    "previewVideo": "assets/videos/preview.mp4",
    "question": "სავალდებულოა თუ არა, მოქნილი გადაბმით ბუქსირებისას, საბუქსირო სატრანსპორტო საშუალებას მართავდეს მძღოლი?",
    "answers": [
      "სავალდებულოა",
      "არ არის სავალდებულო"
    ]
  },
  {
    "id": 672,
    "correctAnswer": 2,
    "imageUrl": "assets/images/image.png",
    "correctVideo": "assets/videos/correct.mp4",
    "wrongVideo": "assets/videos/wrong.mp4",
    "previewVideo": "assets/videos/preview.mp4",
    "question": "ნაწილობრივი დატვირთვით ბუქსირებისას აკრძალულია ხალხის ყოფნა:",
    "answers": [
      "მხოლოდ საბუქსირო მექანიკურ სატრანსპორტო საშუალებაში",
      "მხოლოდ მობუქსირე მექანიკური სატრანსპორტო საშუალების ძარაზე",
      "როგორც საბუქსირო მექანიკურ სატრანსპორტო საშუალებაში, ასევე მობუქსირე მექანიკური სატრანსპორტო საშუალების ძარაზე"
    ]
  },
  {
    "id": 673,
    "correctAnswer": 1,
    "imageUrl": "assets/images/image.png",
    "correctVideo": "assets/videos/correct.mp4",
    "wrongVideo": "assets/videos/wrong.mp4",
    "previewVideo": "assets/videos/preview.mp4",
    "question": "მოქნილი გადაბმით ბუქსირებისას მანძილი მობუქსირე და საბუქსირო სატრანსპორტო საშუალებებს შორის უნდა შეადგენდეს:",
    "answers": [
      "2-4 მეტრს",
      "4-6 მეტრს",
      "6-8 მეტრს"
    ]
  },
  {
    "id": 674,
    "correctAnswer": 1,
    "imageUrl": "assets/images/image.png",
    "correctVideo": "assets/videos/correct.mp4",
    "wrongVideo": "assets/videos/wrong.mp4",
    "previewVideo": "assets/videos/preview.mp4",
    "question": "აკრძალულია თუ არა, იმ მექანიკური სატრანსპორტო საშუალების ბუქსირება, რომელსაც ორი მისაბმელი აქვს?",
    "answers": [
      "არ არის აკრძალული",
      "აკრძალულია"
    ]
  },
  {
    "id": 675,
    "correctAnswer": 2,
    "imageUrl": "assets/images/image.png",
    "correctVideo": "assets/videos/correct.mp4",
    "wrongVideo": "assets/videos/wrong.mp4",
    "previewVideo": "assets/videos/preview.mp4",
    "question": "ბუქსირება დასაშვებია:",
    "answers": [
      "მოტოციკლით, გვერდითი მისაბმელის გარეშე, აგრეთვე ასეთი მოტოციკლის ბუქსირება",
      "მოქნილი გადაბმით, როცა გზები მოყინულია",
      "ამ ბილეთში ჩამოთვლილი არცერთი პასუხი არ არის სწორი"
    ]
  },
  {
    "id": 676,
    "correctAnswer": 1,
    "imageUrl": "assets/images/image.png",
    "correctVideo": "assets/videos/correct.mp4",
    "wrongVideo": "assets/videos/wrong.mp4",
    "previewVideo": "assets/videos/preview.mp4",
    "question": "დღე-ღამის ნებისმიერ პერიოდში მობუქსირე მექანიკურ სატრანსპორტო საშუალებას ჩართული უნდა ჰქონდეს:",
    "answers": [
      "საგაბარიტო სინათლეები",
      "ახლო განათების ფარები",
      "ნისლსაწინააღმდეგო ფარები"
    ]
  },
  {
    "id": 677,
    "correctAnswer": 0,
    "imageUrl": "assets/images/image.png",
    "correctVideo": "assets/videos/correct.mp4",
    "wrongVideo": "assets/videos/wrong.mp4",
    "previewVideo": "assets/videos/preview.mp4",
    "question": "სულ მცირე, რამდენი გამაფრთხილებელი მოწყობილობა (ალამი) უნდა დამაგრდეს დრეკად შემაერთებელ რგოლზე მექანიკური სატრანსპორტო საშუალების მოქნილი გადაბმით ბუქსირებისას?",
    "answers": [
      "ორი",
      "სამი",
      "ოთხი"
    ]
  },
  {
    "id": 678,
    "correctAnswer": 2,
    "imageUrl": "assets/images/image.png",
    "correctVideo": "assets/videos/correct_130.mp4",
    "wrongVideo": "assets/videos/wrong_130.mp4",
    "previewVideo": "assets/videos/preview_130.mp4",
    "question": "მოცემულ სიტუაციაში, რამდენ საგზაო მოძრაობის წესს არღვევს ისრის მიმართულებით მოძრავი მობუქსირე სატვირთო ავტომობილის მძღოლი, თუ იგი მოძრაობს 60 კმ/სთ სიჩქარით?",
    "answers": [
      "1\nარც ერთს",
      "2\nერთს",
      "3\nორს",
      "4\nსამს"
    ]
  }
]