[
  
  {
    "id": 561,
    "correctAnswer": 0,
    "imageUrl": "assets/images/image.png",
    "correctVideo": "assets/videos/correct_video.mp4",
    "wrongVideo": "assets/videos/2.mp4",
    "previewVideo": "assets/videos/3.mp4",
    "question": "„გზაჯვარედინი“ არის:",
    "answers": [
      "1\nერთ დონეზე გზების კვეთა, შეერთება ან განშტოება, ასეთი კვეთით, შეერთებით ან განშტოებით წარმოქმნილი ტერიტორიების ჩათვლით",
      "2\nმიმდებარე ტერიტორიებიდან გამოსასვლელებისა და გზების კვეთა",
      "3\nსხვადასხვა დონეზე არსებული სავალი ნაწილების კვეთა"
    ]
  },
 


  {
    "id": 562,
    "correctAnswer": 3,
    "imageUrl": "assets/images/image.png",
    "correctVideo": "assets/videos/correct_video.mp4",
    "wrongVideo": "assets/videos/2.mp4",
    "previewVideo": "assets/videos/3.mp4",
    "question": " საგზაო-სატრანსპორტო შემთხვევის მონაწილე მძღოლი ვალდებულია:",
    "answers": [
      "1\nმხოლოდ მიიღოს საჭირო ზომები საგზაო-სატრანსპორტო შემთხვევის ადგილზე მოძრაობის უსაფრთხოების უზრუნველსაყოფად",
      "2\nმხოლოდ მოერიდოს შემთხვევის ადგილზე რაიმეს შეცვლას ან იმ ნაკვალევის განადგურებას, რომელიც შესაძლოა სასარგებლო იყოს პასუხისმგებლობის დასადგენად",
      "3\n მხოლოდ ჩაიწეროს თვითმხილველთა გვარები",
      "4\nშეასრულოს ამ ბილეთში ჩამოთვლილი ყველა ქმედება"
    ]
  },
   {
    "id": 563,
    "correctAnswer": 3,
    "imageUrl": "assets/images/image.png",
    "correctVideo": "assets/videos/correct_video.mp4",
    "wrongVideo": "assets/videos/2.mp4",
    "previewVideo": "assets/videos/3.mp4",
    "question": " რამდენი სავალი ნაწილი აქვს მოცემულ გზას?",
    "answers": [
      "1\nოთხი",
      "2\nსამი",
      "3\nორი",
      "4\nერთი"
     
    ]
  }, {
    "id": 564,
    "correctAnswer":2,
    "imageUrl": "assets/images/image.png",
    "correctVideo": "assets/videos/correct_video.mp4",
    "wrongVideo": "assets/videos/2.mp4",
    "previewVideo": "assets/videos/3.mp4",
    "question": " რამდენი სავალი ნაწილი აქვს მოცემულ გზას?",
    "answers": [
      "1\nსამი",
      "2\nერთი",
      "3\nორი"
    
     
    ]
  }, {
    "id": 565,
    "correctAnswer": 2,
    "imageUrl": "assets/images/image.png",
    "correctVideo": "assets/videos/correct_video.mp4",
    "wrongVideo": "assets/videos/2.mp4",
    "previewVideo": "assets/videos/3.mp4",
    "question": " ქვეითთა გადასასვლელზე შესვლამდე მძღოლი ვალდებულია დარწმუნდეს, რომ:",
    "answers": [
      "1\nგადასასვლელის ზედპირი არ არის მოყინული",
      "2\nგადასასვლელზე საპირისპირო მიმართულებიდან არ მოძრაობს სხვა სატრანსპორტო საშუალება",
      "3\nიძულებული არ გახდება გაჩერდეს მასზე"
    
    ]
  },

  {
    "id": 562,
    "correctAnswer": 1,
    "imageUrl": "assets/images/image.png",
    "correctVideo": "assets/videos/correct_video.mp4",
    "wrongVideo": "assets/videos/2.mp4",
    "previewVideo": "assets/videos/3.mp4",
    "question": "„გზის დათმობა (დაბრკოლების არშექმნა)“ არის:",
    "answers": [
      "1\nსაგზაო მოძრაობის მონაწილის უფლება საგზაო მოძრაობის სხვა მონაწილეებთან შედარებით, პირველმა იმოძრაოს დასახული მიმართულებით",
      "2\nსაგზაო მოძრაობის მონაწილის ვალდებულება არ განაგრძოს ან არ განაახლოს მოძრაობა, ან არ განახორციელოს მანევრი, თუ ეს უპირატესობის (პრიორიტეტის) მქონე მოძრაობის მონაწილეს იძულებულს გახდის, უეცრად შეცვალოს მოძრაობის მიმართულება ან სიჩქარე"
    ]
  },
   {
    "id": 571,
    "correctAnswer": 0,
    "imageUrl": "assets/images/image.png",
    "correctVideo": "assets/videos/correct_923.mp4",
    "wrongVideo": "assets/videos/wrong_923.mp4",
    "previewVideo": "assets/videos/preview_923.mp4",
    "question": "„არასაკმარის ხილვადობად“ ითვლება გვირაბში გავლისას, დღე-ღამის ბნელ დროს, ნისლის, წვიმის, თოვის და სხვა ბუნებრივი მოვლენების დროს, გზის ხილვადობის შემცირება:",
    "answers": [
 
      "1\n300 მეტრზე ნაკლებ მანძილზე",
      "2\n500 მეტრზე ნაკლებ მანძილზე",
      "3\n500 მეტრზე ნაკლებ მანძილზე"      
    ]
  },
  {
    "id": 563,
    "correctAnswer": 2,
    "imageUrl": "assets/images/image.png",
    "correctVideo": "assets/videos/correct_915.mp4",
    "wrongVideo": "assets/videos/wrong_915.mp4",
    "previewVideo": "assets/videos/preview_915.mp4",
    "question": "„დასახლებული პუნქტი“ არის:",
    "answers": [
      "1\nნებისმიერი ტერიტორია, რომელზეც დასახლებულია ხალხი",
      "2\nნებისმიერი გზა, რომელიც განკუთვნილია ქვეითთა ინტენსიური მოძრაობისათვის",
      "3\nგანაშენიანებული ტერიტორია, სადაც შესასვლელი და გამოსასვლელი აღნიშნულია შესაბამისი საგზაო ნიშნებით"
    ]
  },
  {
    "id": 564,
    "correctAnswer": 2,
    "imageUrl": "assets/images/image.png",
    "correctVideo": "assets/videos/correct_916.mp4",
    "wrongVideo": "assets/videos/wrong_916.mp4",
    "previewVideo": "assets/videos/preview_916.mp4",
    "question": "„დატვირთული მასა“ არის:",
    "answers": [
      "1\nსატრანსპორტო საშუალების მასა მძღოლის, მგზავრებისა და ტვირთის გარეშე, მაგრამ საწვავის სრული მარაგითა და ხელსაწყოების აუცილებელი კომპლექტით",
      "2\nქარხანა-დამამზადებელის მიერ განსაზღვრული სატრანსპორტო საშუალების მასა მძღოლის, მგზავრებისა და ტვირთის გარეშე",
      "3\nმოცემულ დროის მონაკვეთში დატვირთული სატრანსპორტო საშუალების ფაქტობრივი მასა, მძღოლისა და მგზავრების ჩათვლით"
    ]
  },
  {
    "id": 565,
    "correctAnswer": 0,
    "imageUrl": "assets/images/image.png",
    "correctVideo": "assets/videos/correct_917.mp4",
    "wrongVideo": "assets/videos/wrong_917.mp4",
    "previewVideo": "assets/videos/preview_917.mp4",
    "question": "„დაუტვირთავი მასა“ არის:",
    "answers": [
      "1\nქარხანა-დამამზადებელის მიერ განსაზღვრული სატრანსპორტო საშუალების მასა მძღოლის, მგზავრებისა და ტვირთის გარეშე, მაგრამ საწვავის სრული მარაგისა და ხელსაწყოების აუცილებელი კომპლექტის ჩათვლით",
      "2\nმოცემულ დროის მონაკვეთში დაუტვირთავი სატრანსპორტო საშუალების ფაქტობრივი მასა, მძღოლისა და მგზავრების ჩათვლით",
      "3\nსარეგისტრაციო სამსახურის მიერ განსაზღვრული სატრანსპორტო საშუალების მასა მძღოლის, მგზავრებისა და ტვირთის გარეშე"
    ]
  },
  {
    "id": 566,
    "correctAnswer": 0,
    "imageUrl": "assets/images/image.png",
    "correctVideo": "assets/videos/correct_918.mp4",
    "wrongVideo": "assets/videos/wrong_918.mp4",
    "previewVideo": "assets/videos/preview_918.mp4",
    "question": "„მიმდებარე ტერიტორია“ არის:",
    "answers": [
      "1\nტერიტორია, რომელიც უშუალოდ გზას ეკვრის და არ არის განკუთვნილი სატრანსპორტო საშუალების გამჭოლი მოძრაობისათვის (ეზო, საცხოვრებელი მასივი, ავტოსადგომი, ბენზინგასამართი სადგური, დაწესებულება და სხვა)",
      "2\nგზის ელემენტი, რომელიც განკუთვნილია ურელსო სატრანსპორტო საშუალების მოძრაობისათვის (გარდა ტროტუარისა, გვერდულისა, ველობილიკისა და ქვეითთა ბილიკისა)",
      "3\nერთ დონეზე გზების კვეთა, შეერთება ან განშტოება, ასეთი კვეთით, შეერთებით ან განშტოებით წარმოქმნილი ტერიტორიების ჩათვლით"
    ]
  },
  {
    "id": 567,
    "correctAnswer": 2,
    "imageUrl": "assets/images/image.png",
    "correctVideo": "assets/videos/correct_919.mp4",
    "wrongVideo": "assets/videos/wrong_919.mp4",
    "previewVideo": "assets/videos/preview_919.mp4",
    "question": "„მოძრაობის ზოლი“ არის:",
    "answers": [
      "1\nკონსტრუქციულად გამოყოფილი გზის ელემენტი, რომელიც ყოფს მომიჯნავე სავალ ნაწილებს",
      "2\nმოძრაობისთვის გახსნილი გზის ან ქუჩის მთელი ზედაპირი",
      "3\nგრძივი საგზაო მონიშვნის საშუალებით მონიშნული ან მოუნიშნავი ნებისმიერი ზოლი იმ გრძივი ზოლებიდან, რომლებადაც შეიძლება დაიყოს სავალი ნაწილი, მაგრამ რომელსაც აქვს მოტოციკლისაგან განსხვავებული საავტომობილო ტრანსპორტის ერთ რიგში მოძრაობისათვის საკმარისი სიგანე"
    ]
  },
  {
    "id": 568,
    "correctAnswer": 2,
    "imageUrl": "assets/images/image.png",
    "correctVideo": "assets/videos/correct_920.mp4",
    "wrongVideo": "assets/videos/wrong_920.mp4",
    "previewVideo": "assets/videos/preview_920.mp4",
    "question": "„ნებადართული მაქსიმალური მასა“ არის:",
    "answers": [
      "1\nმოცემულ დროის მონაკვეთში დატვირთული სატრანსპორტო საშუალების ფაქტობრივი მასა, მძღოლისა და მგზავრების ჩათვლით",
      "2\nტვირთით და მგზავრებით შევსებული, აღჭურვილ მდგომარეობაში მყოფი სატრანსპორტო საშუალების მასა, რომლის ზღვარს ადგენს სატრანსპორტო საშუალების ქარხანა-დამამზადებელი",
      "3\nდატვირთული სატრანსპორტო საშუალების მაქსიმალური მასა, რომელიც დასაშვებად არის გამოცხადებული იმ სახელმწიფოს კომპეტენტური ორგანოს მიერ, რომელშიც დარეგისტრირებულია სატრანსპორტო საშუალება"
    ]
  },
  {
    "id": 569,
    "correctAnswer": 1,
    "imageUrl": "assets/images/image.png",
    "correctVideo": "assets/videos/correct_921.mp4",
    "wrongVideo": "assets/videos/wrong_921.mp4",
    "previewVideo": "assets/videos/preview_921.mp4",
    "question": "„ნელმავალი სატრანსპორტო საშუალება“ არის:",
    "answers": [
      "1\nძრავიანი ან უძრავო სატრანსპორტო საშუალება, რომლის კონსტრუქციული სიჩქარე არ აღემატება 45 კმ/სთ-ს",
      "2\nძრავიანი სატრანსპორტო საშუალება, რომლის კონსტრუქციული სიჩქარე არ აღემატება 40 კმ/სთ-ს ან რომელიც აღნიშულ სიჩქარეს ვერ აჭარბებს, ან ეკრძალება გადაჭარბება ისეთი მიზეზით, რომელიც არ არის დაკავშირებული სატრანსპორტო საშუალებათა ნაკადებთან",
      "3\nნებისმიერი სატრანსპორტო საშუალება, რომელიც გზაზე გადაადგილდება არა უმეტეს 50 კმ/სთ სიჩქარით"
    ]
  },
  {
    "id": 570,
    "correctAnswer": 1,
    "imageUrl": "assets/images/image.png",
    "correctVideo": "assets/videos/correct_922.mp4",
    "wrongVideo": "assets/videos/wrong_922.mp4",
    "previewVideo": "assets/videos/preview_922.mp4",
    "question": "„შეზღუდული ხილვადობა“ არის:",
    "answers": [
      "1\nგვირაბში გავლისას, დღე-ღამის ბნელ დროს, ნისლის, წვიმის, თოვის და სხვა ბუნებრივი მოვლენების დროს გზის ხილვადობის 300 მეტრზე ნაკლებ მანძილზე შემცირება",
      "2\nგარემოება, რომლის დროსაც მოკლე მოსახვევი, აღმართის დასასრული, გამწვანება, გზისპირა ნაგებობა ან გზაზე არსებული დაბრკოლება მოძრაობის მიმართულებით გზის ხილვადობას ისე ამცირებს, რომ აღნიშნულ გზის მონაკვეთზე ნებადართული მაქსიმალური სიჩქარით მოძრაობამ შეიძლება საფრთხე წარმოშვას"
    ]
  },
  {
    "id": 571,
    "correctAnswer": 1,
    "imageUrl": "assets/images/image.png",
    "correctVideo": "assets/videos/correct_923.mp4",
    "wrongVideo": "assets/videos/wrong_923.mp4",
    "previewVideo": "assets/videos/preview_923.mp4",
    "question": "„მსუბუქი ავტომობილი“ არის:",
    "answers": [
      "1\n4500 კგ–მდე სრული მასის მქონე ავტომობილი,რომლის დასასხდომი ადგილების რაოდენობა , გარდა მძღოლის ადგილისა , 8–ს აღემატება,მაგრამ არ აღემატება 12–ს",
      "2\nარაუმეტეს 3500 კგ ნებადართული მაქსიმალური მასის მქონე ავტომობილი, (გარდა მოტოციკლისა და მოპედისა)რომლის დასასხდომი ადგილების რაოდენობა,გარდა მძღოლის ადგილისა 8–ს არ აღემატება",
      "3\n2500 კგ–მდე სრული მასის მქონე მოტოციკლი"
    ]
  },
  {
    "id": 572,
    "correctAnswer": 0,
    "imageUrl": "assets/images/image.png",
    "correctVideo": "assets/videos/correct_924.mp4",
    "wrongVideo": "assets/videos/wrong_924.mp4",
    "previewVideo": "assets/videos/preview_924.mp4",
    "question": "„მსუბუქი მისაბმელი“ არის:",
    "answers": [
      "1\nმისაბმელი, რომლის ნებადართული მაქსიმალური მასა არ აღემატება 750 კგ-ს",
      "2\nმისაბმელი, რომლის დაუტვირთავი წონა არ აღემატება 850 კგ-კგ",
      "3\nმისაბმელი, რომლის სრული მასა არ აღემატება 950 კგ-ს"
    ]
  },
  {
    "id": 573,
    "correctAnswer": 2,
    "imageUrl": "assets/images/image.png",
    "correctVideo": "assets/videos/correct_925.mp4",
    "wrongVideo": "assets/videos/wrong_925.mp4",
    "previewVideo": "assets/videos/preview_925.mp4",
    "question": "სატრანსპორტო საშუალების \"სრული მასა\" არის:",
    "answers": [
      "1\nსატრანსპორტო საშუალების მასა ეკიპაჟის, მგზავრებისა და ტვირთის გარეშე",
      "2\nმოცემული დროის მონაკვეთში დატვირთული სატრანსპორტო საშუალების, ეკიპაჟისა და მგზავრების მასა",
      "3\nტვირთით, ეკიპაჟითა და მგზავრებით შევსებული, აღჭურვილ მდგომარეობაში მყოფი სატრანსპორტო საშუალების მასა, რომლის ზღვარს ადგენს სატრანსპორტო საშუალების ქარხანა-დამამზადებელი",
      "4\nსატრანსპორტო საშუალების მასის ნაწილი, რომელიც ღერძზე დაწოლის შედეგად წარმოშობს გზაზე დატვირთვას"
    ]
  },
  {
    "id": 574,
    "correctAnswer": 0,
    "imageUrl": "assets/images/image.png",
    "correctVideo": "assets/videos/correct_926.mp4",
    "wrongVideo": "assets/videos/wrong_926.mp4",
    "previewVideo": "assets/videos/preview_926.mp4",
    "question": "იმ ორმხრივმოძრაობიან გზაზე, რომელსაც აქვს გამყოფი ზოლი, საპირისპირო მიმართულების მოძრაობის მხარედ ითვლება:",
    "answers": [
      "1\nგამყოფი ზოლის მარცხნივ არსებული სავალი ნაწილი",
      "2\nგამყოფი ზოლის მარჯვნივ არსებული სავალი ნაწილი",
      "3\nამ ბილეთში ჩამოთვლილი არცერთი"
    ]
  },
  {
    "id": 575,
    "correctAnswer": 0,
    "imageUrl": "assets/images/image.png",
    "correctVideo": "assets/videos/correct_927.mp4",
    "wrongVideo": "assets/videos/wrong_927.mp4",
    "previewVideo": "assets/videos/preview_927.mp4",
    "question": "თუ მძღოლი ვერ განსაზღვრავს გზაზე საფარის არსებობას (სიბნელის, თოვლის, ტალახის გამო ან სხვა მიზეზით) და არც პრიორიტეტის ნიშნებია, ითვლება, რომ ის იმყოფება:",
    "answers": [
      "1\nმეორეხარისხოვან გზაზე",
      "2\nმთავარ გზაზე",
      "3\nავტომაგისტრალთან გათანაბრებულ გზაზე"
    ]
  },
  {
    "id": 576,
    "correctAnswer": 1,
    "imageUrl": "assets/images/image.png",
    "correctVideo": "assets/videos/correct_928.mp4",
    "wrongVideo": "assets/videos/wrong_928.mp4",
    "previewVideo": "assets/videos/preview_928.mp4",
    "question": "თუ გზაზე საგზაო სამუშაოების მწარმოებელი ორგანიზაციის ავტომობილზე დაყენებული დროებითი საგზაო ნიშნის მოთხოვნები ეწინააღმდეგება იმავე გზის მონაკვეთზე სტაციონარულად დაყენებულ საგზაო ნიშნის მოთხოვნებს მძღოლი ვალდებულია შეასრულოს:",
    "answers": [
      "1\nსტაციონარულად დაყენებული საგზაო ნიშნის მოთხოვნები",
      "2\nსაგზაო სამუშაოების მწარმოებელი ორგანიზაციის ავტომობილზე დაყენებული დროებითი საგზაო ნიშნის მოთხოვნები"
    ]
  },
  {
    "id": 577,
    "correctAnswer": 2,
    "imageUrl": "assets/images/image.png",
    "correctVideo": "assets/videos/correct_929.mp4",
    "wrongVideo": "assets/videos/wrong_929.mp4",
    "previewVideo": "assets/videos/preview_929.mp4",
    "question": "მოტოციკლის, ავტობუსის, მსუბუქი და სატვირთო ავტომობილების მართვა შეუძლია მხოლოდ იმ პირს:",
    "answers": [
      "1\nრომლის ჯანმრთელობის მდგომარეობაც შეესაბამება საქართველოს კანონმდებლობით განსაზღვრულ სატრანსპორტო საშუალებათა მართვისთვის საჭირო ჯანმრთელობის მდგომარეობისადმი მოთხოვნებს",
      "2\nრომელსაც საქართველოს კანონმდებლობით დადგენილი წესით მიენიჭა შესაბამისი კატეგორიის ან/და ქვეკატეგორიის სატრანსპორტო საშუალების მართვის უფლება და ეს უფლება არ არის შეჩერებული ან შეწყვეტილი",
      "3\nრომელიც აკმაყოფილებს ამ ბილეთში ჩამოთვლილ ყველა პირობას"
    ]
  },
  {
    "id": 578,
    "correctAnswer": 2,
    "imageUrl": "assets/images/image.png",
    "correctVideo": "assets/videos/correct_930.mp4",
    "wrongVideo": "assets/videos/wrong_930.mp4",
    "previewVideo": "assets/videos/preview_930.mp4",
    "question": "„B“ კატეგორიის სატრანსპორტო საშუალების მართვის უფლების მქონე პირს უფლება აქვს მართოს ავტომობილი, რომლის დასასხდომი ადგილების რაოდენობა, გარდა მძღოლის ადგილისა, 8-ს არ აღემატება და რომლის ნებადართული მაქსიმალური მასა:",
    "answers": [
      "1\nაღემატება 4 500კგ-ს",
      "2\nაღემატება 3 500კგ-ს, მაგრამ არ აღემატება 4 500კგ-ს",
      "3\nარ აღემატება 3 500 კგ-ს"
    ]
  },
  {
    "id": 579,
    "correctAnswer": 0,
    "imageUrl": "assets/images/image.png",
    "correctVideo": "assets/videos/correct_931.mp4",
    "wrongVideo": "assets/videos/wrong_931.mp4",
    "previewVideo": "assets/videos/preview_931.mp4",
    "question": "„B“ კატეგორიის სატრანსპორტო საშუალების მართვის უფლების მქონე პირს, უფლება აქვს მართოს არა უმეტეს 3 500 კგ-ს ნებადართული მაქსიმალური მასის მქონე მსუბუქი ავტომობილი, რომლის დასასხდომი ადგილების რაოდენობა, გარდა მძღოლის ადგილისა:",
    "answers": [
      "1\nარ აღემატება 8-ს",
      "2\nაღემატება 16-ს",
      "3\nაღემატება 8-ს, მაგრამ არ აღემატება 16-ს"
    ]
  },
  {
    "id": 580,
    "correctAnswer": 1,
    "imageUrl": "assets/images/image.png",
    "correctVideo": "assets/videos/correct_932.mp4",
    "wrongVideo": "assets/videos/wrong_932.mp4",
    "previewVideo": "assets/videos/preview_932.mp4",
    "question": "აქვს თუ არა უფლება „B“ კატეგორიის სატრანსპორტო საშუალების მართვის უფლების მქონე მძღოლს მართოს „B“ კატეგორიის ავტომობილი მისაბმელით, რომლის ნებადართული მაქსიმალური მასა აღემატება 750 კგ-ს, მაგრამ არ აღემატება ავტომობილის დაუტვირთავ მასას, თუ ასეთი შემადგენლობის საერთო ნებადართული მაქსიმალური მასა არ აღემატება 3 500 კგ-ს?",
    "answers": [
      "1\nარ აქვს უფლება",
      "2\nაქვს უფლება"
    ]
  },
  {
    "id": 581,
    "correctAnswer": 0,
    "imageUrl": "assets/images/image.png",
    "correctVideo": "assets/videos/correct_933.mp4",
    "wrongVideo": "assets/videos/wrong_933.mp4",
    "previewVideo": "assets/videos/preview_933.mp4",
    "question": "აქვს თუ არა უფლება „BE“ კატეგორიის სატრანსპორტო საშუალების მართვის უფლების მქონე მძღოლს, მართოს „B“ კატეგორიის ავტომობილი გადაბმული მისაბმელით, რომლის ნებადართული მაქსიმალური მასა აღემატება 750 კგ-ს, თუ ასეთი შემადგენლობის საერთო ნებადართული მაქსიმალური მასა აღემატება 3500 კგ-ს?",
    "answers": [
      "1\nაქვს უფლება",
      "2\nარ აქვს უფლება"
    ]
  },
  {
    "id": 582,
    "correctAnswer": 2,
    "imageUrl": "assets/images/image.png",
    "correctVideo": "assets/videos/correct_934.mp4",
    "wrongVideo": "assets/videos/wrong_934.mp4",
    "previewVideo": "assets/videos/preview_934.mp4",
    "question": "„B“ კატეგორიის სატრანსპორტო საშუალების მართვის უფლების მქონე პირს, აგრეთვე რომელი ქვეკატეგორიის სატრანსპორტო საშუალების მართვის უფლება აქვს?",
    "answers": [
      "1\n„A1“",
      "2\n„C1“",
      "3\n„B1“",
      "4\n„A1“ და „B1“"
    ]
  },
  {
    "id": 583,
    "correctAnswer": 2,
    "imageUrl": "assets/images/image.png",
    "correctVideo": "assets/videos/correct_935.mp4",
    "wrongVideo": "assets/videos/wrong_935.mp4",
    "previewVideo": "assets/videos/preview_935.mp4",
    "question": "„B“ კატეგორიის სატრანსპორტო საშუალების მართვის უფლების მქონე პირს უფლება აქვს მართოს თვლიანი სასოფლო-სამეურნეო ტრაქტორი, რომლის ნებადართული მაქსიმალური მასა:",
    "answers": [
      "1\nაღემატება 4250 კგ-ს, მაგრამ არ აღემატება 8250 კგ-ს",
      "2\nაღემატება 4250 კგ-ს, მაგრამ არ აღემატება 12000 კგ-ს",
      "3\nარ აღემატება 4250 კგ-ს"
    ]
  },
  {
    "id": 584,
    "correctAnswer": 0,
    "imageUrl": "assets/images/image.png",
    "correctVideo": "assets/videos/correct_936.mp4",
    "wrongVideo": "assets/videos/wrong_936.mp4",
    "previewVideo": "assets/videos/preview_936.mp4",
    "question": "„B“ კატეგორიის სატრანსპორტო საშუალების მართვის უფლების მქონე პირს, აგრეთვე უფლება აქვს მართოს თვლიანი სასოფლო-სამეურნეო ტრაქტორი გადაბმული მისაბმელით, თუ ასეთი შემადგენლობის საერთო ნებადართული მაქსიმალური მასა:",
    "answers": [
      "1\nარ აღემატება 4250 კგ-ს",
      "2\nაღემატება 4250 კგ-ს, მაგრამ არ აღემატება 5500 კგ-ს",
      "3\nაღემატება 4250 კგ-ს, მაგრამ არ აღემატება 75000 კგ-ს"
    ]
  },
  {
    "id": 585,
    "correctAnswer": 2,
    "imageUrl": "assets/images/image.png",
    "correctVideo": "assets/videos/correct_937.mp4",
    "wrongVideo": "assets/videos/wrong_937.mp4",
    "previewVideo": "assets/videos/preview_937.mp4",
    "question": "რომელი საცნობი ნიშანი მაგრდება იმ მექანიკური სატრანსპორტო საშუალების უკანა მხარეს, რომელზედაც დამაგრებულია კოტებიანი სალტეები?",
    "answers": [
      "1\nმხოლოდ III",
      "2\nმხოლოდ I",
      "3\nმხოლოდ II",
      "4\nსამივე"
    ]
  },
  {
    "id": 586,
    "correctAnswer": 1,
    "imageUrl": "assets/images/image.png",
    "correctVideo": "assets/videos/correct_938.mp4",
    "wrongVideo": "assets/videos/wrong_938.mp4",
    "previewVideo": "assets/videos/preview_938.mp4",
    "question": "რომელი საცნობი ნიშანი მაგრდება სახიფათო ტვირთის გადამზიდი სატრანსპორტო საშუალების წინა და უკანა მხარეს?",
    "answers": [
      "1\nმხოლოდ I",
      "2\nმხოლოდ II",
      "3\nმხოლოდ III",
      "4\nმხოლოდ I და II"
    ]
  },
  {
    "id": 587,
    "correctAnswer": 2,
    "imageUrl": "assets/images/image.png",
    "correctVideo": "assets/videos/correct_939.mp4",
    "wrongVideo": "assets/videos/wrong_939.mp4",
    "previewVideo": "assets/videos/preview_939.mp4",
    "question": "რომელი საცნობი ნიშანი მაგრდება იმ მექანიკური სატრანსპორტო საშუალების წინა და უკანა მხარეს, რომელსაც სმენადაქვეითებული მძღოლი მართავს?",
    "answers": [
      "1\nმხოლოდ III",
      "2\nმხოლოდ II",
      "3\nმხოლოდ I"
    ]
  },
  {
    "id": 588,
    "correctAnswer": 0,
    "imageUrl": "assets/images/image.png",
    "correctVideo": "assets/videos/correct_940.mp4",
    "wrongVideo": "assets/videos/wrong_940.mp4",
    "previewVideo": "assets/videos/preview_940.mp4",
    "question": "რომელი საცნობი ნიშანი მაგრდება მართვის სწავლებისათვის განკუთვნილი მექანიკური სატრანსპორტო საშუალების წინა და უკანა მხარეს?",
    "answers": [
      "1\nმხოლოდ III",
      "2\nმხოლოდ II",
      "3\nმხოლოდ I"
    ]
  },
  {
    "id": 589,
    "correctAnswer": 1,
    "imageUrl": "assets/images/image.png",
    "correctVideo": "assets/videos/correct_941.mp4",
    "wrongVideo": "assets/videos/wrong_941.mp4",
    "previewVideo": "assets/videos/preview_941.mp4",
    "question": "რომელი საცნობი ნიშანი მაგრდება იმ სატრანსპორტო საშუალებაზე, რომლის სიჩქარე ტვირთის გათვალისწინებით და ტექნიკური მახასიათებლებით კანონმდებლობით დადგენილზე ნაკლებია?",
    "answers": [
      "1\nმხოლოდ III",
      "2\nმხოლოდ II",
      "3\nმხოლოდ I"
    ]
  },
  {
    "id": 590,
    "correctAnswer": 1,
    "imageUrl": "assets/images/image.png",
    "correctVideo": "assets/videos/correct_942.mp4",
    "wrongVideo": "assets/videos/wrong_942.mp4",
    "previewVideo": "assets/videos/preview_942.mp4",
    "question": "მძღოლის სურვილისამებრ რომელი საცნობი ნიშანი შეიძლება დამაგრდეს იმ მექანიკური სატრანსპორტო საშუალების წინა და უკანა მხარეს, რომელსაც შეზღუდული შესაძლებლობების მქონე პირები მართავენ, ან ტრანსპორტზე, რომელსაც გადაჰყავს ასეთი პირები?",
    "answers": [
      "1\nმხოლოდ III",
      "2\nმხოლოდ II",
      "3\nმხოლოდ I"
    ]
  },
  {
    "id": 591,
    "correctAnswer": 1,
    "imageUrl": "assets/images/image.png",
    "correctVideo": "assets/videos/correct_943.mp4",
    "wrongVideo": "assets/videos/wrong_943.mp4",
    "previewVideo": "assets/videos/preview_943.mp4",
    "question": "მძღოლის სურვილისამებრ რომელი საცნობი ნიშანი შეიძლება დამაგრდეს იმ სატრანსპორტო საშუალებაზე, რომელსაც ექიმი მძღოლი მართავს?",
    "answers": [
      "1\nმხოლოდ III",
      "2\nმხოლოდ II",
      "3\nმხოლოდ I"
    ]
  },
  {
    "id": 592,
    "correctAnswer": 1,
    "imageUrl": "assets/images/image.png",
    "correctVideo": "assets/videos/correct_944.mp4",
    "wrongVideo": "assets/videos/wrong_944.mp4",
    "previewVideo": "assets/videos/preview_944.mp4",
    "question": "მოცემული საგზაო ნიშანი იდგმება:",
    "answers": [
      "1\nსაპატრულო პოლიციის საგუშაგოებთან",
      "2\nსაქართველოს ტერიტორიაზე, შემოსასვლელებში, საკონტროლო გამშვებ პუნქტებთან",
      "3\nავტომაგისტრალის დასაწყისში"
    ]
  },
  {
    "id": 593,
    "correctAnswer": 0,
    "imageUrl": "assets/images/image.png",
    "correctVideo": "assets/videos/correct_945.mp4",
    "wrongVideo": "assets/videos/wrong_945.mp4",
    "previewVideo": "assets/videos/preview_945.mp4",
    "question": "თუ გაზონზე ან ტროტუარზე მყოფ მოთამაშე ბავშვებს სატრანსპორტო საშუალების წინ გზის სავალ ნაწილზე გადმოუვარდათ ბურთი, მძღოლმა უნდა გაითვალისწინოს, რომ:",
    "answers": [
      "1\nბავშვები შეიძლება გამოიქცნენ გზის სავალ ნაწილზე ბურთის ასაღებად",
      "2\nბავშვების სავალ ნაწილზე გამოსვლის საფრთხე არ არსებობს, ვინაიდან ისინი ვალდებულები არიან მოიცადონ გზის სავალი ნაწილის კიდესთან და დაელოდონ ავტომობილის გავლას"
    ]
  },
  {
    "id": 594,
    "correctAnswer": 2,
    "imageUrl": "assets/images/image.png",
    "correctVideo": "assets/videos/correct_946.mp4",
    "wrongVideo": "assets/videos/wrong_946.mp4",
    "previewVideo": "assets/videos/preview_946.mp4",
    "question": "თუ სატრანსპორტო საშუალება უახლოვდება ტროტუარზე მოთამაშე ბავშვებს, მძღოლმა უნდა:",
    "answers": [
      "1\nბავშვებზე ყურადღების მიუქცევლად გააგრძელოს მოძრაობა რათა არ შეუმნას დაბრკოლება მის უკან მოძრავ სატრანსპორტო საშუალებებს",
      "2\nმისცეს მხოლოდ ხმოვანი სიგნალი და შეუფერხებლად გააგრძლოს მოძრაობა",
      "3\nშეანელოს სიჩქარე და მზად იყოს დამუხრუჭებისთვის"
    ]
  },
  {
    "id": 595,
    "correctAnswer": 2,
    "imageUrl": "assets/images/image.png",
    "correctVideo": "assets/videos/correct_947.mp4",
    "wrongVideo": "assets/videos/wrong_947.mp4",
    "previewVideo": "assets/videos/preview_947.mp4",
    "question": "სპეციალური საბავშვო ეტლის, სავარძლის ან დამჭერი მოწყობილობის გამოყენების შემთხვევაში მძღოლი უნდა დარწმუნდეს:",
    "answers": [
      "1\nმხოლოდ, რომ ეტლი, სავარძლი ან დამჭერი მოწყობილობა შეესაბამება ბავშვის სიმაღლეს და წონას",
      "2\nმხოლოდ, რომ სატრანსპორტო საშუალების კონსტრუქციიდან გამომდინარე შესაძლებელია ბავშვის გადაყვანისას სპეციალური საბავშვო ეტლის, სავარძლის ან შესაბამისი დამჭერი მოწყობილობის გამოყენება",
      "3\nამ ბილეთში ჩამოთვლილ ყველა გარემოებაში"
    ]
  },
  {
    "id": 596,
    "correctAnswer": 2,
    "imageUrl": "assets/images/image.png",
    "correctVideo": "assets/videos/correct_948.mp4",
    "wrongVideo": "assets/videos/wrong_948.mp4",
    "previewVideo": "assets/videos/preview_948.mp4",
    "question": "სხვა პირისათვის მექანიკური სატრანსპორტო საშუალების სამართავად გადაცემა აკრძალულია:",
    "answers": [
      "1\nმხოლოდ იმ შემთხვევაში, თუ იგი იმყოფება ალკოჰოლური, ნარკოტიკული ან ფსიქოტროპული სიმთვრალის მდგომარეობაში",
      "2\nმხოლოდ იმ შემთხვევაში, თუ მას არ აქვს შესაბამისი კატეგორიის ან ქვეკატეგორიის სატრანსპორტო საშუალების მართვის უფლება ან ეს უფლება შეჩერებული, ჩამორთმეული ან შეწყვეტილი (გაუქმებული) აქვს საქართველოს კანონმდებლობით დადგენილი წესით.",
      "3\nამ ბილეთში ჩამოთვლილ ნებისმიერ შემთხვევაში"
    ]
  },
  {
    "id": 597,
    "correctAnswer": 0,
    "imageUrl": "assets/images/image.png",
    "correctVideo": "assets/videos/correct_949.mp4",
    "wrongVideo": "assets/videos/wrong_949.mp4",
    "previewVideo": "assets/videos/preview_949.mp4",
    "question": "დღე-ღამის ბნელ დროს ან არასაკმარისი ხილვადობის პირობებში, სატრანსპორტო საშუალების მოძრაობის სიჩქარის შერჩევისას მძღოლმა გადამწყვეტი მნიშვნელობა უნდა მიანიჭოს:",
    "answers": [
      "1\nმხედველობის პირობებს",
      "2\nმოცემულ გზის მონაკვეთზე საგზაო მონიშვნით განსაზღვრულ მოთხოვნებს",
      "3\nთანმხვედრი მიმართულებით მოძრაობის ზოლების რაოდენობას",
      "4\nამ ბილეთში ჩამოთვლილი არცერთი გარემოება გასათვალისწინებელი არ არის"
    ]
  },

   {
    "id": 570,
    "correctAnswer": 1,
    "imageUrl": "assets/images/image.png",
    "correctVideo": "assets/videos/correct_922.mp4",
    "wrongVideo": "assets/videos/wrong_922.mp4",
    "previewVideo": "assets/videos/preview_922.mp4",
    "question": "„შეზღუდული ხილვადობა“ არის:",
    "answers": [
      "1\nგვირაბში გავლისას, დღე-ღამის ბნელ დროს, ნისლის, წვიმის, თოვის და სხვა ბუნებრივი მოვლენების დროს გზის ხილვადობის 300 მეტრზე ნაკლებ მანძილზე შემცირება",
      "2\nგარემოება, რომლის დროსაც მოკლე მოსახვევი, აღმართის დასასრული, გამწვანება, გზისპირა ნაგებობა ან გზაზე არსებული დაბრკოლება მოძრაობის მიმართულებით გზის ხილვადობას ისე ამცირებს, რომ აღნიშნულ გზის მონაკვეთზე ნებადართული მაქსიმალური სიჩქარით მოძრაობამ შეიძლება საფრთხე წარმოშვას"
    ]
  },
  {
    "id": 571,
    "correctAnswer": 1,
    "imageUrl": "assets/images/image.png",
    "correctVideo": "assets/videos/correct_923.mp4",
    "wrongVideo": "assets/videos/wrong_923.mp4",
    "previewVideo": "assets/videos/preview_923.mp4",
    "question": "„მსუბუქი ავტომობილი“ არის:",
    "answers": [
      "1\n4500 კგ–მდე სრული მასის მქონე ავტომობილი,რომლის დასასხდომი ადგილების რაოდენობა , გარდა მძღოლის ადგილისა , 8–ს აღემატება,მაგრამ არ აღემატება 12–ს",
      "2\nარაუმეტეს 3500 კგ ნებადართული მაქსიმალური მასის მქონე ავტომობილი, (გარდა მოტოციკლისა და მოპედისა)რომლის დასასხდომი ადგილების რაოდენობა,გარდა მძღოლის ადგილისა 8–ს არ აღემატება",
      "3\n2500 კგ–მდე სრული მასის მქონე მოტოციკლი"
    ]
  },
   {
    "id": 570,
    "correctAnswer": 1,
    "imageUrl": "assets/images/image.png",
    "correctVideo": "assets/videos/correct_922.mp4",
    "wrongVideo": "assets/videos/wrong_922.mp4",
    "previewVideo": "assets/videos/preview_922.mp4",
    "question": "„შეზღუდული ხილვადობა“ არის:",
    "answers": [
      "1\nგვირაბში გავლისას, დღე-ღამის ბნელ დროს, ნისლის, წვიმის, თოვის და სხვა ბუნებრივი მოვლენების დროს გზის ხილვადობის 300 მეტრზე ნაკლებ მანძილზე შემცირება",
      "2\nგარემოება, რომლის დროსაც მოკლე მოსახვევი, აღმართის დასასრული, გამწვანება, გზისპირა ნაგებობა ან გზაზე არსებული დაბრკოლება მოძრაობის მიმართულებით გზის ხილვადობას ისე ამცირებს, რომ აღნიშნულ გზის მონაკვეთზე ნებადართული მაქსიმალური სიჩქარით მოძრაობამ შეიძლება საფრთხე წარმოშვას"
    ]
  }
 

]