[
  {
    "id": 598,
    "correctAnswer": 2,
    "imageUrl": "assets/images/image.png",
    "correctVideo": "assets/videos/correct_598.mp4",
    "wrongVideo": "assets/videos/wrong_598.mp4",
    "previewVideo": "assets/videos/preview_598.mp4",
    "question": "რა თანამიმდევრობით უნდა გაიარონ გზაჯვარედინი ისრის მიმართულებით მოძრავმა ავტომობილებმა, თუ სასწრაფო სამედიცინო დახმარების ავტომობილს ჩართული აქვს ლურჯი მოელვარე სპეციალური ციმციმა და ხმოვანი სიგნალები?",
    "answers": [
      "1\nჯერ უნდა გაიაროს სასწრაფო სამედიცინო დახმარების ავტომობილმა, შემდეგ - ავტობუსმა და ბოლოს - მსუბუქმა ავტომობილმა",
      "2\nჯერ უნდა გაიაროს მსუბუქმა ავტომობილმა, შემდეგ - სასწრაფო სამედიცინო დახმარების ავტომობილმა და ბოლოს - ავტობუსმა",
      "3\nჯერ უნდა გაიაროს სასწრაფო სამედიცინო დახმარების ავტომობილმა, შემდეგ - მსუბუქმა ავტომობილმა და ბოლოს - ავტობუსმა"
    ]
  },
  {
    "id": 599,
    "correctAnswer": 0,
    "imageUrl": "assets/images/image.png",
    "correctVideo": "assets/videos/correct_599.mp4",
    "wrongVideo": "assets/videos/wrong_599.mp4",
    "previewVideo": "assets/videos/preview_599.mp4",
    "question": "ერთობლივად ჩართული შუქნიშნის წითელი და ყვითელი მაშუქი სიგნალები:",
    "answers": [
      "1\nკრძალავს მოძრაობას და იტყობინება მწვანე მაშუქი სიგნალის მოსალოდნელი ჩართვის შესახებ",
      "2\nრთავს მოძრაობის ნებას და იძლევა ინფორმაციას გზის მონაკვეთზე საფრთხის არსებობის შესახებ"
    ]
  },
  {
    "id": 600,
    "correctAnswer": 1,
    "imageUrl": "assets/images/image.png",
    "correctVideo": "assets/videos/correct_600.mp4",
    "wrongVideo": "assets/videos/wrong_600.mp4",
    "previewVideo": "assets/videos/preview_600.mp4",
    "question": "მოცემულ სიტუაციაში არღვევს თუ არა მძღოლი იძულებით გაჩერებისათვის დადგენილ მოთხოვნებს, თუ გაუმართავი ავტომობილის დაუყოვნებლივ გაყვანა გზიდან შეუძლებელია?",
    "answers": [
      "1\nარ არღვევს",
      "2\nარღვევს"
    ]
  },
  {
    "id": 601,
    "correctAnswer": 2,
    "imageUrl": "assets/images/image.png",
    "correctVideo": "assets/videos/correct_601.mp4",
    "wrongVideo": "assets/videos/wrong_601.mp4",
    "previewVideo": "assets/videos/preview_601.mp4",
    "question": "ოპერატიული სამსახურის ავტომობილის მძღოლი, მიუხედავად საგზაო ნიშნებისა და მონიშვნების მოთხოვნებისა, სხვა საგზაო მოძრაობის მონაწილეების მიმართ სარგებლობს პრიორიტეტით, თუ ჩართული აქვს:",
    "answers": [
      "1\nლურჯი მოელვარე სპეციალური ციმციმა სიგნალი",
      "2\nლურჯი და წითელი მოელვარე სპეციალური ციმციმა სიგნალები",
      "3\nლურჯი მოელვარე სპეციალური ციმციმა და ხმოვანი სიგნალები"
    ]
  },
  {
    "id": 602,
    "correctAnswer": 0,
    "imageUrl": "assets/images/image.png",
    "correctVideo": "assets/videos/correct_602.mp4",
    "wrongVideo": "assets/videos/wrong_602.mp4",
    "previewVideo": "assets/videos/preview_602.mp4",
    "question": "ვალდებულია თუ არა, საგზაო მოძრაობის მონაწილე გზა დაუთმოს ჩართული ახლო ნათების ფარებით მოძრავ იმ სატრანსპორტო საშუალებას, რომელსაც მიაცილებს ოპერატიული სამსახურის სატრანსპორტო საშუალება ჩართული ლურჯი მოელვარე სპეციალური ციმციმა და ხმოვანი სიგნალებით?",
    "answers": [
      "1\nვალდებულია",
      "2\nარ არის ვალდებული"
    ]
  },
  {
    "id": 603,
    "correctAnswer": 1,
    "imageUrl": "assets/images/image.png",
    "correctVideo": "assets/videos/correct_603.mp4",
    "wrongVideo": "assets/videos/wrong_603.mp4",
    "previewVideo": "assets/videos/preview_603.mp4",
    "question": "ოპერატიული ან სპეციალური სამსახურის სატრანსპორტო საშუალების მოახლოებისას, რომელსაც ჩართული აქვს ლურჯი მოელვარე სპეციალური ციმციმა და ხმოვანი სიგნალები ან/და ხმამაღლამოლაპარაკე ხელსაწყოთი იძლევა სიგნალს, საგზაო მოძრაობის მონაწილეები ვალდებულნი არიან:",
    "answers": [
      "1\nდაუყოვნებლივ გაჩერდნენ ყოფნის ადგილას",
      "2\nგაანთავისუფლონ სავალ ნაწილზე ადგილი, ხოლო აუცილებლობის შემთხვევაში გაჩერდნენ",
      "3\nგადაჯგუფდნენ თანმხვედრი მიმართულების უკიდურეს მარცხენა ზოლზე"
    ]
  },
  {
    "id": 604,
    "correctAnswer": 1,
    "imageUrl": "assets/images/image.png",
    "correctVideo": "assets/videos/correct_604.mp4",
    "wrongVideo": "assets/videos/wrong_604.mp4",
    "previewVideo": "assets/videos/preview_604.mp4",
    "question": "ჩართული ლურჯი მოელვარე სპეციალური ციმციმა სიგნალით მდგომ სპეციალური სამსახურის სატრანსპორტო საშუალებასთან მიახლოებისას, მძღოლმა უნდა:",
    "answers": [
      "1\nგანაგრძოს გზა სიჩქარის შეუცვლელად",
      "2\nშეანელოს სიჩქარე, რათა აუცილებლობის შემთხვევაში ჰქონდეს ტრანსპორტის დაუყოვნებლივ გაჩერების შესაძლებლობა",
      "3\nგაზარდოს სიჩქარე, რათა დროულად გაიაროს აღნიშნული ადგილი"
    ]
  },
  {
    "id": 605,
    "correctAnswer": 1,
    "imageUrl": "assets/images/image.png",
    "correctVideo": "assets/videos/correct_605.mp4",
    "wrongVideo": "assets/videos/wrong_605.mp4",
    "previewVideo": "assets/videos/preview_605.mp4",
    "question": "მძღოლს, რომელსაც სპეციალური სამსახურის სატრანსპორტო საშუალებაზე ჩართული აქვს ნარინჯისფერი მოელვარე სპეციალური ციმციმა სიგნალი, სამსახურებრივი მოვალეობის შესრულებისას შეუძლია გადაუხვიოს საგზაო ნიშნებისა და მონიშვნების მოთხოვნებს, თუ:",
    "answers": [
      "1\nჩართული აქვს ახლო განათების ფარები",
      "2\nუზრუნველყოფს საგზაო მოძრაობის უსაფრთხოებას",
      "3\nავტომობილზე დამაგრებულია დროებითი საგზაო ნიშნები"
    ]
  },
  {
    "id": 606,
    "correctAnswer": 1,
    "imageUrl": "assets/images/image.png",
    "correctVideo": "assets/videos/correct_606.mp4",
    "wrongVideo": "assets/videos/wrong_606.mp4",
    "previewVideo": "assets/videos/preview_606.mp4",
    "question": "სპეციალური სამსახურის სატრანსპორტო საშუალებაზე ჩართული ყვითელი მოელვარე სპეციალური ციმციმა სიგნალი გამოიყენება:",
    "answers": [
      "1\nსაგზაო მოძრაობის სხვა მონაწილეების მიმართ უპირატესობის მოსაპოვებლად",
      "2\nყურადღების მისაპყრობად, მოსალოდნელი საშიშროების თავიდან აცილებისათვის"
    ]
  },
  {
    "id": 607,
    "correctAnswer": 1,
    "imageUrl": "assets/images/image.png",
    "correctVideo": "assets/videos/correct_607.mp4",
    "wrongVideo": "assets/videos/wrong_607.mp4",
    "previewVideo": "assets/videos/preview_607.mp4",
    "question": "სატრანსპორტო საშუალებებზე სპეციალური ციმციმა და ხმოვანი სიგნალების დაყენება, ასევე ავტომანქანებისთვის სპეციალური შეფერილობის მიცემა, ხორციელდება:",
    "answers": [
      "1\nსაქართველოს ფინანსთა მინისტრის მიერ განსაზღვრული წესის შესაბამისად",
      "2\nსაქართველოს შინაგან საქმეთა მინისტრის მიერ განსაზღვრული წესის შესაბამისად",
      "3\nსაქართველოს იუსტიციის მინისტრის მიერ განსაზღვრული წესის შესაბამისად"
    ]
  },
  {
    "id": 608,
    "correctAnswer": 2,
    "imageUrl": "assets/images/image.png",
    "correctVideo": "assets/videos/correct_19.mp4",
    "wrongVideo": "assets/videos/wrong_19.mp4",
    "previewVideo": "assets/videos/preview_19.mp4",
    "question": "ჩართული ახლო განათების ფარებით სატვირთო ავტომობილს მიაცილებს ოპერატიული სამსახურის ავტომობილი, ჩართული ლურჯი მოელვარე სპეციალური ციმციმა და ხმოვანი სიგნალებით. რომელი ავტომობილის მიმართ წარმოექმნება გზის დათმობის ვალდებულება ავტობუსის მძღოლს ისრის მიმართულებით მოძრაობის შემთხვევაში შუქნიშნის ამ სიგნალზე?",
    "answers": [
      "1\nარცერთი ავტომობილის მძღოლის მიმართ",
      "2\nმხოლოდ ოპერატიული ავტომობილის მძღოლის მიმართ",
      "3\nროგორც ოპერატიული სამსახურის, ასევე სატვირთო ავტომობილების მძღოლების მიმართ"
    ]
  },
  {
    "id": 609,
    "correctAnswer": 2,
    "imageUrl": "assets/images/image.png",
    "correctVideo": "assets/videos/correct_19.mp4",
    "wrongVideo": "assets/videos/wrong_19.mp4",
    "previewVideo": "assets/videos/preview_19.mp4",
    "question": "რომელი მიმართულებით მოძრაობის გაგრძელების უფლება აქვს ოპერატიული სამსახურის ავტომობილის მძღოლს შუქნიშნის ამ სიგნალზე, თუ ავტომობილს ჩართული აქვს ლურჯი მოელვარე სპეციალური ციმციმა სიგნალი?",
    "answers": [
      "1\nმხოლოდ პირდაპირ და მარჯვნივ",
      "2\nმხოლოდ მარჯვნივ",
      "3\nყველა მიმართულებით",
      "4\nმხოლოდ მარცხნივ და უკუმიმართულებით (მობრუნება)"
    ]
  },
  {
    "id": 610,
    "correctAnswer": 1,
    "imageUrl": "assets/images/image.png",
    "correctVideo": "assets/videos/correct_19.mp4",
    "wrongVideo": "assets/videos/wrong_19.mp4",
    "previewVideo": "assets/videos/preview_19.mp4",
    "question": "ვალდებულია თუ არა წითელი ავტომობილის მძღოლი გზა დაუთმოს ოპერატიული სამსახურის ავტომობილის მძღოლს, თუ ავტომობილზე ჩართული არ არის ლურჯი მოელვარე სპეციალური ციმციმა და ხმოვანი სიგნალები?",
    "answers": [
      "1\nვალდებულია",
      "2\nარ არის ვალდებული"
    ]
  },
  {
    "id": 611,
    "correctAnswer": 0,
    "imageUrl": "assets/images/image.png",
    "correctVideo": "assets/videos/correct_19.mp4",
    "wrongVideo": "assets/videos/wrong_19.mp4",
    "previewVideo": "assets/videos/preview_19.mp4",
    "question": "ოპერატიული სამსახურის ავტომობილს ჩართული აქვს ლურჯი მოელვარე სპეციალური ციმციმა და ხმოვანი სიგნალები. წითელი ავტომობილის მძღოლი არ დაარღვევს საგზაო მოძრაობის წესებს, თუ:",
    "answers": [
      "1\nგაატარებს ყვითელ ავტომობილს და გადავა მარჯვნივ მდებარე ზოლში",
      "2\nარ დაუთმობს გზას ყვითელ ავტომობილს და გადავა მარჯვნივ მდებარე ზოლში",
      "3\nგააგრძელებს მოძრაობას დაკავებულ ზოლში"
    ]
  },
  {
    "id": 612,
    "correctAnswer": 2,
    "imageUrl": "assets/images/image.png",
    "correctVideo": "assets/videos/correct_19.mp4",
    "wrongVideo": "assets/videos/wrong_19.mp4",
    "previewVideo": "assets/videos/preview_19.mp4",
    "question": "ოპერატიული სამსახურის ავტომობილი გაჩერებულია ჩართული ლურჯი მოელვარე სპეციალური ციმციმა სიგნალით. მსუბუქი ავტომობილის მძღოლმა უნდა იმოძრაოს არა უმეტეს:",
    "answers": [
      "1\n90 კმ/სთ სიჩქარით",
      "2\n70 კმ/სთ სიჩქარით",
      "3\nიმ სიჩქარით, რომლითაც აუცილებლობის შემთხვევაში ავტომობილის დაუყონებლივ გაჩერების შესაძლებლობა ექნება"
    ]
  },
  {
    "id": 613,
    "correctAnswer": 2,
    "imageUrl": "assets/images/image.png",
    "correctVideo": "assets/videos/correct_19.mp4",
    "wrongVideo": "assets/videos/wrong_19.mp4",
    "previewVideo": "assets/videos/preview_19.mp4",
    "question": "რა თანამიმდევრობით უნდა გაიარონ გზაჯვარედინი სატრანსპორტო საშუალებებმა ისრის მიმართულებით მოძრაობის შემთხვევაში, თუ ოპერატიული სამსახურის ავტომობილს ჩართული აქვს ლურჯი მოელვარე სპეციალური ციმციმა და ხმოვანი სიგნალები?",
    "answers": [
      "1\nჯერ უნდა გაიაროს რუხმა მსუბუქმა ავტომობილმა, შემდეგ - მოტოციკლმა, ბოლოს - ოპერატიული სამსახურის ავტომობილმა",
      "2\nჯერ უნდა გაიაროს მოტოციკლმა, შემდეგ - ოპერატიული სამსახურის ავტომობილმა, ბოლოს - რუხმა მსუბუქმა ავტომობილმა",
      "3\nჯერ უნდა გაიაროს ოპერატიული სამსახურის ავტომობილმა, შემდეგ - რუხმა მსუბუქმა ავტომობილმა, ბოლოს - მოტოციკლმა"
    ]
  },
  {
    "id": 614,
    "correctAnswer": 3,
    "imageUrl": "assets/images/image.png",
    "correctVideo": "assets/videos/correct_614.mp4",
    "wrongVideo": "assets/videos/wrong_614.mp4",
    "previewVideo": "assets/videos/preview_614.mp4",
    "question": "რომელი მიმართულებით მოძრაობის გაგრძელების უფლება აქვს ოპერატიული სამსახურის ავტომობილის მძღოლს შუქნიშნის ამ სიგნალზე, თუ ავტომობილს ჩართული არა აქვს ლურჯი მოელვარე სპეციალური ციმციმა სიგნალი?",
    "answers": [
      "1\nმხოლოდ პირდაპირ და მარჯვნივ",
      "2\nმხოლოდ პირდაპირ მარცხნივ",
      "3\nყველა მიმართულებით",
      "4\nმხოლოდ პირდაპირ"
    ]
  },
  {
    "id": 615,
    "correctAnswer": 0,
    "imageUrl": "assets/images/image.png",
    "correctVideo": "assets/videos/correct_615.mp4",
    "wrongVideo": "assets/videos/wrong_615.mp4",
    "previewVideo": "assets/videos/preview_615.mp4",
    "question": "რომელი ავტომობილის მძღოლს წარმოექმნება გზის დათმობის ვალდებულება ისრის მიმართულებით მოძრაობის შემთხვევაში, თუ ოპერატიული სამსახურის ავტომობილს ჩართული აქვს ლურჯი მოელვარე სპეციალური ციმციმა სიგნალი?",
    "answers": [
      "1\nოპერატიული სამსახურის ავტომობილის მძღოლს",
      "2\nავტობუსის მძღოლს"
    ]
  },
  {
    "id": 616,
    "correctAnswer": 0,
    "imageUrl": "assets/images/image.png",
    "correctVideo": "assets/videos/correct_616.mp4",
    "wrongVideo": "assets/videos/wrong_616.mp4",
    "previewVideo": "assets/videos/preview_616.mp4",
    "question": "სატვირთო ავტომობილი ავტომაგისტრალზე ასრულებს დასასუფთავებელ სამუშაოებს. აქვს თუ არა უფლება სატვირთო ავტომობილის მძღოლს გააგრძელოს მოძრაობა ისრის მიმართულებით, თუ ავტომობილს ჩართული აქვს ყვითელი მოელვარე სპეციალური ციმციმა სიგნალი?",
    "answers": [
      "1\nაქვს უფლება",
      "2\nარ აქვს უფლება"
    ]
  },
  {
    "id": 617,
    "correctAnswer": 1,
    "imageUrl": "assets/images/image.png",
    "correctVideo": "assets/videos/correct_617.mp4",
    "wrongVideo": "assets/videos/wrong_617.mp4",
    "previewVideo": "assets/videos/preview_617.mp4",
    "question": "რა თანამიმდევრობით უნდა გაიარონ გზაჯვარედინი სატრანსპორტო საშუალებებმა ისრის მიმართულებით მოძრაობის შემთხვევაში, თუ ოპერატიული სამსახურის ავტომობილს ჩართული აქვს ლურჯი მოელვარე სპეციალური ციმციმა და ხმოვანი სიგნალები?",
    "answers": [
      "1\nჯერ უნდა გაიაროს მსუბუქმა ავტომობილმა, შემდეგ - მოტოციკლმა, ბოლოს - ოპერატიული სამსახურის ავტომობილმა",
      "2\nჯერ უნდა გაიაროს ოპერატიული სამსახურის ავტომობილმა, შემდეგ - მსუბუქმა ავტომობილმა, ბოლოს - მოტოციკლმა",
      "3\nჯერ უნდა გაიაროს მოტოციკლმა, შემდეგ - ოპერატიული სამსახურის ავტომობილმა, ბოლოს - მსუბუქი ავტომობილი"
    ]
  },
  {
    "id": 618,
    "correctAnswer": 0,
    "imageUrl": "assets/images/image.png",
    "correctVideo": "assets/videos/correct_618.mp4",
    "wrongVideo": "assets/videos/wrong_618.mp4",
    "previewVideo": "assets/videos/preview_618.mp4",
    "question": "რომელი ავტომობილის მძღოლს წარმოექმნება გზის დათმობის ვალდებულება ისრის მიმართულებით მოძრაობის შემთხვევაში, თუ ოპერატიული სამსახურის ავტომობილს ჩართული აქვს ლურჯი მოელვარე სპეციალური ციმციმა სიგნალები?",
    "answers": [
      "1\nმსუბუქი ავტომობილის მძღოლს",
      "2\nოპერატიული სამსახურის ავტომობილის მძღოლს"
    ]
  }
]