[
  {
    "id": 519,
    "correctAnswer": 2,
    "imageUrl": "assets/images/image.png",
    "correctVideo": "assets/videos/correct_519.mp4",
    "wrongVideo": "assets/videos/wrong_519.mp4",
    "previewVideo": "assets/videos/preview_519.mp4",
    "question": "მოცემული საგზაო ნიშნებიდან რომელი იძლევა ინფორმაციას პირველადი სამედიცინო დახმარების პუნქტის შესახებ?",
    "answers": [
      "1\nIV",
      "2\nIII",
      "3\nII",
      "4\nI"
    ]
  },
  {
    "id": 520,
    "correctAnswer": 0,
    "imageUrl": "assets/images/image.png",
    "correctVideo": "assets/videos/correct_520.mp4",
    "wrongVideo": "assets/videos/wrong_520.mp4",
    "previewVideo": "assets/videos/preview_520.mp4",
    "question": "მოცემული საგზაო ნიშნებიდან რომელი იძლევა ინფორმაციას ავტოგასამართი სადგურის შესახებ?",
    "answers": [
      "1\nIV",
      "2\nIII",
      "3\nII",
      "4\nI"
    ]
  },
  {
    "id": 521,
    "correctAnswer": 1,
    "imageUrl": "assets/images/image.png",
    "correctVideo": "assets/videos/correct_521.mp4",
    "wrongVideo": "assets/videos/wrong_521.mp4",
    "previewVideo": "assets/videos/preview_521.mp4",
    "question": "მოცემული საგზაო ნიშნებიდან რომელი იძლევა ინფორმაციას ავტომობილის ტექნიკური მომსახურების შესახებ?",
    "answers": [
      "1\nIV",
      "2\nIII",
      "3\nII",
      "4\nI"
    ]
  },
  {
    "id": 522,
    "correctAnswer": 2,
    "imageUrl": "assets/images/image.png",
    "correctVideo": "assets/videos/correct_522.mp4",
    "wrongVideo": "assets/videos/wrong_522.mp4",
    "previewVideo": "assets/videos/preview_522.mp4",
    "question": "მოცემული საგზაო ნიშნებიდან რომელი იძლევა ინფორმაციას ავტომობილის რეცხვის ადგილის შესახებ?",
    "answers": [
      "1\nI",
      "2\nII",
      "3\nIII",
      "4\nIV"
    ]
  },
  {
    "id": 523,
    "correctAnswer": 3,
    "imageUrl": "assets/images/image.png",
    "correctVideo": "assets/videos/correct_523.mp4",
    "wrongVideo": "assets/videos/wrong_523.mp4",
    "previewVideo": "assets/videos/preview_523.mp4",
    "question": "მოცემული საგზაო ნიშნებიდან რომელი იძლევა ინფორმაციას ტელეფონის პუნქტის შესახებ?",
    "answers": [
      "1\nII",
      "2\nI",
      "3\nIV",
      "4\nIII"
    ]
  },
  {
    "id": 524,
    "correctAnswer": 2,
    "imageUrl": "assets/images/image.png",
    "correctVideo": "assets/videos/correct_524.mp4",
    "wrongVideo": "assets/videos/wrong_524.mp4",
    "previewVideo": "assets/videos/preview_524.mp4",
    "question": "მოცემული საგზაო ნიშნებიდან რომელი იძლევა ინფორმაციას კვების პუნქტის შესახებ?",
    "answers": [
      "1\nIV",
      "2\nIII",
      "3\nII",
      "4\nI"
    ]
  },
  {
    "id": 525,
    "correctAnswer": 3,
    "imageUrl": "assets/images/image.png",
    "correctVideo": "assets/videos/correct_525.mp4",
    "wrongVideo": "assets/videos/wrong_525.mp4",
    "previewVideo": "assets/videos/preview_525.mp4",
    "question": "მოცემული საგზაო ნიშნებიდან რომელი იძლევა ინფორმაციას სასმელი წყლის შესახებ?",
    "answers": [
      "1\nII",
      "2\nI",
      "3\nIV",
      "4\nIII"
    ]
  },
  {
    "id": 526,
    "correctAnswer": 0,
    "imageUrl": "assets/images/image.png",
    "correctVideo": "assets/videos/correct_526.mp4",
    "wrongVideo": "assets/videos/wrong_526.mp4",
    "previewVideo": "assets/videos/preview_526.mp4",
    "question": "მოცემული საგზაო ნიშნებიდან რომელი იძლევა ინფორმაციას სასტუმროს ან მოტელის შესახებ?",
    "answers": [
      "1\nIV",
      "2\nIII",
      "3\nII",
      "4\nI"
    ]
  },
  {
    "id": 527,
    "correctAnswer": 1,
    "imageUrl": "assets/images/image.png",
    "correctVideo": "assets/videos/correct_527.mp4",
    "wrongVideo": "assets/videos/wrong_527.mp4",
    "previewVideo": "assets/videos/preview_527.mp4",
    "question": "მოცემული საგზაო ნიშნებიდან რომელი იძლევა ინფორმაციას კემპინგის შესახებ?",
    "answers": [
      "1\nII",
      "2\nI",
      "3\nIV",
      "4\nIII"
    ]
  },
  {
    "id": 528,
    "correctAnswer": 0,
    "imageUrl": "assets/images/image.png",
    "correctVideo": "assets/videos/correct_528.mp4",
    "wrongVideo": "assets/videos/wrong_528.mp4",
    "previewVideo": "assets/videos/preview_528.mp4",
    "question": "მოცემული საგზაო ნიშანი აღნიშნავს:",
    "answers": [
      "1\nავტომაგისტრალთან სხვა გზიდან ამოსასვლელის შერწყმის ადგილს",
      "2\nგზაჯვარედინს თანაბარმნიშვნელოვანი გზების გადაკვეთით",
      "3\nაღნიშნავს გზის მონაკვეთს, რომელზედაც სავალი ნაწილის სიგანე ორივე მხრიდან ვიწროვდება"
    ]
  },
  {
    "id": 529,
    "correctAnswer": 0,
    "imageUrl": "assets/images/image.png",
    "correctVideo": "assets/videos/correct_529.mp4",
    "wrongVideo": "assets/videos/wrong_529.mp4",
    "previewVideo": "assets/videos/preview_529.mp4",
    "question": "მოცემული საგზაო ნიშანი იძლევა ინფორმაციას:",
    "answers": [
      "1\nსაპატრულო პოლიციის საგუშაგოს არსებობის შესახებ",
      "2\nსაავარიო სამსახურთან რადიოკავშირის ზონის არსებობის შესახებ"
    ]
  },
  {
    "id": 530,
    "correctAnswer": 2,
    "imageUrl": "assets/images/image.png",
    "correctVideo": "assets/videos/correct_530.mp4",
    "wrongVideo": "assets/videos/wrong_530.mp4",
    "previewVideo": "assets/videos/preview_530.mp4",
    "question": "მოცემული საგზაო ნიშნებიდან რომელი იძლევა ინფორმაციას საერთაშორისო საავტომობილო გადაზიდვების საკონტროლო პუნქტის შესახებ?",
    "answers": [
      "1\nIII",
      "2\nIV",
      "3\nI",
      "4\nII"
    ]
  },
  {
    "id": 531,
    "correctAnswer": 0,
    "imageUrl": "assets/images/image.png",
    "correctVideo": "assets/videos/correct_531.mp4",
    "wrongVideo": "assets/videos/wrong_531.mp4",
    "previewVideo": "assets/videos/preview_531.mp4",
    "question": "მოცემული საგზაო ნიშანი იძლევა ინფორმაციას:",
    "answers": [
      "1\nსაერთაშორისო საავტომობილო გადაზიდვების საკონტროლო პუნქტის არსებობის შესახებ",
      "2\nსაპატრულო პოლიციის საგუშაგოს არსებობის შესახებ"
    ]
  },
  {
    "id": 532,
    "correctAnswer": 1,
    "imageUrl": "assets/images/image.png",
    "correctVideo": "assets/videos/correct_532.mp4",
    "wrongVideo": "assets/videos/wrong_532.mp4",
    "previewVideo": "assets/videos/preview_532.mp4",
    "question": "მოცემული საგზაო ნიშანი იძლევა ინფორმაციას:",
    "answers": [
      "1\nსაავარიო სამსახურთან რადიოკავშირის ზონის არსებობის თაობაზე",
      "2\nსაგზაო მოძრაობის თაობაზე ინფორმაციას გადამცემი რადიოსადგურის მიღების ზონის არსებობის შესახებ"
    ]
  },
  {
    "id": 533,
    "correctAnswer": 2,
    "imageUrl": "assets/images/image.png",
    "correctVideo": "assets/videos/correct_533.mp4",
    "wrongVideo": "assets/videos/wrong_533.mp4",
    "previewVideo": "assets/videos/preview_533.mp4",
    "question": "მოცემული საგზაო ნიშნებიდან რომელი იძლევა ინფორმაციას საგზაო მოძრაობის თაობაზე ინფორმაციას გადამცემი რადიოსადგურის მიღების ზონის არსებობის შესახებ.",
    "answers": [
      "1\nIV",
      "2\nIII",
      "3\nII",
      "4\nI"
    ]
  },
  {
    "id": 534,
    "correctAnswer": 0,
    "imageUrl": "assets/images/image.png",
    "correctVideo": "assets/videos/correct_534.mp4",
    "wrongVideo": "assets/videos/wrong_534.mp4",
    "previewVideo": "assets/videos/preview_534.mp4",
    "question": "მოცემული საგზაო ნიშანი იძლევა ინფორმაციას:",
    "answers": [
      "1\nსაავარიო სამსახურთან რადიოკავშირის ზონის არსებობის შესახებ",
      "2\nსაგზაო მოძრაობის შესახებ ინფორმაციის გადამცემი რადიოსადგურის მიმღები ზონის არსებობის შესახებ"
    ]
  },
  {
    "id": 535,
    "correctAnswer": 1,
    "imageUrl": "assets/images/image.png",
    "correctVideo": "assets/videos/correct_535.mp4",
    "wrongVideo": "assets/videos/wrong_535.mp4",
    "previewVideo": "assets/videos/preview_535.mp4",
    "question": "მოცემული საგზაო ნიშნებიდან რომელი იძლევა ინფორმაციას საავარიო სამსახურთან რადიოკავშირის ზონის არსებობის შესახებ?",
    "answers": [
      "1\nIV",
      "2\nIII",
      "3\nII",
      "4\nI"
    ]
  },
  {
    "id": 536,
    "correctAnswer": 2,
    "imageUrl": "assets/images/image.png",
    "correctVideo": "assets/videos/correct_536.mp4",
    "wrongVideo": "assets/videos/wrong_536.mp4",
    "previewVideo": "assets/videos/preview_536.mp4",
    "question": "მოცემულ სიტუაციაში, მძღოლს უფლება აქვს ხანგრძლივი დასვენების მიზნით ავტომობილი დააყენოს:",
    "answers": [
      "1\nA ადგილას",
      "2\nB ადგილას",
      "3\n800 მეტრში სპეციალურად გამოყოფილ ადგილას ან გზის ფარგლებს მიღმა"
    ]
  },
  {
    "id": 537,
    "correctAnswer": 1,
    "imageUrl": "assets/images/image.png",
    "correctVideo": "assets/videos/correct_537.mp4",
    "wrongVideo": "assets/videos/wrong_537.mp4",
    "previewVideo": "assets/videos/preview_537.mp4",
    "question": "სატვირთო და ყვითელი მსუბუქი ავტომობილები აგრძელებენ მოძრაობას ისრის მიმართულებით,ხოლო თეთრი მსუბუქი ავტომობილის მძღოლი გაჩერებულია ხანგრძლივი დასვენების მიზნით. რომელი ავტომობილის მძღოლი დაარღვევს საგზაო მოძრაობის წესებს,თუ მოცემული გზის შუა ზოლი ორივე მიმართულებით მოძრაობისათვის გამოიყენება?",
    "answers": [
      "1\nმხოლოდ სატვირთო და თეთრი მსუბუქი ავტომობილის მძღოლები",
      "2\nმხოლოდ ყვითელი და თეთრი მსუბუქი ავტომობილის მძღოლები",
      "3\nმხოლოდ თეთრი მსუბუქი ავტომობილის მძღოლი",
      "4\nმხოლოდ ყვითელი მსუბუქი ავტომობილის მძღოლი"
    ]
  },
  {
    "id": 538,
    "correctAnswer": 2,
    "imageUrl": "assets/images/image.png",
    "correctVideo": "assets/videos/correct_538.mp4",
    "wrongVideo": "assets/videos/wrong_538.mp4",
    "previewVideo": "assets/videos/preview_538.mp4",
    "question": "მოცემული საგზაო ნიშნებიდან რომელი იძლევა ინფორმაციას საცურაო აუზის ან პლიაჟის შესახებ?",
    "answers": [
      "1\nII",
      "2\nI",
      "3\nIV",
      "4\nIII"
    ]
  }
]