[
  {
    "id": 305,
    "correctAnswer": 2,
    "imageUrl": "assets/images/image.png",
    "correctVideo": "assets/videos/correct_19.mp4",
    "wrongVideo": "assets/videos/wrong_19.mp4",
    "previewVideo": "assets/videos/preview_19.mp4",
    "question": "რა სიჩქარით შეუძლია მოძრაობის გაგრძელება „B“ კატეგორიის ავტომობილის მძღოლს დასახლებულ პუნქტში, მოცემული საგზაო ნიშნის მოქმედების ზონაში?",
    "answers": [
      "1\nარა უმეტეს 40კმ/სთ",
      "2\nარანაკლებ 40კმ/სთ და არა უმეტეს 90კმ/სთ",
      "3\nარანაკლებ 40კმ/სთ და არა უმეტეს 60კმ/სთ",
      "4\nარანაკლებ 20კმ/სთ და არა უმეტეს 40კმ/სთ"
    ]
  },
  {
    "id": 306,
    "correctAnswer": 3,
    "imageUrl": "assets/images/image.png",
    "correctVideo": "assets/videos/correct_20.mp4",
    "wrongVideo": "assets/videos/wrong_20.mp4",
    "previewVideo": "assets/videos/preview_20.mp4",
    "question": "რომელი სატრანსპორტო საშუალების მძღოლი არღვევს საგზაო მოძრაობის წესებს, თუ ყველა სატრანსპორტო საშუალება მოძრაობს 100კმ/სთ სიჩქარით?",
    "answers": [
      "1\nმხოლოდ სატვირთო ავტომობილის მძღოლი",
      "2\nმხოლოდ მწვანე ავტომობილის მძღოლი",
      "3\nმხოლოდ თეთრი მიკროავტობუსის მძღოლი",
      "4\nმხოლოდ სატვირთო ავტომობილისა და თეთრი მიკროავტობუსის მძღოლები"
    ]
  },
  {
    "id": 307,
    "correctAnswer": 3,
    "imageUrl": "assets/images/image.png",
    "correctVideo": "assets/videos/correct_21.mp4",
    "wrongVideo": "assets/videos/wrong_21.mp4",
    "previewVideo": "assets/videos/preview_21.mp4",
    "question": "რა მაქსიმალური სიჩქარით მოძრაობის უფლება აქვს „B“ კატეგორიის ავტომობილის მძღოლს გზის ამ მონაკვეთზე?",
    "answers": [
      "1\n60 კმ/სთ სიჩქარით",
      "2\n80 კმ/სთ სიჩქარით",
      "3\n90 კმ/სთ სიჩქარით",
      "4\n110 კმ/სთ სიჩქარით"
    ]
  },
  {
    "id": 308,
    "correctAnswer": 2,
    "imageUrl": "assets/images/image.png",
    "correctVideo": "assets/videos/correct_22.mp4",
    "wrongVideo": "assets/videos/wrong_22.mp4",
    "previewVideo": "assets/videos/preview_22.mp4",
    "question": "დაუსახლებულ პუნქტში, მოცემული საგზაო ნიშნის მოქმედების ზონაში, „B“ კატეგორიის ავტომობილის მძღოლს უფლება აქვს იმოძრაოს არა უმეტეს:",
    "answers": [
      "1\n60 კმ/სთ სიჩქარით",
      "2\n70 კმ/სთ სიჩქარით",
      "3\n90 კმ/სთ სიჩქარით",
      "4\n110 კმ/სთ სიჩქარით"
    ]
  },
  {
    "id": 309,
    "correctAnswer": 1,
    "imageUrl": "assets/images/image.png",
    "correctVideo": "assets/videos/correct_23.mp4",
    "wrongVideo": "assets/videos/wrong_23.mp4",
    "previewVideo": "assets/videos/preview_23.mp4",
    "question": "რა მაქსიმალური სიჩქარით მოძრაობის გაგრძელების უფლება აქვს მსუბუქმისაბმელიანი „B“ კატეგორიის ავტომობილის მძღოლს დასახლებული პუნქტის დასასრულის ამღვნიშვნელი საგზაო ნიშნის შემდეგ?",
    "answers": [
      "1\n50 კმ/სთ სიჩქარით",
      "2\n80 კმ/სთ სიჩქარით",
      "3\n90 კმ/სთ სიჩქარით",
      "4\n110 კმ/სთ სიჩქარით"
    ]
  },
  {
    "id": 310,
    "correctAnswer": 1,
    "imageUrl": "assets/images/image.png",
    "correctVideo": "assets/videos/correct_24.mp4",
    "wrongVideo": "assets/videos/wrong_24.mp4",
    "previewVideo": "assets/videos/preview_24.mp4",
    "question": "რა მაქსიმალური სიჩქარით მოძრაობის უფლება აქვს „B1“ კატეგორიის ავტომობილის მძღოლს დაუსახლებულ პუნქტში, გზის მოცემულ მონაკვეთზე?",
    "answers": [
      "1\n60 კმ/სთ სიჩქარით",
      "2\n80 კმ/სთ სიჩქარით",
      "3\n90 კმ/სთ სიჩქარით",
      "4\n110 კმ/სთ სიჩქარით"
    ]
  },
  {
    "id": 311,
    "correctAnswer": 1,
    "imageUrl": "assets/images/image.png",
    "correctVideo": "assets/videos/correct_25.mp4",
    "wrongVideo": "assets/videos/wrong_25.mp4",
    "previewVideo": "assets/videos/preview_25.mp4",
    "question": "რა მაქსიმალური სიჩქარით მოძრაობის უფლება აქვს მისაბმელიანი „BE“ კატეგორიის ავტომობილის მძღოლს დაუსახლებელ პუნქტში გზის ამ მონაკვეთზე?",
    "answers": [
      "1\n60 კმ/სთ სიჩქარით",
      "2\n70 კმ/სთ სიჩქარით",
      "3\n80 კმ/სთ სიჩქარით",
      "4\n90 კმ/სთ სიჩქარით"
    ]
  },
  {
    "id": 312,
    "correctAnswer": 1,
    "imageUrl": "assets/images/image.png",
    "correctVideo": "assets/videos/correct_26.mp4",
    "wrongVideo": "assets/videos/wrong_26.mp4",
    "previewVideo": "assets/videos/preview_26.mp4",
    "question": "რა მაქსიმალური სიჩქარით მოძრაობის უფლება აქვს „BE“ კატეგორიის ავტომობილის მძღოლს ავტომაგისტრალზე?",
    "answers": [
      "1\n60 კმ/სთ სიჩქარით",
      "2\n70 კმ/სთ სიჩქარით",
      "3\n80 კმ/სთ სიჩქარით",
      "4\n90 კმ/სთ სიჩქარით"
    ]
  },
  {
    "id": 313,
    "correctAnswer": 3,
    "imageUrl": "assets/images/image.png",
    "correctVideo": "assets/videos/correct_27.mp4",
    "wrongVideo": "assets/videos/wrong_27.mp4",
    "previewVideo": "assets/videos/preview_27.mp4",
    "question": "რომელი სატრანსპორტო საშუალების მძღოლი არღვევს საგზაო მოძრაობის წესებს, თუ ყველა სატრანსპორტო საშუალება მოძრაობს 100 კმ/სთ სიჩქარით?",
    "answers": [
      "1\nმხოლოდ მსუბუქი ავტომობილის მძღოლი",
      "2\nმხოლოდ მსუბუქი და სატვირთო ავტომობილის მძღოლები",
      "3\nმხოლოდ მსუბუქი ავტომობილისა და ავტობუსის მძღოლები",
      "4\nმხოლოდ სატვირთო ავტომობილისა და ავტობუსის მძღოლები"
    ]
  },
  {
    "id": 314,
    "correctAnswer": 0,
    "imageUrl": "assets/images/image.png",
    "correctVideo": "assets/videos/correct_28.mp4",
    "wrongVideo": "assets/videos/wrong_28.mp4",
    "previewVideo": "assets/videos/preview_28.mp4",
    "question": "რა მაქსიმალური სიჩქარით მოძრაობის გაგრძელების უფლება აქვს „B“ კატეგორიის მაბუქსირებელი ავტომობილის მძღოლს დასახლებულ პუნქტში, გზის ამ მონაკვეთზე?",
    "answers": [
      "1\n50 კმ/სთ სიჩქარით",
      "2\n60 კმ/სთ სიჩქარით",
      "3\n70 კმ/სთ სიჩქარით",
      "4\n90 კმ/სთ სიჩქარით"
    ]
  },
  {
    "id": 315,
    "correctAnswer": 3,
    "imageUrl": "assets/images/image.png",
    "correctVideo": "assets/videos/correct_29.mp4",
    "wrongVideo": "assets/videos/wrong_29.mp4",
    "previewVideo": "assets/videos/preview_29.mp4",
    "question": "რა მაქსიმალური სიჩქარით მოძრაობის უფლება აქვს „B“ კატეგორიის ავტომობილის მძღოლს დაუსახლებელ პუნქტში, გზის მითითებულ მონაკვეთზე?",
    "answers": [
      "1\n50 კმ/სთ სიჩქარით",
      "2\n60 კმ/სთ სიჩქარით",
      "3\n80 კმ/სთ სიჩქარით",
      "4\n90 კმ/სთ სიჩქარით"
    ]
  },
  {
    "id": 316,
    "correctAnswer": 3,
    "imageUrl": "assets/images/image.png",
    "correctVideo": "assets/videos/correct_30.mp4",
    "wrongVideo": "assets/videos/wrong_30.mp4",
    "previewVideo": "assets/videos/preview_30.mp4",
    "question": "ქვემოთ ჩამოთვლილი საგზაო პირობებიდან, რომელი უნდა გაითვალისწინოს მძღოლმა სატრანსპორტო საშუალების სიჩქარის შეცვლისას?",
    "answers": [
      "1\nმხოლოდ ადგილის რელიეფი და მოძრაობის ინტენსიურობა",
      "2\nმხოლოდ ატმოსფერული პირობები, აგრეთვე არასაკმარისი ან შეზღუდული ხილვადობა",
      "3\nმხოლოდ გზისა და სატრანსპორტო საშუალების მდგომარეობა",
      "4\nამ ბილეთში ჩამოთვლილი ყველა საგზაო პირობა"
    ]
  },
  {
    "id": 317,
    "correctAnswer": 0,
    "imageUrl": "assets/images/image.png",
    "correctVideo": "assets/videos/correct_31.mp4",
    "wrongVideo": "assets/videos/wrong_31.mp4",
    "previewVideo": "assets/videos/preview_31.mp4",
    "question": "მოცემული საგზაო ნიშნის მოქმედების ზონაში, მისაბმელის გარეშე, „B“ კატეგორიის სატრანსპორტო საშუალებით მოძრაობა ნებადართულია არაუმეტეს:",
    "answers": [
      "1\n110 კმ/სთ სიჩქარით",
      "2\n90 კმ/სთ სიჩქარით",
      "3\n70 კმ/სთ სიჩქარით"
    ]
  },
  {
    "id": 318,
    "correctAnswer": 3,
    "imageUrl": "assets/images/image.png",
    "correctVideo": "assets/videos/correct_32.mp4",
    "wrongVideo": "assets/videos/wrong_32.mp4",
    "previewVideo": "assets/videos/preview_32.mp4",
    "question": "რომელი სატრანსპორტო საშუალების მძღოლი არღვევს საგზაო მოძრაობის წესებს, თუ ისინი მოძრაობენ 90 კმ/სთ სიჩქარით?",
    "answers": [
      "1\nმხოლოდ კვადროციკლის მძღოლი",
      "2\nმხოლოდ მსუბუქი ავტომობილის მძღოლი",
      "3\nმხოლოდ მოტოციკლის მძღოლი",
      "4\nმხოლოდ კვადროციკლისა და მოტოციკლის მძღოლები"
    ]
  },
  {
    "id": 319,
    "correctAnswer": 0,
    "imageUrl": "assets/images/image.png",
    "correctVideo": "assets/videos/correct_33.mp4",
    "wrongVideo": "assets/videos/wrong_33.mp4",
    "previewVideo": "assets/videos/preview_33.mp4",
    "question": "რა მაქსიმალური სიჩქარით შეუძლია მოძრაობის გაგრძელება სატვირთო ავტომობილის მძღოლს,თუ ბუქსირება ხდება ხისტი გადაბმით?",
    "answers": [
      "1\n50 კმ/სთ სიჩქარით",
      "2\n60 კმ/სთ სიჩქარით",
      "3\n80 კმ/სთ სიჩქარით"
    ]
  },
  {
    "id": 320,
    "correctAnswer": 0,
    "imageUrl": "assets/images/image.png",
    "correctVideo": "assets/videos/correct_34.mp4",
    "wrongVideo": "assets/videos/wrong_34.mp4",
    "previewVideo": "assets/videos/preview_34.mp4",
    "question": "დაარღვევს თუ არა მსუბუქი ავტომობილის მძღოლი საგზაო მოძრაობის წესებს ისრის მიმართულებით 90 კმ/სთ სიჩქარით მოძრაობის შემთხვევაში?",
    "answers": [
      "1\nდაარღვევს",
      "2\nარ დაარღვევს"
    ]
  },
  {
    "id": 321,
    "correctAnswer": 1,
    "imageUrl": "assets/images/image.png",
    "correctVideo": "assets/videos/correct_35.mp4",
    "wrongVideo": "assets/videos/wrong_35.mp4",
    "previewVideo": "assets/videos/preview_35.mp4",
    "question": "რა მაქსიმალური სიჩქარით მოძრაობის გაგრძელების უფლება აქვს „B“ კატეგორიის ავტომობილის მძღოლს საგზაო ნიშნის მოქმედების ზონაში?",
    "answers": [
      "1\n60 კმ/სთ სიჩქარით",
      "2\n80 კმ/სთ სიჩქარით",
      "3\n90 კმ/სთ სიჩქარით",
      "4\n110 კმ/სთ სიჩქარით"
    ]
  },
  {
    "id": 322,
    "correctAnswer": 3,
    "imageUrl": "assets/images/image.png",
    "correctVideo": "assets/videos/correct_36.mp4",
    "wrongVideo": "assets/videos/wrong_36.mp4",
    "previewVideo": "assets/videos/preview_36.mp4",
    "question": "რა სიჩქარით მოძრაობის გაგრძელების უფლება აქვს „B“ კატეგორიის ავტომობილის მძღოლს საგზაო ნიშნით აღნიშნულ ზოლში?",
    "answers": [
      "1\nარა უმეტეს 50 კმ/სთ",
      "2\nარანაკლებ 50 კმ/სთ და არა უმეტეს 70 კმ/სთ სიჩქარით",
      "3\nარანაკლებ 50 კმ/სთ და არა უმეტეს 90 კმ/სთ სიჩქარით",
      "4\nარანაკლებ 50 კმ/სთ და არა უმეტეს 110 კმ/სთ სიჩქარით"
    ]
  }
]