[
  {
    "id": 271,
    "correctAnswer": 3,
    "imageUrl": "assets/images/image.png",
    "correctVideo": "assets/videos/correct.mp4",
    "wrongVideo": "assets/videos/wrong.mp4",
    "previewVideo": "assets/videos/preview.mp4",
    "question": "საგზაო-სატრანსპორტო შემთხვევის შედეგად დაშავებულის მდგომარეობის შეფასების მიზნით უპირველესად საჭიროა:",
    "answers": [
      "მხოლოდ სასუნთქი გზების გახსნა და სუნთქის კონტროლი",
      "მხოლოდ ცნობიერების შემოწმება",
      "მხოლოდ საძილე არტერიაზე პულსაციის შემოწმება",
      "როგორც სასუნთქი გზების გახსნა და სუნთქის კონტროლი, ასევე საძილე არტერიაზე პულსაციისა და ცნობიერების შემოწმება"
    ]
  },
  {
    "id": 272,
    "correctAnswer": 2,
    "imageUrl": "assets/images/image.png",
    "correctVideo": "assets/videos/correct.mp4",
    "wrongVideo": "assets/videos/wrong.mp4",
    "previewVideo": "assets/videos/preview.mp4",
    "question": "თუ საგზაო-სატრანსპორტო შემთხვევის შედეგად დაშავებულს აღენიშნება კანის მე-2 ხარისხის დამწვრობა (კანის ქსოვილის დარღვევა და მოწითალო შეფერილობა, დამწვრობის ადგილზე სითხით შევსებული ბუშტების წარმოქმნა, ძლიერი ტკივილი) პირველადი სამედიცინო დახმარების აღმოჩენის მიზნით მას უნდა:",
    "answers": [
      "დამწვარი ზედაპირი გადავურეცხოთ ცივი წყლით, დავუმუშაოთ იოდის ხსნარით, დავადოთ ბაქტერიციდული ან სუფთა საფენი, შევუხვიოთ ბინტით",
      "გავუხსნათ ბუშტები, გავუსუფთაოთ დამწვარი ზედაპირი ტანსაცმლის ნარჩენებიდან, დავადოთ ბაქტერიციდული ან სუფთა საფენი, დაშავებულს დავალევინოთ წყალი",
      "ბუშტები არ გავუხსნათ, ტანსაცმლის ნარჩენები დამწვარი ზედაპირიდან არ მოვაცილოთ, ჭრილობაზე დავადოთ სტერილური საფენი, ბინტით არ შევუხვიოთ, მივადოთ ყინული ან ცივი საფენი, მივცეთ ტკივილგამაყუჩებელი საშუალება (თუ დაშავებულს მის მიმართ ალერგია არ გააჩნია) და დაშავებულს დავალევინოთ წყალი"
    ]
  },
  {
    "id": 273,
    "correctAnswer": 2,
    "imageUrl": "assets/images/image.png",
    "correctVideo": "assets/videos/correct.mp4",
    "wrongVideo": "assets/videos/wrong.mp4",
    "previewVideo": "assets/videos/preview.mp4",
    "question": "თუ საგზაო-სატრანსპორტო შემთხვევის შედეგად დაშავებულს არ აღენიშნება სუნთქვა და პულსაცია საძილე არტერიაზე, პირველადი სამედიცინო დახმარების აღმოჩენის მიზნით, მას უნდა ჩაუტარდეს:",
    "answers": [
      "მხოლოდ ხელოვნური სუნთქვა",
      "მხოლოდ გულის არაპირდაპირი მასაჟი",
      "როგორც ხელოვნური სუნთქვა, ასევე გულის არაპირდაპირი მასაჟი"
    ]
  },
  {
    "id": 274,
    "correctAnswer": 0,
    "imageUrl": "assets/images/image.png",
    "correctVideo": "assets/videos/correct.mp4",
    "wrongVideo": "assets/videos/wrong.mp4",
    "previewVideo": "assets/videos/preview.mp4",
    "question": "თუ საგზაო-სატრანსპორტო შემთხვევის შედეგად დაშავებულს არ აღენიშნება სუნთქვა, მაგრამ აღენიშნება პულსაცია საძილე არტერიაზე, მას უნდა ჩაუტარდეს:",
    "answers": [
      "მხოლოდ ხელოვნური სუნთქვა",
      "მხოლოდ გულის არაპირდაპირი მასაჟი",
      "როგორც ხელოვნური სუნთქვა, ასევე გულის არაპირდაპირი მასაჟი"
    ]
  },
  {
    "id": 275,
    "correctAnswer": 0,
    "imageUrl": "assets/images/image.png",
    "correctVideo": "assets/videos/correct.mp4",
    "wrongVideo": "assets/videos/wrong.mp4",
    "previewVideo": "assets/videos/preview.mp4",
    "question": "თუ არსებობს ეჭვი საგზაო-სატრანსპორტო შემთხვევის შედეგად დაშავებულის კისრის ან ხერხემლის დაზიანების შესახებ და მის სიცოცხლეს საფრთხე ემუქრება, როგორ უნდა მოხდეს დაშავებულის გადათრევით გადაადგილება დამხმარეს გარეშე (ერთი ადამიანის მიერ)?",
    "answers": [
      "მჯდომარე პოზიციაში დაშავებულს ზურგიდან მკლავები მხრებქვეშ უნდა შევუცუროთ, დავაფიქსიროთ ქვედა ყბა და კისერი და ისე გადათრევით გადავაადგილოთ უკან",
      "მჯდომარე პოზიციაში დაშავებულს ჩავუდგეთ ფეხებს შორის მკლავები მხრებქვეშ უნდა შევუცუროთ და ზურგზე ერთმანეთს ჩავჭიდოთ. ავწიეთ ფეხებით და დაშავებული გადათრევით გადავაადგილოთ უკან"
    ]
  },
  {
    "id": 276,
    "correctAnswer": 2,
    "imageUrl": "assets/images/image.png",
    "correctVideo": "assets/videos/correct.mp4",
    "wrongVideo": "assets/videos/wrong.mp4",
    "previewVideo": "assets/videos/preview.mp4",
    "question": "თუ საგზაო-სატრანსპორტო შემთხვევის შედეგად დაშავებულს მუცლის არეში აღენიშნება ჭრილობა, მისი ტრანსპორტირება უნდა მოხდეს:",
    "answers": [
      "გვერდზე დაწოლილ მდგომარეობაში მუხლებში მოხრილი ფეხებით",
      "ნახევრად მჯდომარე მდგომარეობაში გამართული ფეხებით",
      "ზურგზე დაწოლილ მდგომარეობაში მუხლებში მოხრილი ფეხებით",
      "მჯდომარე მდგომარეობაში"
    ]
  },
  {
    "id": 277,
    "correctAnswer": 2,
    "imageUrl": "assets/images/image.png",
    "correctVideo": "assets/videos/correct.mp4",
    "wrongVideo": "assets/videos/wrong.mp4",
    "previewVideo": "assets/videos/preview.mp4",
    "question": "თუ საგზაო-სატრანსპორტო შემთხვევის შედეგად დაშავებული გულწასულია, პირველადი სამედიცინო დახმარების აღმოჩენის მიზნით იგი უნდა:",
    "answers": [
      "დავაწვინოთ გვერდზე მოხრილი ფეხებით",
      "დავაწვინოთ ზურგზე, ამოვუდოთ თავქვეშ ბალიში, ვასუნთქოთ ნიშადურის სპირტი",
      "დავაწვინოთ ზურგზე, ფეხები წამოუწიოთ. ვასუნთქოთ ნიშადურის სპირტი, საფეთქლები დავუზილოთ ადეკოლონით (ან სხვა სპირტის შემცველი სითხით)"
    ]
  },
  {
    "id": 278,
    "correctAnswer": 1,
    "imageUrl": "assets/images/image.png",
    "correctVideo": "assets/videos/correct.mp4",
    "wrongVideo": "assets/videos/wrong.mp4",
    "previewVideo": "assets/videos/preview.mp4",
    "question": "საგზაო-სატრანსპორტო შემთხვევის შედეგად დაშავებულის თავის ტვინის შერყევის შემთხვევაში, მისი ტრანსპორტირება უნდა განხორციელდეს:",
    "answers": [
      "ზურგზე დაწოლილ მდგომარეობაში, ამასთან უნდა ამოვუდოთ ბალიში კისრისა და წელის არეში",
      "გვერდზე დაწოლილ მდგომარეობაში"
    ]
  },
  {
    "id": 279,
    "correctAnswer": 2,
    "imageUrl": "assets/images/image.png",
    "correctVideo": "assets/videos/correct.mp4",
    "wrongVideo": "assets/videos/wrong.mp4",
    "previewVideo": "assets/videos/preview.mp4",
    "question": "თუ საგზაო-სატრანსპორტო შემთხვევის შედეგად დაშავებულს აღენიშნება გულმკერდის გამჭოლი ჭრილობა მისი ტრანსპორტირება უნდა განხორციელდეს:",
    "answers": [
      "მუცელზე დაწოლილ მდგომარეობაში",
      "ზურგზე დაწოლილ მდგომარეობაში",
      "ჯანმრთელ გვერდზე დაწოლილ ან ნახევრადმჯდომარე მდგომარეობაში"
    ]
  },
  {
    "id": 280,
    "correctAnswer": 0,
    "imageUrl": "assets/images/image.png",
    "correctVideo": "assets/videos/correct.mp4",
    "wrongVideo": "assets/videos/wrong.mp4",
    "previewVideo": "assets/videos/preview.mp4",
    "question": "ერთი ხელის დაშავების შემთხვევაში საგზაო-სატრანსპორტო შემთხვევის შედეგად დაშავებულს პიჯაკი ან პერანგი უნდა გავხადოთ:",
    "answers": [
      "ჯერ ჯანსაღ, ხოლო შემდეგ დაშავებულ ხელზე",
      "ჯერ დაშავებულ, ხოლო შემდეგ ჯანსაღ ხელზე",
      "ერთდროულად ორივე ხელზე"
    ]
  },
  {
    "id": 281,
    "correctAnswer": 2,
    "imageUrl": "assets/images/image.png",
    "correctVideo": "assets/videos/correct.mp4",
    "wrongVideo": "assets/videos/wrong.mp4",
    "previewVideo": "assets/videos/preview.mp4",
    "question": "ტრამვული შოკის დროს პირველადი სამედიცინო დახმარების აღმოჩენის მიზნით, საგზაო-სატრანსპორტო შემთხვევის შედეგად დაშავებულს უნდა:",
    "answers": [
      "მივცეთ ტკივილგამაყუჩებელი საშუალება, დავაწვინოთ ზურგზე, თავქვეშ ამოვუდოთ მჭიდროდ დახვეული საფენი ან ტანსაცმელი",
      "გავხადოთ ტანსაცმელი, მივცეთ ტკივილგამაყუჩებელი საშუალება, შუბლზე დავადოთ ცივი საფენები",
      "აუცილებლობის შემთხვევაში შევაჩეროთ სისხლდენა, დავაფაროთ სათბურები; თუ არ ვეჭვობთ მუცლის ღრუს შიდა ორგანოების დაზიანებას, დავალევინოთ თბილი სასმელი"
    ]
  },
  {
    "id": 282,
    "correctAnswer": 0,
    "imageUrl": "assets/images/image.png",
    "correctVideo": "assets/videos/correct.mp4",
    "wrongVideo": "assets/videos/wrong.mp4",
    "previewVideo": "assets/videos/preview.mp4",
    "question": "საგზაო-სატრანსპორტო შემთხვევის შედეგად დაშავებულის მსხვილი არტერიიდან სისხლდენის დამახასითებელი ნიშნებია:",
    "answers": [
      "ტანსაცმელი გაჟღენთილია ალისფერი სისხლით, რომელიც ჭრილობიდან გამოედინება პულსირებული ნაკადით",
      "ტანსაცმელი სწრაფად იჟღინთება მუქი ფერის სისხლით, რომელიც ჭრილობიდან გამოედინება სუსტი ნაკადით",
      "ტანსაცმელი გაჟღენთილია სისხლით მხოლოდ ჭრილობის ადგილზე, რომელიც ჭრილობიდან გამოედინება სუსტი ნაკადით"
    ]
  },
  {
    "id": 283,
    "correctAnswer": 1,
    "imageUrl": "assets/images/image.png",
    "correctVideo": "assets/videos/correct.mp4",
    "wrongVideo": "assets/videos/wrong.mp4",
    "previewVideo": "assets/videos/preview.mp4",
    "question": "საგზაო-სატრანსპორტო შემთხვევის შედეგად დაშავებულის ჭრილობიდან ვენური სისხლდენის დამახასითებელი ნიშნებია:",
    "answers": [
      "ტანსაცმელი გაჟღენთილია ალისფერი სისხლით, რომელიც ჭრილობიდან გამოედინება პულსირებული ნაკადით",
      "ტანსაცმელი ნელა იჟღინთება მუქი ფერის სისხლით, რომელიც ჭრილობიდან გამოედინება სუსტი ნაკადით"
    ]
  },
  {
    "id": 284,
    "correctAnswer": 0,
    "imageUrl": "assets/images/image.png",
    "correctVideo": "assets/videos/correct.mp4",
    "wrongVideo": "assets/videos/wrong.mp4",
    "previewVideo": "assets/videos/preview.mp4",
    "question": "საგზაო-სატრანსპორტო შემთხვევის შედეგად დაშავებულის კიდურების დაზიანების შემთხვევაში არტერიული სისხლდენის შემაჩერებელი ლახტი უნდა დავადოთ ჭრილობის:",
    "answers": [
      "ადგილის ზემოთ",
      "ადგილის ქვემოთ",
      "ადგილზე"
    ]
  },
  {
    "id": 285,
    "correctAnswer": 1,
    "imageUrl": "assets/images/image.png",
    "correctVideo": "assets/videos/correct.mp4",
    "wrongVideo": "assets/videos/wrong.mp4",
    "previewVideo": "assets/videos/preview.mp4",
    "question": "არტაშანის დასამზადებელი მასალის არარსებობისას საგზაო-სატრანსპორტო შემთხვევის შედეგად დაშავებულის ფეხის ძვლის მოტეხილობის შემთხვევაში, მას უნდა:",
    "answers": [
      "დაშავებული ფეხის მთელ სიგრძეზე დავადოთ ბინტის სახვევი",
      "დაშავებული და ჯანმრთელი ფეხი დავუმაგროთ ერთმანეთს ბინტის სახვევის გამოყენებით, ამასთან აუცილებელია ფეხებს შორის ჩავუდოთ რბილი ქსოვილი"
    ]
  },
  {
    "id": 286,
    "correctAnswer": 0,
    "imageUrl": "assets/images/image.png",
    "correctVideo": "assets/videos/correct.mp4",
    "wrongVideo": "assets/videos/wrong.mp4",
    "previewVideo": "assets/videos/preview.mp4",
    "question": "საგზაო-სატრანსპორტო შემთხვევის შედეგად დაშავებულის მენჯისა და ბარძაყის ძვლის მოტეხილობის შემთხვევაში „სასწრაფო სამედიცინო დახმარების“ მოსვლამდე, იგი უნდა:",
    "answers": [
      "დავაწვინოთ ზურგზე მუხლებქვეშ ამოვუდოთ მჭიდროდ დახვეული საფენი ან ტანსაცმელი, მივცეთ ტკივილგამაყუჩებელი საშუალება",
      "დავაწვინოთ გვერდზე დაუზიანებელ მხარეს, დავადოთ დაშავებულ ადგილზე ცივი საფენი, მივცეთ ტკივილგამაყუჩებელი საშუალება"
    ]
  },
  {
    "id": 287,
    "correctAnswer": 2,
    "imageUrl": "assets/images/image.png",
    "correctVideo": "assets/videos/correct.mp4",
    "wrongVideo": "assets/videos/wrong.mp4",
    "previewVideo": "assets/videos/preview.mp4",
    "question": "რომელ შემთხვევაშია მიზანშეწონილი საგზაო-სატრანსპორტო შემთხვევის შედეგად დაშავებულის ავტომობილის კაბინიდან გადმოყვანა?",
    "answers": [
      "ყოველთვის დაშავებულის გონების დაკარგვის შემთხვევაში",
      "დაშავებულის ქვედა კიდურების მოტეხილობის შემთხვევაში",
      "როცა დაშავებულს გონება აქვს დაკარგული და არ აღენიშნება სუნთქვა და პულსაცია საძილე არტერიაზე"
    ]
  },
  {
    "id": 288,
    "correctAnswer": 1,
    "imageUrl": "assets/images/image.png",
    "correctVideo": "assets/videos/correct.mp4",
    "wrongVideo": "assets/videos/wrong.mp4",
    "previewVideo": "assets/videos/preview.mp4",
    "question": "საგზაო-სატრანსპორტო შემთხვევის შედეგად დაშავებულის ზურგის ტვინის დაუზიანებლად კისრის ხერხემლის მალების ტრავმების სიმპტომებია:",
    "answers": [
      "დაშავებული ვერ ამოძრავებს ზედა კიდურებს, სუნთქვა უძნელდება",
      "დაშავებულს კისრისა და ზურგის არეში აქვს ტკივილი, რომელიც მატულობს ხელით შეხებისას"
    ]
  },
  {
    "id": 289,
    "correctAnswer": 3,
    "imageUrl": "assets/images/image.png",
    "correctVideo": "assets/videos/correct.mp4",
    "wrongVideo": "assets/videos/wrong.mp4",
    "previewVideo": "assets/videos/preview.mp4",
    "question": "თუ საგზაო-სატრანსპორტო შემთხვევის შედეგად დაშავებულს დაზიანებული აქვს კისერი ან ხერხემალი ან არსებობს ეჭვი მათი დაზიანების შესახებ, არ შეიძლება:",
    "answers": [
      "მხოლოდ დაშავებულისთვის თავისა და კისრის მოძრაობა",
      "მხოლოდ დაშავებულის ჭრილობაზე შეხება",
      "მხოლოდ დაშავებულისათვის ძვლის ნამსხვრევების ჩასწორება და უცხო სხეულების მოცილება",
      "როგორც დაშავებულისთვის თავისა და კისრის მოძრაობა, ასევე მის ჭრილობაზე შეხება, ძვლის ნამსხვრევების ჩასწორება და უცხო სხეულების მოცილება"
    ]
  },
  {
    "id": 290,
    "correctAnswer": 1,
    "imageUrl": "assets/images/image.png",
    "correctVideo": "assets/videos/correct.mp4",
    "wrongVideo": "assets/videos/wrong.mp4",
    "previewVideo": "assets/videos/preview.mp4",
    "question": "თუ საგზაო-სატრანსპორტო შემთხვევის შედეგად დაშავებულს დაზიანებული აქვს ხერხემალი, იგი უნდა:",
    "answers": [
      "დავაწვინოთ გვერდზე, სწორ და მაგარ ზედაპირზე, ამოვუდოთ ბალიში თავქვეშ",
      "დავაწვინოთ ზურგზე, სწორ და მაგარ ზედაპირზე და ამოვუდოთ ბალიში კისრისა და წელის არეში"
    ]
  },
  {
    "id": 291,
    "correctAnswer": 1,
    "imageUrl": "assets/images/image.png",
    "correctVideo": "assets/videos/correct.mp4",
    "wrongVideo": "assets/videos/wrong.mp4",
    "previewVideo": "assets/videos/preview.mp4",
    "question": "თუ საგზაო-სატრანსპორტო შემთხვევის შედეგად დაშავებულს აღენიშნება ხერხემლის დაზიანება მისი ტრანსპორტირება უნდა განხორციელდეს:",
    "answers": [
      "გვერდზე მწოლიარე მდგომარეობაში, სწორ და მაგარ ზედაპირზე",
      "ზურგზე მწოლიარე მდგომარეობაში, სწორ და მაგარ ზედაპირზე",
      "მჯდომარე მდგომარეობაში, სწორ და მაგარ ზედაპირზე"
    ]
  },
  {
    "id": 292,
    "correctAnswer": 2,
    "imageUrl": "assets/images/image.png",
    "correctVideo": "assets/videos/correct.mp4",
    "wrongVideo": "assets/videos/wrong.mp4",
    "previewVideo": "assets/videos/preview.mp4",
    "question": "არტერიული სისხლდენის დროს სიცოცხლისათვის საშიში სისხლის რაოდენობა შეიძლება დაიკარგოს:",
    "answers": [
      "2-5 წთ-ის განმავლობაში",
      "5-10 წთ-ის განმავლობაში",
      "10-15 წთ-ის შემდეგ"
    ]
  },
  {
    "id": 293,
    "correctAnswer": 1,
    "imageUrl": "assets/images/image.png",
    "correctVideo": "assets/videos/correct.mp4",
    "wrongVideo": "assets/videos/wrong.mp4",
    "previewVideo": "assets/videos/preview.mp4",
    "question": "საგზაო-სატრანსპორტო შემთხვევის შედეგად დაშავებულის კანის საფარველისა და კუნთოვანი ქსოვილის დაზიანების შემთხვევაში, პირველადი სამედიცინო დახმარების აღმოჩენის მიზნით, მას უნდა:",
    "answers": [
      "ჭრილობაზე მოესხას იოდის ხსნარი",
      "ჭრილობა გარშემო დამუშავდეს იოდის ხსნარით და დაედოს ბაქტერიციდული საფენი (მისი არ ქონის შემთხვევაში დაედოს სუფთა საფენი)",
      "კუნთოვანი ქსოვილი გათავისუფლდეს უცხო სხეულებისაგან და დაედოს ბაქტერიციდული საფენი"
    ]
  },
  {
    "id": 294,
    "correctAnswer": 1,
    "imageUrl": "assets/images/image.png",
    "correctVideo": "assets/videos/correct.mp4",
    "wrongVideo": "assets/videos/wrong.mp4",
    "previewVideo": "assets/videos/preview.mp4",
    "question": "როგორი სახის სახვევი გამოიყენება საგზაო-სატრანსპორტო შემთხვევის შედეგად დაშავებულის წვივ-ტერფის სახსრის დაზიანებისას?",
    "answers": [
      "თავთავისებური",
      "რვიანისებური",
      "შურდულისებური"
    ]
  },
  {
    "id": 295,
    "correctAnswer": 0,
    "imageUrl": "assets/images/image.png",
    "correctVideo": "assets/videos/correct.mp4",
    "wrongVideo": "assets/videos/wrong.mp4",
    "previewVideo": "assets/videos/preview.mp4",
    "question": "თუ საგზაო-სატრანსპორტო შემთხვევის შედეგად დაშავებულს აღენიშნება ლავიწის ძვლის მოტეხილობა მისი ტრანსპორტირება უნდა განხორციელდეს:",
    "answers": [
      "მჯდომარე მდგომარეობაში",
      "გვერდზე მწოლიარე მდგომარეობაში",
      "ზურგზე მწოლიარე მდგომარეობაში",
      "მუცელზე მწოლიარე მდგომარეობაში"
    ]
  },
  {
    "id": 296,
    "correctAnswer": 1,
    "imageUrl": "assets/images/image.png",
    "correctVideo": "assets/videos/correct.mp4",
    "wrongVideo": "assets/videos/wrong.mp4",
    "previewVideo": "assets/videos/preview.mp4",
    "question": "თუ საგზაო-სატრანსპორტო შემთხვევის შედეგად დაშავებულის თავის ქალისა და ტვინის დაზიანების გამო გონების დაკარგვის შემთხვევაში, იგი უნდა:",
    "answers": [
      "დავსვათ",
      "დავაწვინოთ გვერდზე",
      "დავაწვინოთ ზურგზე"
    ]
  },
  {
    "id": 297,
    "correctAnswer": 2,
    "imageUrl": "assets/images/image.png",
    "correctVideo": "assets/videos/correct.mp4",
    "wrongVideo": "assets/videos/wrong.mp4",
    "previewVideo": "assets/videos/preview.mp4",
    "question": "საგზაო-სატრანსპორტო შემთხვევის შედეგად დაშავებულს გოგირდის მჟავით დაზიანებული კანის უბნები უნდა:",
    "answers": [
      "გაეწმინდოს სპირტით",
      "დაუმუშავდეს იოდის ხსნარით",
      "გადაერეცხოს წყლის უხვი რაოდენობით"
    ]
  },
  {
    "id": 298,
    "correctAnswer": 0,
    "imageUrl": "assets/images/image.png",
    "correctVideo": "assets/videos/correct.mp4",
    "wrongVideo": "assets/videos/wrong.mp4",
    "previewVideo": "assets/videos/preview.mp4",
    "question": "საგზაო-სატრანსპორტო შემთხვევის შედეგად დაშავებულს წვივის ძვლების მოტეხილობის დროს დაზიანებულ ფეხზე არტაშანი უნდა დაედოს:",
    "answers": [
      "ორივე მხრიდან ტერფიდან შუა ბარძაყამდე",
      "გარე მხრიდან ტერფიდან მენჯამდე"
    ]
  },
  {
    "id": 299,
    "correctAnswer": 0,
    "imageUrl": "assets/images/image.png",
    "correctVideo": "assets/videos/correct.mp4",
    "wrongVideo": "assets/videos/wrong.mp4",
    "previewVideo": "assets/videos/preview.mp4",
    "question": "აუცილებელია თუ არა საგზაო-სატრანსპორტო შემთხვევის შედეგად დაშავებულის კიდურებზე სისხლდენის შემჩერებელი ლახტის დადების ზუსტი დროის აღნიშვნა?",
    "answers": [
      "აუცილებელია",
      "არ არის აუცილებელი"
    ]
  },
  {
    "id": 300,
    "correctAnswer": 1,
    "imageUrl": "assets/images/image.png",
    "correctVideo": "assets/videos/correct.mp4",
    "wrongVideo": "assets/videos/wrong.mp4",
    "previewVideo": "assets/videos/preview.mp4",
    "question": "საგზაო-სატრანსპორტო შემთხვევის შედეგად დაშავებულის წვივის ძვლის დაზიანების შემთხვევაში არტერიული სისხლდენის შემაჩერებელი ლახტი უნდა დავადოთ:",
    "answers": [
      "წვივზე, ჭრილობის ზემოთ",
      "ბარძაყზე"
    ]
  },
  {
    "id": 301,
    "correctAnswer": 0,
    "imageUrl": "assets/images/image.png",
    "correctVideo": "assets/videos/correct.mp4",
    "wrongVideo": "assets/videos/wrong.mp4",
    "previewVideo": "assets/videos/preview.mp4",
    "question": "თუ საგზაო-სატრანსპორტო შემთხვევის შედეგად დაშავებულს აღენიშნება ტრამვები თავის თმიან ადგილზე, პირველადი სამედიცინო დახმარების აღმოჩენის მიზნით, მას უნდა:",
    "answers": [
      "კისერზე დაედოს იმპროვიზირებული ნახვევი, ჭრილობაზე დაედოს სტერილური ბამბის ტამპონი, დაშავებული დავაწვინოთ ზურგზე",
      "კისერზე დაედოს იმპროვიზირებული ნახვევი, ჭრილობაზე სტერილური ბინტით დაედოს დამწოლი ნახვევი, დაშავებული დავაწვინოთ გვერდზე მუხლებში მოხრილი ფეხებით, თავზე მივადოთ ყინული ან ცივი საფენი"
    ]
  },
  {
    "id": 302,
    "correctAnswer": 0,
    "imageUrl": "assets/images/image.png",
    "correctVideo": "assets/videos/correct.mp4",
    "wrongVideo": "assets/videos/wrong.mp4",
    "previewVideo": "assets/videos/preview.mp4",
    "question": "საგზაო-სატრანსპორტო შემთხვევის შედეგად დაშავებულის სასუნთქ გზებში უცხო სხეულის მოსაცილებლად აუცილებლად უნდა:",
    "answers": [
      "რამდენჯერმე ხელისგული დავარტყათ ზურგზე, უარყოფითი შედეგის შემთხვევაში დავდგეთ დაშავებულის უკან, ქვედა ნეკნის დონეზე მუცელთან ხელები მუშტად გადავაჭდოთ ერთმანეთს, ერთდროულად მოვახდინოთ დაწოლა ნეკნებზე და მკვეთრად დავაწვეთ მუშტებით მუცლის არეში შიდა და ზედა მიმართულებით",
      "დაშავებული დავაყენოთ მუხლებზე სახით დაბლა და რამდენჯერმე მუშტი დავარტყათ ზურგზე"
    ]
  },
  {
    "id": 303,
    "correctAnswer": 1,
    "imageUrl": "assets/images/image.png",
    "correctVideo": "assets/videos/correct.mp4",
    "wrongVideo": "assets/videos/wrong.mp4",
    "previewVideo": "assets/videos/preview.mp4",
    "question": "ნებადართულია თუ არა საგზაო-სატრანსპორტო შემთხვევის შედეგად უგონო მდგომარეობაში მყოფ დაშავებულისათვის სამკურნალო პრეპარატების მიცემა?",
    "answers": [
      "ნებადართულია",
      "არ არის ნებადართული"
    ]
  },
  {
    "id": 304,
    "correctAnswer": 1,
    "imageUrl": "assets/images/image.png",
    "correctVideo": "assets/videos/correct.mp4",
    "wrongVideo": "assets/videos/wrong.mp4",
    "previewVideo": "assets/videos/preview.mp4",
    "question": "არტაშანის დასამზადებელი მასალის არარსებობისას საგზაო-სატრანსპორტო შემთხვევის შედეგად დაშავებულის ხელის ძვლის მოტეხილობის შემთხვევაში, მას უნდა:",
    "answers": [
      "გასწორებული ხელი ბინტის დახვევით მივუმაგროთ ტანზე",
      "იდაყვში მოხრილი ხელი ჩამოვკიდოთ კისერზე და ბინტის დახვევით მივუმაგროთ ტანზე"
    ]
  }
]