[
  {
    "id": 619,
    "correctAnswer": 0,
    "imageUrl": "assets/images/image.png",
    "correctVideo": "assets/videos/correct_619.mp4",
    "wrongVideo": "assets/videos/wrong_619.mp4",
    "previewVideo": "assets/videos/preview_619.mp4",
    "question": "ეკრძალება თუ არა მძღოლს ისრით მითითებულ ადგილზე ავტომობილით დგომა?",
    "answers": [
      "1\nეკრძალება",
      "2\nარ ეკრძალება"
    ]
  },
  {
    "id": 620,
    "correctAnswer": 1,
    "imageUrl": "assets/images/image.png",
    "correctVideo": "assets/videos/correct_620.mp4",
    "wrongVideo": "assets/videos/wrong_620.mp4",
    "previewVideo": "assets/videos/preview_620.mp4",
    "question": "მოცემულ სიტუაციაში მხოლოდ სამარშუტო ყვითელი ავტობუსის მძღოლი აწარმოებს მგზავრთა ჩასხდომა-გადმოსხდომას. რომელი ავტომობილის მძღოლი არ არღვევს გაჩერების წესებს?",
    "answers": [
      "1\nმხოლოდ მსუბუქი ავტომობილის მძღოლი",
      "2\nმხოლოდ სამარშუტო ყვითელი ავტობუსის მძღოლი",
      "3\nმხოლოდ სატვირთო ავტომობილის მძღოლი",
      "4\nარცერთი ავტომობილის მძღოლი"
    ]
  },
  {
    "id": 621,
    "correctAnswer": 1,
    "imageUrl": "assets/images/image.png",
    "correctVideo": "assets/videos/correct_621.mp4",
    "wrongVideo": "assets/videos/wrong_621.mp4",
    "previewVideo": "assets/videos/preview_621.mp4",
    "question": "თუ ქვეითთა არარეგულირებული გადასასვლელის წინ გაჩერდა ან მოძრაობა შეანელა სამარშრუტო სატრანსპორტო საშუალებამ, მეზობელ ზოლებზე მოძრავ სხვა სატრანსპორტო საშუალებათა მძღოლებმა მოძრაობა უნდა განაგრძონ:",
    "answers": [
      "1\nსიჩქარის შეუცვლელად, რადგან ქვეითი ვალდებულია არ გამოვიდეს გაჩერებული სატრანსპორტო საშუალების წინა მხრიდან, ვიდრე არ დარწმუნდება მოახლოებული სატრანსპორტო საშუალების არარსებობაში",
      "2\nმხოლოდ მას შემდეგ, რაც დარწმუნდებიან, რომ გაჩერებული სამარშუტო სატრანსპორტო საშუალების წინ არ არის ქვეითი"
    ]
  },
  {
    "id": 622,
    "correctAnswer": 1,
    "imageUrl": "assets/images/image.png",
    "correctVideo": "assets/videos/correct_622.mp4",
    "wrongVideo": "assets/videos/wrong_622.mp4",
    "previewVideo": "assets/videos/preview_622.mp4",
    "question": "აქვს თუ არა უფლება მსუბუქი ავტომობილის მძღოლს მგზავრთა ჩასხდომის მიზნით გაჩერდეს ისრით მითითებულ ადგილას?",
    "answers": [
      "1\nაქვს უფლება",
      "2\nარ აქვს უფლება"
    ]
  },
  {
    "id": 623,
    "correctAnswer": 2,
    "imageUrl": "assets/images/image.png",
    "correctVideo": "assets/videos/correct_623.mp4",
    "wrongVideo": "assets/videos/wrong_623.mp4",
    "previewVideo": "assets/videos/preview_623.mp4",
    "question": "რომელი სატრანსპორტო საშუალებაა დაყენებული დგომის წესების დარღვევით, თუ ჯერ დადგა თეთრი მსუბუქი ავტომობილი, მერე - უეტლო მოტოციკლი და ბოლოს - ეტლიანი მოტოციკლი?",
    "answers": [
      "1\nთეთრი მსუბუქი ავტომობილი",
      "2\nუეტლო მოტოციკლი",
      "3\nეტლიანი მოტოციკლი",
      "4\nარცერთი სატრანსპორტო საშუალება"
    ]
  },
  {
    "id": 624,
    "correctAnswer": 1,
    "imageUrl": "assets/images/image.png",
    "correctVideo": "assets/videos/correct_624.mp4",
    "wrongVideo": "assets/videos/wrong_624.mp4",
    "previewVideo": "assets/videos/preview_624.mp4",
    "question": "რომელი სატრანსპორტო საშუალებაა დაყენებული დგომის წესების დარღვევით, თუ მხოლოდ წითელი ავტომობილის მძღოლი დადგა ხანგრძლივი დასვენების მიზნით?",
    "answers": [
      "1\nშავი ავტომობილი",
      "2\nწითელი ავტომობილი",
      "3\nორივე ავტომობილი",
      "4\nარცერთი ავტომობილი"
    ]
  },
  {
    "id": 625,
    "correctAnswer": 1,
    "imageUrl": "assets/images/image.png",
    "correctVideo": "assets/videos/correct_625.mp4",
    "wrongVideo": "assets/videos/wrong_625.mp4",
    "previewVideo": "assets/videos/preview_625.mp4",
    "question": "აქვს თუ არა უფლება მსუბუქი ავტომობილის მძღოლს გაჩერდეს ისრით მითითებულ ადგილას მგზავრთა ჩასხდომის მიზნით?",
    "answers": [
      "1\nაქვს უფლება",
      "2\nარ აქვს უფლება"
    ]
  },
  {
    "id": 626,
    "correctAnswer": 1,
    "imageUrl": "assets/images/image.png",
    "correctVideo": "assets/videos/correct_626.mp4",
    "wrongVideo": "assets/videos/wrong_626.mp4",
    "previewVideo": "assets/videos/preview_626.mp4",
    "question": "რომელი ავტომობილის მძღოლი დაარღვევს საგზაო მოძრაობის წესებს ხიდზე ისრით მითითებულ ადგილას გაჩერების შემთხვევაში?",
    "answers": [
      "1\nმხოლოდ თეთრი ავტომობილის მძღოლი",
      "2\nმხოლოდ წითელი ავტომობილის მძღოლი",
      "3\nორივე ავტომობილის მძღოლი",
      "4\nარცერთი ავტომობილის მძღოლი"
    ]
  },
  {
    "id": 627,
    "correctAnswer": 3,
    "imageUrl": "assets/images/image.png",
    "correctVideo": "assets/videos/correct_627.mp4",
    "wrongVideo": "assets/videos/wrong_627.mp4",
    "previewVideo": "assets/videos/preview_627.mp4",
    "question": "რომელი ავტომობილის მძღოლი არღვევს საგზაო მოძრაობის წესებს სურათზე მითითებულ ადგილას გაჩერების შემთხვევაში?",
    "answers": [
      "1\nორივე ავტომობილის მძღოლი",
      "2\nარცერთი ავტომობილის მძღოლი",
      "3\nმხოლოდ წითელი ავტომობილის მძღოლი",
      "4\nმხოლოდ თეთრი ავტომობილის მძღოლი"
    ]
  },
  {
    "id": 628,
    "correctAnswer": 0,
    "imageUrl": "assets/images/image.png",
    "correctVideo": "assets/videos/correct_628.mp4",
    "wrongVideo": "assets/videos/wrong_628.mp4",
    "previewVideo": "assets/videos/preview_628.mp4",
    "question": "დაარღვეს თუ არა მსუბუქი ავტომობილის მძღოლი საგზაო მოძრაობის წესებს მითითებულ ადგილას ავტომობილის სადგომზე დაყენების შემთხვევაში, თუ ამით დაბრკოლებას უქმნის ქვეითებს?",
    "answers": [
      "1\nდაარღვევს",
      "2\nარ დაარღვევს"
    ]
  },
  {
    "id": 629,
    "correctAnswer": 1,
    "imageUrl": "assets/images/image.png",
    "correctVideo": "assets/videos/correct_629.mp4",
    "wrongVideo": "assets/videos/wrong_629.mp4",
    "previewVideo": "assets/videos/preview_629.mp4",
    "question": "რომელი ავტომობილია დაყენებული დგომის წესების დარღვევით?",
    "answers": [
      "1\nმსუბუქი ავტომობილი",
      "2\nსატვირთო ავტომობილი",
      "3\nორივე ავტომობილი",
      "4\nარცერთი ავტომობილი"
    ]
  },
  {
    "id": 630,
    "correctAnswer": 0,
    "imageUrl": "assets/images/image.png",
    "correctVideo": "assets/videos/correct_630.mp4",
    "wrongVideo": "assets/videos/wrong_630.mp4",
    "previewVideo": "assets/videos/preview_630.mp4",
    "question": "აქვს თუ არა უფლება მსუბუქი ავტომობილის მძღოლს, გაჩერდეს სურათზე მითითებულ ადგილას, მგზავრთა ჩასხდომის მიზნით?",
    "answers": [
      "1\nარ აქვს უფლება",
      "2\nაქვს უფლება"
    ]
  },
  {
    "id": 631,
    "correctAnswer": 0,
    "imageUrl": "assets/images/image.png",
    "correctVideo": "assets/videos/correct_631.mp4",
    "wrongVideo": "assets/videos/wrong_631.mp4",
    "previewVideo": "assets/videos/preview_631.mp4",
    "question": "მოცემულ სიტუაციაში, ეკრძალება თუ არა მძღოლს სატვირთო ავტომობილის მონიშნულ ადგილზე დაყენება?",
    "answers": [
      "1\nეკრძალება",
      "2\nარ ეკრძალება"
    ]
  },
  {
    "id": 632,
    "correctAnswer": 1,
    "imageUrl": "assets/images/image.png",
    "correctVideo": "assets/videos/correct_632.mp4",
    "wrongVideo": "assets/videos/wrong_632.mp4",
    "previewVideo": "assets/videos/preview_632.mp4",
    "question": "დაარღვეს თუ არა მსუბუქი ავტომობილის მძღოლი საგზაო მოძრაობის წესებს ისრით მითითებულ ადგილას ავტომობილის სადგომზე დაყენების შემთხვევაში?",
    "answers": [
      "1\nდაარღვევს",
      "2\nარ დაარღვევს"
    ]
  },
  {
    "id": 633,
    "correctAnswer": 2,
    "imageUrl": "assets/images/image.png",
    "correctVideo": "assets/videos/correct_633.mp4",
    "wrongVideo": "assets/videos/wrong_633.mp4",
    "previewVideo": "assets/videos/preview_633.mp4",
    "question": "რომელი სატრანსპორტო საშუალებაა დაყენებული დგომის წესების დარღვევით?",
    "answers": [
      "1\nმხოლოდ მოტოციკლი",
      "2\nმხოლოდ მსუბუქი ავტომობილი",
      "3\nორივე სატრანსპორტო საშუალება",
      "4\nარცერთი სატრანსპორტო საშუალება"
    ]
  },
  {
    "id": 634,
    "correctAnswer": 3,
    "imageUrl": "assets/images/image.png",
    "correctVideo": "assets/videos/correct_634.mp4",
    "wrongVideo": "assets/videos/wrong_634.mp4",
    "previewVideo": "assets/videos/preview_634.mp4",
    "question": "დასახლებულ პუნქტში, მოცემულ გზას თითოეული მიმართულებისათვის ერთი სამოძრაო ზოლი გააჩნია. მსუბუქი ავტომობილის მძღოლს უფლება აქვს გაჩერდეს:",
    "answers": [
      "1\nმხოლოდ A და B ადგილას",
      "2\nმხოლოდ B და C ადგილას",
      "3\nმხოლოდ C ადგილას",
      "4\nმხოლოდ A და C ადგილას"
    ]
  },
  {
    "id": 635,
    "correctAnswer": 0,
    "imageUrl": "assets/images/image.png",
    "correctVideo": "assets/videos/correct_635.mp4",
    "wrongVideo": "assets/videos/wrong_635.mp4",
    "previewVideo": "assets/videos/preview_635.mp4",
    "question": "რომელი ავტომობილის მძღოლი არ არღვევს საგზაო მოძრაობის წესებს სურათზე მითითებულ ადგილას გაჩერების შემთხვევაში?",
    "answers": [
      "1\nმხოლოდ მსუბუქი ავტომობილის მძღოლი",
      "2\nმხოლოდ სატვირთო ავტომობილის მძღოლი",
      "3\nორივე ავტომობილის მძღოლი",
      "4\nარცერთი ავტომობილის მძღოლი"
    ]
  },
  {
    "id": 636,
    "correctAnswer": 2,
    "imageUrl": "assets/images/image.png",
    "correctVideo": "assets/videos/correct_19.mp4",
    "wrongVideo": "assets/videos/wrong_19.mp4",
    "previewVideo": "assets/videos/preview_19.mp4",
    "question": "რომელი ავტომობილია დაყენებული დგომის წესების დარღვევით დაუსახლებელ პუნქტში?",
    "answers": [
      "ორივე ავტომობილი",
      "არცერთი ავტომობილი",
      "წითელი ავტომობილი",
      "მწვანე ავტომობილი"
    ]
  },
  {
    "id": 637,
    "correctAnswer": 0,
    "imageUrl": "assets/images/image.png",
    "correctVideo": "assets/videos/correct_19.mp4",
    "wrongVideo": "assets/videos/wrong_19.mp4",
    "previewVideo": "assets/videos/preview_19.mp4",
    "question": "დაარღვეს თუ არა თეთრი ავტომობილის მძღოლი საგზაო მოძრაობის წესებს, სურათზე მითითებულ ადგილას გაჩერების შემთხვევაში?",
    "answers": [
      "დაარღვევს",
      "არ დაარღვევს"
    ]
  },
  {
    "id": 638,
    "correctAnswer": 0,
    "imageUrl": "assets/images/image.png",
    "correctVideo": "assets/videos/correct_19.mp4",
    "wrongVideo": "assets/videos/wrong_19.mp4",
    "previewVideo": "assets/videos/preview_19.mp4",
    "question": "სატრანსპორტო საშუალება სადგომზე მდგომად ითვლება, თუ:",
    "answers": [
      "მოძრაობა გამიზნულად შეწყვეტილია 5 წუთზე მეტი ხნით, თუ ეს არ არის აუცილებელი მგზავრთა ჩასხდომა-გადმოსხდომისთვის, ან სატრანსპორტო საშუალების დატვირთვა-გადმოტვირთვისთვის",
      "მოძრაობა წინასწარ განზრახულად შეწყვეტილია 5 წუთამდე",
      "მოძრაობა შეწყვეტილია ტექნიკური გაუმართაობის გამო"
    ]
  },
  {
    "id": 69,
    "correctAnswer": 3,
    "imageUrl": "assets/images/image.png",
    "correctVideo": "assets/videos/correct_19.mp4",
    "wrongVideo": "assets/videos/wrong_19.mp4",
    "previewVideo": "assets/videos/preview_19.mp4",
    "question": "გზის სავალ ნაწილზე სატრანსპორტო საშუალებების გაჩერება აკრძალულია:",
    "answers": [
      "მხოლოდ გზაზე გამავალი ტრამვაის და რკინიგზის ლიანდაგებზე, ან მათ ახლოს, თუ ამას შეუძლია გააძნელოს ტრამვაის ან მატარებლების მოძრაობა",
      "მხოლოდ იმ ადგილებზე, სადაც სატრანსპორტო საშუალება საგზაო მოძრაობის სხვა მონაწილეებს უფარავს შუქნიშნის სიგნალებს ან საგზაო ნიშნებს",
      "მხოლოდ ნელმავალი სატრანსპორტო საშუალებების მოძრაობისათვის განკუთვნილ, შესაბამის საგზაო ნიშნით აღნიშნულ დამატებით მოძრაობის ზოლზე",
      "ამ ბილეთში ჩამოთვლილ ნებისმიერ შემთხვევაში"
    ]
  },
  {
    "id": 70,
    "correctAnswer": 3,
    "imageUrl": "assets/images/image.png",
    "correctVideo": "assets/videos/correct_19.mp4",
    "wrongVideo": "assets/videos/wrong_19.mp4",
    "previewVideo": "assets/videos/preview_19.mp4",
    "question": "რომელი ავტომობილის მძღოლი დაარღვევს საგზაო მოძრაობის წესებს, ხიდზე მგზავრთა ჩასხდომის მიზნით ისრით მითითებულ ადგილზე გაჩერების შემთხვევაში?",
    "answers": [
      "ორივე ავტომობილის მძღოლი",
      "მხოლოდ თეთრი ავტომობილის მძღოლი",
      "მხოლოდ მწვანე ავტომობილის მძღოლი",
      "არცერთი ავტომობილის მძღოლი"
    ]
  },
  {
    "id": 71,
    "correctAnswer": 3,
    "imageUrl": "assets/images/image.png",
    "correctVideo": "assets/videos/correct_19.mp4",
    "wrongVideo": "assets/videos/wrong_19.mp4",
    "previewVideo": "assets/videos/preview_19.mp4",
    "question": "მოცემულ სიტუაციაში, რომელი სატრანსპორტო საშუალების მძღოლი არღვევს საგზაო მოძრაობის წესებს, თუ ხიდზე მგზავრთა ჩასხდომის მიზნით მსუბუქი ავტომობილი ისრის მიმართულებით მოძრაობს უკუსვლით, ხოლო - მოტოციკლი ახორციელებს ისრის მიმართულებით მობრუნებას?",
    "answers": [
      "მხოლოდ მოტოციკლის მძღოლი",
      "მხოლოდ ავტომობილის მძღოლი",
      "არცერთი სატრანსპორტო საშუალების მძღოლი",
      "ორივე სატრანსპორტო საშუალების მძღოლები"
    ]
  },
  {
    "id": 72,
    "correctAnswer": 2,
    "imageUrl": "assets/images/image.png",
    "correctVideo": "assets/videos/correct_19.mp4",
    "wrongVideo": "assets/videos/wrong_19.mp4",
    "previewVideo": "assets/videos/preview_19.mp4",
    "question": "რომელი სატრანსპორტო საშუალებაა დაყენებული დგომის წესების დარღვევით?",
    "answers": [
      "მხოლოდ სატვირთო ავტომობილი",
      "მხოლოდ მსუბუქი ავტომობილი",
      "ორივე ავტომობილი",
      "არცერთი ავტომობილი"
    ]
  },
  {
    "id": 73,
    "correctAnswer": 0,
    "imageUrl": "assets/images/image.png",
    "correctVideo": "assets/videos/correct_19.mp4",
    "wrongVideo": "assets/videos/wrong_19.mp4",
    "previewVideo": "assets/videos/preview_19.mp4",
    "question": "აქვს თუ არა უფლება მსუბუქი ავტომობილის მძღოლს, გაჩერდეს დასახლებული პუნქტის ორმხრივმოძრაობიან გზაზე, სურათზე მითითებულ ადგილას მგზავრთა ჩასხდომის მიზნით?",
    "answers": [
      "არ აქვს უფლება",
      "აქვს უფლება"
    ]
  },
  {
    "id": 74,
    "correctAnswer": 0,
    "imageUrl": "assets/images/image.png",
    "correctVideo": "assets/videos/correct_19.mp4",
    "wrongVideo": "assets/videos/wrong_19.mp4",
    "previewVideo": "assets/videos/preview_19.mp4",
    "question": "აქვს თუ არა უფლება მსუბუქი ავტომობილის მძღოლს გააგრძელოს მოძრაობა ისრის მიმართულებით, თუ მონიშნულ გაჩერებაზე მყოფ ტრამვაიში მგზავრების ჩასხდომა-გადმოსხდომა არ წარმოებს?",
    "answers": [
      "აქვს უფლება",
      "არ აქვს უფლება"
    ]
  },
  {
    "id": 75,
    "correctAnswer": 2,
    "imageUrl": "assets/images/image.png",
    "correctVideo": "assets/videos/correct_19.mp4",
    "wrongVideo": "assets/videos/wrong_19.mp4",
    "previewVideo": "assets/videos/preview_19.mp4",
    "question": "მსუბუქი ავტომობილის მძღოლს განზრახული აქვს გზაჯვარედინზე მარჯვნივ მოხვევა, ის არ დაარღვევს საგზაო მოძრაობის წესებს, თუ:",
    "answers": [
      "გაუსწრებს ავტობუსს, გადავა მარჯვენა ზოლში და იქედან მოუხვევს მარჯვნივ",
      "გაუსწრებს ავტობუსს და მარჯვნივ მოუხვევს მეორე ზოლიდან",
      "გაატარებს ავტობუსს, გადავა მარჯვენა ზოლში და იქედან მოუხვევს მარჯვნივ",
      "გაატარებს ავტობუსს და მარჯვნივ მოუხვევს მეორე ზოლიდან"
    ]
  },
  {
    "id": 76,
    "correctAnswer": 0,
    "imageUrl": "assets/images/image.png",
    "correctVideo": "assets/videos/correct_19.mp4",
    "wrongVideo": "assets/videos/wrong_19.mp4",
    "previewVideo": "assets/videos/preview_19.mp4",
    "question": "აქვს თუ არა უფლება მსუბუქი ავტომობილის მძღოლს გაჩერდეს დასახლებულ პუნქტში, სურათზე მითითებულ ადგილას მგზავრთა ჩასხდომის მიზნით?",
    "answers": [
      "არ აქვს უფლება",
      "აქვს უფლება"
    ]
  },
  {
    "id": 77,
    "correctAnswer": 1,
    "imageUrl": "assets/images/image.png",
    "correctVideo": "assets/videos/correct_19.mp4",
    "wrongVideo": "assets/videos/wrong_19.mp4",
    "previewVideo": "assets/videos/preview_19.mp4",
    "question": "აქვს თუ არა უფლება მძღოლს, საფრთხის შემთხვევაში, გააჩეროს ან დააყენოს სატრანსპორტო საშუალება საგზაო ნიშნით აღნიშნულ იმ გვირაბში, რომელშიც არარსებობს სპეციალურად გაჩერებისთვის მონიშნული ადგილები?",
    "answers": [
      "არ აქვს უფლება",
      "აქვს უფლება"
    ]
  },
  {
    "id": 78,
    "correctAnswer": 1,
    "imageUrl": "assets/images/image.png",
    "correctVideo": "assets/videos/correct_19.mp4",
    "wrongVideo": "assets/videos/wrong_19.mp4",
    "previewVideo": "assets/videos/preview_19.mp4",
    "question": "დასაშვებია თუ არა საგზაო ნიშნით აღნიშნულ გვირაბში მექანიკური სატრანსპორტო საშუალების ხანგრძლივი გაჩერების შემთხვევაში ჩართული ძრავით დგომა?",
    "answers": [
      "დასაშვებია",
      "არ არის დასაშვები"
    ]
  },
  {
    "id": 79,
    "correctAnswer": 0,
    "imageUrl": "assets/images/image.png",
    "correctVideo": "assets/videos/correct_19.mp4",
    "wrongVideo": "assets/videos/wrong_19.mp4",
    "previewVideo": "assets/videos/preview_19.mp4",
    "question": "სამარშუტო სატრანსპორტო საშუალების ან ტაქსის კონსტრუქციულად გამოყოფილი გაჩერების ადგილებიდან, ხოლო მათი არარსებობის შემთხვევაში – სამარშრუტო სატრანსპორტო საშუალების ან ტაქსის გაჩერების მაჩვენებლიდან, თუ ეს აბრკოლებს სამარშუტო სატრანსპორტო საშუალებების მოძრაობას, სატრანსპორტო საშუალებების გაჩერება აკრძალულია:",
    "answers": [
      "15 მეტრზე ახლოს",
      "25 მეტრზე ახლოს",
      "30 მეტრზე ახლოს"
    ]
  },
  {
    "id": 80,
    "correctAnswer": 1,
    "imageUrl": "assets/images/image.png",
    "correctVideo": "assets/videos/correct_19.mp4",
    "wrongVideo": "assets/videos/wrong_19.mp4",
    "previewVideo": "assets/videos/preview_19.mp4",
    "question": "აკრძალულია თუ არა სატრანსპორტო საშუალებების გაჩერება იმ ესტაკადების, ხიდებისა და გზაგამტარების ქვეშ, სადაც არარსებობს გაჩერებისათვის სპეციალურად გამოყოფილი ადგილები?",
    "answers": [
      "აკრძალული, მხოლოდ იმ სატრანსპორტო საშუალებების გაჩერება, რომელთა ნებადართული მაქსიმალური მასა 3,5 ტონაზე მეტია",
      "აკრძალულია",
      "არ არის აკრძალული"
    ]
  },
  {
    "id": 81,
    "correctAnswer": 1,
    "imageUrl": "assets/images/image.png",
    "correctVideo": "assets/videos/correct_19.mp4",
    "wrongVideo": "assets/videos/wrong_19.mp4",
    "previewVideo": "assets/videos/preview_19.mp4",
    "question": "დასაშვებია თუ არა მგზავრის სატრანსპორტო საშუალებაში ჩაჯდომა სავალი ნაწილის მხრიდან?",
    "answers": [
      "დაუშვებელია",
      "დასაშვებია, თუ ტროტუარის ან გვერდულის მხრიდან ჩაჯდომა შეუძლებელია და იგი არ შეუქმნის დაბრკოლებას საგზაო მოძრაობის სხვა მონაწილეებს",
      "დასაშვებია მხოლოდ დაუსახლებულ პუნქტებში"
    ]
  },
  {
    "id": 82,
    "correctAnswer": 2,
    "imageUrl": "assets/images/image.png",
    "correctVideo": "assets/videos/correct_19.mp4",
    "wrongVideo": "assets/videos/wrong_19.mp4",
    "previewVideo": "assets/videos/preview_19.mp4",
    "question": "„გაჩერება“ ნიშნავს:",
    "answers": [
      "სატრანსპორტო საშუალების მოძრაობის წინასწარგანზრახულ შეწყვეტას სატრანსპორტო ნაკადში",
      "სატრანსპორტო საშუალების მოძრაობის წინასწარგანზრახულ შეწყვეტას საგზაო მოძრაობის ორგანიზების ტექნიკური საშუალებების ან მარეგულირებელის მოთხოვნათა გამო",
      "სატრანსპორტო საშუალების მოძრაობის წინასწარგანზრახულ შეწყვეტას 5 წუთამდე, ან უფრო მეტი ხნით, თუ ეს აუცილებელია მგზავრთა ჩასხდომა-გადმოსხდომისათვის ან სატრანსპორტო საშუალების დატვირთვა-გადმოტვირთვისათვის"
    ]
  },
  {
    "id": 83,
    "correctAnswer": 1,
    "imageUrl": "assets/images/image.png",
    "correctVideo": "assets/videos/correct_19.mp4",
    "wrongVideo": "assets/videos/wrong_19.mp4",
    "previewVideo": "assets/videos/preview_19.mp4",
    "question": "„დგომა“ ნიშნავს:",
    "answers": [
      "სატრანსპორტო საშუალების მოძრაობის წინასწარგანზრახულ შეწყვეტას 5 წუთამდე, ან უფრო მეტი ხნით, თუ ეს აუცილებელია მგზავრთა ჩასხდომა-გადმოსხდომისათვის ან სატრანსპორტო საშუალების დატვირთვა-გადმოტვირთვისათვის",
      "სატრანსპორტო საშუალების მოძრაობის გამიზნულად შეწყვეტას 5 წუთზე მეტი ხნით, თუ ეს აუცილებელი არ არის მგზავრთა ჩასხდომა-გადმოსხდომისათვის ან სატრანსპორტო საშუალების დატვირთვა-გადმოტვირთვისათვის"
    ]
  },
  {
    "id": 84,
    "correctAnswer": 1,
    "imageUrl": "assets/images/image.png",
    "correctVideo": "assets/videos/correct_19.mp4",
    "wrongVideo": "assets/videos/wrong_19.mp4",
    "previewVideo": "assets/videos/preview_19.mp4",
    "question": "ნებადართულია თუ არა სატრანსპორტო საშუალების დგომა სავალი ნაწილის მარცხენა მხარეს?",
    "answers": [
      "ნებადართულია მხოლოდ დაუსახლებელ პუნქტებში",
      "ნებადართულია მხოლოდ დასახლებულ პუნქტში იმ გზაზე, სადაც თითოეული მიმართულებისათვის ერთი სამოძრაო ზოლია, შუაში ტრამვაის ლიანდაგების გარეშე",
      "ნებადართულია ნებისმიერ გზაზე, რომლის შუაში არ არის ტრამვაის ლიანდაგი",
      "არ არის ნებადართული"
    ]
  },
  {
    "id": 85,
    "correctAnswer": 3,
    "imageUrl": "assets/images/image.png",
    "correctVideo": "assets/videos/correct_19.mp4",
    "wrongVideo": "assets/videos/wrong_19.mp4",
    "previewVideo": "assets/videos/preview_19.mp4",
    "question": "სატრანსპორტო საშუალების დგომა არ არის აკრძალული:",
    "answers": [
      "გაჩერების ამკრძალავი საგზაო ნიშნის მოქმედების ზონაში",
      "გზის სავალ ნაწილზე რკინიგზის გადასასვლელთან 50 მეტრზე ახლოს",
      "ეზოდან ავტომობილის გამოსასვლელთან",
      "ამ ბილეთში ჩამოთვლილ ყველა ადგილას აკრძალულია"
    ]
  },
  {
    "id": 86,
    "correctAnswer": 0,
    "imageUrl": "assets/images/image.png",
    "correctVideo": "assets/videos/correct_19.mp4",
    "wrongVideo": "assets/videos/wrong_19.mp4",
    "previewVideo": "assets/videos/preview_19.mp4",
    "question": "მსუბუქი ავტომობილის მძღოლს უფლება აქვს გაჩერდეს:",
    "answers": [
      "მხოლოდ A ადგილას",
      "მხოლოდ B ადგილას",
      "როგორც A, ასევე B ადგილას"
    ]
  },
  {
    "id": 87,
    "correctAnswer": 1,
    "imageUrl": "assets/images/image.png",
    "correctVideo": "assets/videos/correct_19.mp4",
    "wrongVideo": "assets/videos/wrong_19.mp4",
    "previewVideo": "assets/videos/preview_19.mp4",
    "question": "აქვს თუ არა უფლება მსუბუქი ავტომობილის მძღოლს მგზავრის ჩამოსმის მიზნით გაჩერდეს ისრით მითითებულ ადგილას?",
    "answers": [
      "აქვს უფლება",
      "არ აქვს უფლება"
    ]
  },
  {
    "id": 88,
    "correctAnswer": 0,
    "imageUrl": "assets/images/image.png",
    "correctVideo": "assets/videos/correct_19.mp4",
    "wrongVideo": "assets/videos/wrong_19.mp4",
    "previewVideo": "assets/videos/preview_19.mp4",
    "question": "მსუბუქი ავტომობილის მძღოლს უფლება აქვს გაჩერდეს:",
    "answers": [
      "მხოლოდ A ადგილას",
      "მხოლოდ B ადგილას",
      "არც A და ასევე არც B ადგილას"
    ]
  },
  {
    "id": 89,
    "correctAnswer": 1,
    "imageUrl": "assets/images/image.png",
    "correctVideo": "assets/videos/correct_51.mp4",
    "wrongVideo": "assets/videos/wrong_51.mp4",
    "previewVideo": "assets/videos/preview_51.mp4",
    "question": "მსუბუქი ავტომობილის მძღოლს უფლება აქვს გაჩერდეს:",
    "answers": [
      "1\nმხოლოდ A ადგილას",
      "2\nმხოლოდ B ადგილას",
      "3\nროგორც A ადგილას, B ასევე ადგილას"
    ]
  }
]