[
  {
    "id": 71,
    "correctAnswer": 3,
    "imageUrl": "assets/images/image.png",
    "correctVideo": "assets/videos/correct_56.mp4",
    "wrongVideo": "assets/videos/wrong_56.mp4",
    "previewVideo": "assets/videos/preview_56.mp4",
    "question": "სურათზე მითითებულ ადგილას, დაუსახლებელ პუნქტში, ავტომობილის გაჩერების შემთხვევაში მძღოლი:",
    "answers": [
      "1\nვალდებულია ჩართოს საავარიო შუქსიგნალიზაცია",
      "2\nვალდებულია ავტომობილის უკან გამოდგას „საავარიო გაჩერების ნიშანი“",
      "3\nვალდებულია ჩართოს საავარიო შუქსიგნალიზაცია და ავტომობილის უკან გამოდგას „საავარიო გაჩერების ნიშანი“",
      "4\nარ არის ვალდებული ჩართოს საავარიო შუქსიგნალიზაცია და ავტომობილის უკან გამოდგას „საავარიო გაჩერების ნიშანი“"
    ]
  },
  {
    "id": 72,
    "correctAnswer": 0,
    "imageUrl": "assets/images/image.png",
    "correctVideo": "assets/videos/correct_57.mp4",
    "wrongVideo": "assets/videos/wrong_57.mp4",
    "previewVideo": "assets/videos/preview_57.mp4",
    "question": "სატრანსპორტო საშუალება იძულებით გაჩერებულად ითვლება, თუ:",
    "answers": [
      "1\nმოძრაობა შეწყვეტილია ტექნიკური გაუმართაობის გამო",
      "2\nმოძრაობა გამიზნულად შეწყვეტილია 5 წუთზე მეტი დროით, თუ ეს არ ეხება მგზავრთა ჩასხდომა-გადმოსხდომას, ან სატრანსპორტო საშუალების დატვირთვა-გადმოტვირთვას",
      "3\nმოძრაობა წინასწარ განზრახულად შეწყვეტილია 5 წუთამდე"
    ]
  },
  {
    "id": 73,
    "correctAnswer": 0,
    "imageUrl": "assets/images/image.png",
    "correctVideo": "assets/videos/correct_58.mp4",
    "wrongVideo": "assets/videos/wrong_58.mp4",
    "previewVideo": "assets/videos/preview_58.mp4",
    "question": "საავარიო შუქსიგნალიზაციის არ არსებობის ან გაუმართაობის შემთხვევაში, საბუქსირო მექანიკური სატრანსპორტო საშუალების უკანა ნაწილზე უნდა დამაგრდეს:",
    "answers": [
      "1\nსაავარიო გაჩერების ნიშანი",
      "2\nმაქსიმალური სიჩქარის შეზღუდვის ნიშანი",
      "3\nსხვა საფრთხეების მაჩვენებელი ნიშანი"
    ]
  },
  {
    "id": 74,
    "correctAnswer": 2,
    "imageUrl": "assets/images/image.png",
    "correctVideo": "assets/videos/correct_59.mp4",
    "wrongVideo": "assets/videos/wrong_59.mp4",
    "previewVideo": "assets/videos/preview_59.mp4",
    "question": "საპირისპირო მიმართულებიდან მომავალი მექანიკური სატრანსპორტო საშუალების ფარების შუქით თვალის მოჭრის შემთხვევაში, მძღოლი ვალდებულია:",
    "answers": [
      "1\nშეანელოს სიჩქარე, რაც შეიძლება სწრაფად გადაეწყოს უკიდურეს მარჯვენა მოძრაობის ზოლში და აუცილებლობის შემთხვევაში გაჩერდეს",
      "2\nფარების შუქის პერიოდული გადართვით მიანიშნოს შემხვედრი სატრანსპორტო საშუალების მძღოლს აღნიშნული პრობლემის შესახებ",
      "3\nმოძრაობის ზოლის შეუცვლელად შეანელოს სიჩქარე, გაჩერდეს და ჩართოს საავარიო შუქსიგნალიზაცია. მოძრაობის აღდგენა დასაშვებია მხოლოდ მხედველობის სრულად აღდგენის შემდეგ",
      "4\nჩართოს შორი განათების ფარები"
    ]
  },
  {
    "id": 75,
    "correctAnswer": 1,
    "imageUrl": "assets/images/image.png",
    "correctVideo": "assets/videos/correct_60.mp4",
    "wrongVideo": "assets/videos/wrong_60.mp4",
    "previewVideo": "assets/videos/preview_60.mp4",
    "question": "სატრანსპორტო საშუალების მძღოლი ვალდებულია საავარიო შუქსიგნალიზაცია (მისი არსებობისას) ჩართოს:",
    "answers": [
      "1\nმიმდებარე ტერიტორიიდან საავტომობილო გზაზე გასვლისას",
      "2\nთუ ავარიაში მონაწილე ან მწყობრიდან გამოსული სატრანსპორტო საშუალების გაყვანა გზის სავალი ნაწილიდან დაუყოვნებლივ შეუძლებელია",
      "3\nუკუსვლით მოძრაობისას"
    ]
  },
  {
    "id": 76,
    "correctAnswer": 2,
    "imageUrl": "assets/images/image.png",
    "correctVideo": "assets/videos/correct_61.mp4",
    "wrongVideo": "assets/videos/wrong_61.mp4",
    "previewVideo": "assets/videos/preview_61.mp4",
    "question": "დასახლებულ პუნქტში, იმ ადგილებში იძულებით გაჩერების დროს, სადაც ეს აკრძალულია მძღოლმა საავარიო გაჩერების ნიშანი (ან მსგავსი ეფექტური მოწყობილობა) სატრანსპორტო საშუალებიდან უნდა გამოდგას არანაკლებ:",
    "answers": [
      "1\n5 მეტრის მანძილზე",
      "2\n10 მეტრის მანძილზე",
      "3\n15 მეტრის მანძილზე"
    ]
  },
  {
    "id": 77,
    "correctAnswer": 2,
    "imageUrl": "assets/images/image.png",
    "correctVideo": "assets/videos/correct_62.mp4",
    "wrongVideo": "assets/videos/wrong_62.mp4",
    "previewVideo": "assets/videos/preview_62.mp4",
    "question": "დაუსახლებულ პუნქტში, იმ ადგილებში იძულებით გაჩერების დროს, სადაც ეს აკრძალულია, მძღოლმა საავარიო გაჩერების ნიშანი (ან მსგავსი ეფექტური მოწყობილობა) სატრანსპორტო საშუალებიდან უნდა გამოდგას არანაკლებ:",
    "answers": [
      "1\n15 მეტრის მანძილზე",
      "2\n20 მეტრის მანძილზე",
      "3\n30 მეტრის მანძილზე"
    ]
  },
  {
    "id": 78,
    "correctAnswer": 1,
    "imageUrl": "assets/images/image.png",
    "correctVideo": "assets/videos/correct_63.mp4",
    "wrongVideo": "assets/videos/wrong_63.mp4",
    "previewVideo": "assets/videos/preview_63.mp4",
    "question": "იმ ადგილას იძულებით გაჩერების დროს, სადაც გაჩერება აკრძალულია, საავარიო გაჩერების ნიშანისა და მოციმციმე წითელი ფარნის არ არსებობის შემთხვევაში:",
    "answers": [
      "1\nმოახლოებულ მძღოლთა დროული გაფრთხილება აუცილებელი არ არის",
      "2\nმძღოლმა უნდა უზრუნველყოს სხვა მსგავისი ეფექტური საშუალებებით მოახლოებულ მძღოლთა დროული გაფრთხილება"
    ]
  },
  {
    "id": 79,
    "correctAnswer": 2,
    "imageUrl": "assets/images/image.png",
    "correctVideo": "assets/videos/correct_64.mp4",
    "wrongVideo": "assets/videos/wrong_64.mp4",
    "previewVideo": "assets/videos/preview_64.mp4",
    "question": "ვალდებულია თუ არა მსუბუქი ავტომობილის მძღოლი, ჩართოს საავარიო შუქსიგნალიზაცია და გამოდგას საავარიო გაჩერების ნიშანი სურათზე მითითებულ ადგილას იძულებით გაჩერების შემთხვევაში?",
    "answers": [
      "1\nვალდებულია ჩართოს მხოლოდ საავარიო შუქური სიგნალიზაცია",
      "2\nვალდებულია მხოლოდ გამოდგას საავარიო გაჩერების ნიშანი ავტომობილის უკან, 15 მეტრის მანძილზე",
      "3\nარ არის ვალდებული"
    ]
  },
  {
    "id": 80,
    "correctAnswer": 0,
    "imageUrl": "assets/images/image.png",
    "correctVideo": "assets/videos/correct_65.mp4",
    "wrongVideo": "assets/videos/wrong_65.mp4",
    "previewVideo": "assets/videos/preview_65.mp4",
    "question": "მოცემულ სიტუაციაში არღვევს თუ არა მძღოლი იძულებით გაჩერებისათვის დადგენილ მოთხოვნებს, თუ გაუმართავი ავტომობილის დაუყოვნებლივი გაყვანა გზიდან შეუძლებელია?",
    "answers": [
      "1\nარღვევს",
      "2\nარ არღვევს"
    ]
  },
  {
    "id": 81,
    "correctAnswer": 0,
    "imageUrl": "assets/images/image.png",
    "correctVideo": "assets/videos/correct_66.mp4",
    "wrongVideo": "assets/videos/wrong_66.mp4",
    "previewVideo": "assets/videos/preview_66.mp4",
    "question": "ავტომაგისტრალზე ტექნიკური გაუმართაობის გამო იძულებით გაჩერებული სატრანსპორტო საშუალების მძღოლი ვალდებულია:",
    "answers": [
      "1\nმიიღოს ყველა ზომა ავტომობილის გზის სავალი ნაწილიდან გასაყვანად, ხოლო თუ ამის დაუყოვნებლივ გაკეთება შეუძლებელია - ჩართოს საავარიო შუქსიგნალიზაცია (მასი არსებობის შემთხვევაში) და შესაბამისი ნიშნით მონიშნოს ავტომობილი საკმარის მანძილზე, რათა დროულად გააფრთხილოს მოახლოებული მძღოლები",
      "2\nდაუყოვნებლივ დაუკავშირდეს ტექნიკური სერვისის სამსახურს, ხოლო მისი წარმომადგენლის მოსვლამდე, გაიყვანოს სატრანსპორტო საშუალება სავალი ნაწილის უკიდურეს მარჯვენა ზოლში, ჩართოს საავარიო შუქსიგნალიზაცია და ახლო განათების ფარები"
    ]
  },
  {
    "id": 82,
    "correctAnswer": 1,
    "imageUrl": "assets/images/image.png",
    "correctVideo": "assets/videos/correct_19.mp4",
    "wrongVideo": "assets/videos/wrong_19.mp4",
    "previewVideo": "assets/videos/preview_19.mp4",
    "question": "თუ საგზაო - სატრანსპორტო შემთხვევაში მონაწილე სატრანსპორტო საშუალების გაყვანა ან ბუქსირება დაუყოვნებლივ შეუძლებელია და წარმოადგენს დაბრკოლებას საგზაო მოძრაობის სხვა მონაწილეებისთვის, მაშინ ასეთი სატრანსპორტო საშუალების მძღოლი ვალდებულია ჩართოს:",
    "answers": [
      "1\nახლო ან შორი განათების ფარები და უკანა საგაბარიტო სინათლეები",
      "2\nსაავარიო შუქსიგნალიზაცია",
      "3\nხმოვანი სიგნალი"
    ]
  },
  {
    "id": 83,
    "correctAnswer": 2,
    "imageUrl": "assets/images/image.png",
    "correctVideo": "assets/videos/correct_19.mp4",
    "wrongVideo": "assets/videos/wrong_19.mp4",
    "previewVideo": "assets/videos/preview_19.mp4",
    "question": "საგზაო-სატრანსპორტო შემთხვევაში მონაწილე სატრანსპორტო საშუალებაზე საავარიო შუქსიგნალიზაციის ჩართვის შემდეგ, აგრეთვე თუ ასეთი სიგნალიზაცია არ არსებობს ან მწყობრიდანაა გამოსული, მძღოლმა დაუყოვნებლივ უნდა:",
    "answers": [
      "1\nჩართოს შორი განათების ფარები",
      "2\nჩართოს ხმოვანი სიგნალი",
      "3\nგამოდგას საავარიო გაჩერების ნიშანი, ხოლო არასაკმარისი მხედველობის პირობებში - მოციმციმე წითელი ფარანი"
    ]
  }
]