[
  {
    "id": 1017,
    "correctAnswer": 2,
    "imageUrl": "assets/images/image.png",
    "correctVideo": "assets/videos/correct_19.mp4",
    "wrongVideo": "assets/videos/wrong_19.mp4",
    "previewVideo": "assets/videos/preview_19.mp4",
    "question": "მოცემული დამატებითი ინფორმაციის ნიშნები (დაფები) მიუთითებენ:",
    "answers": [
      "1\nგზაჯვარედინის წინ დადგმული ნიშნის მოქმედების მიმართულებას",
      "2\nმანძილს ნიშნიდან სახიფათო მონაკვეთის დასაწყისამდე",
      "3\nმანძილს გზის მიღმა (მოშორებით) მდებარე ობიექტამდე"
    ]
  },
  {
    "id": 1018,
    "correctAnswer": 1,
    "imageUrl": "assets/images/image.png",
    "correctVideo": "assets/videos/correct_19.mp4",
    "wrongVideo": "assets/videos/wrong_19.mp4",
    "previewVideo": "assets/videos/preview_19.mp4",
    "question": "მოცემული დამატებითი ინფორმაციის ნიშანი (დაფა) მიუთითებს:",
    "answers": [
      "1\nმანძილს ნიშნიდან სახიფათო მონაკვეთის დასაწყისამდე",
      "2\nგამაფრთხილებელი ნიშნებით აღნიშნული გზის სახიფათო მონაკვეთის სიგრძეს, ან ამკრძალავი და საინფორმაციო–მაჩვენებელი ნიშნების მოქმედების ზონას",
      "3\nგზაჯვარედინის წინ დადგმული ნიშნის მოქმედების მიმართულებას"
    ]
  },
  {
    "id": 1019,
    "correctAnswer": 0,
    "imageUrl": "assets/images/image.png",
    "correctVideo": "assets/videos/correct_19.mp4",
    "wrongVideo": "assets/videos/wrong_19.mp4",
    "previewVideo": "assets/videos/preview_19.mp4",
    "question": "მოცემული საგზაო ნიშნების კომბინაციიდან, რომლის მოქმედება ვრცელდება მხოლოდ მსუბუქ ავტომობილზე?",
    "answers": [
      "1\nმხოლოდ IV",
      "2\nმხოლოდ I და III",
      "3\nმხოლოდ II და IV",
      "4\nმხოლოდ I"
    ]
  },
  {
    "id": 1020,
    "correctAnswer": 2,
    "imageUrl": "assets/images/image.png",
    "correctVideo": "assets/videos/correct_19.mp4",
    "wrongVideo": "assets/videos/wrong_19.mp4",
    "previewVideo": "assets/videos/preview_19.mp4",
    "question": "მოცემული საგზაო ნიშნების კომბინაცია მძღოლს მიუთითებს, რომ გასწრება აკრძალულია:",
    "answers": [
      "1\nდღე-ღამის ბნელ დროს",
      "2\nღრუბლიან ამინდში",
      "3\nროცა გზის სავალი ნაწილის საფარი სველია"
    ]
  },
  {
    "id": 1021,
    "correctAnswer": 2,
    "imageUrl": "assets/images/image.png",
    "correctVideo": "assets/videos/correct_19.mp4",
    "wrongVideo": "assets/videos/wrong_19.mp4",
    "previewVideo": "assets/videos/preview_19.mp4",
    "question": "მოცემული საგზაო ნიშნები მძღოლს აწვდის ინფორმაციას, რომ ნიშნის დადგმის ადგილიდან წინ:",
    "answers": [
      "1\n400 მეტრის მანძილზე უსწორმასწორო გზაა, სადაც რეკომენდებულია მოძრაობა 30 კმ/სთ-ში სიჩქარით",
      "2\n400 მეტრის შემდეგ იწყება უსწორმასწორო გზა, სადაც რეკომენდებულია მოძრაობა 30 კმ/სთ-ში სიჩქარით",
      "3\n150-300 მეტრის შემდეგ იწყება 400 მეტრის სიგრძის უსწორმასწორო გზა, სადაც რეკომენდებულია მოძრაობა 30 კმ/სთ-ში სიჩქარით"
    ]
  },
  {
    "id": 1022,
    "correctAnswer": 0,
    "imageUrl": "assets/images/image.png",
    "correctVideo": "assets/videos/correct_19.mp4",
    "wrongVideo": "assets/videos/wrong_19.mp4",
    "previewVideo": "assets/videos/preview_19.mp4",
    "question": "მოცემულ სიტუაციაში, ეკრძალება თუ არა თეთრი ავტომობილის მძღოლს ისრის მიმართულებით მოძრაობა?",
    "answers": [
      "1\nეკრძალება",
      "2\nარ ეკრძალება"
    ]
  },
  {
    "id": 1023,
    "correctAnswer": 1,
    "imageUrl": "assets/images/image.png",
    "correctVideo": "assets/videos/correct_19.mp4",
    "wrongVideo": "assets/videos/wrong_19.mp4",
    "previewVideo": "assets/videos/preview_19.mp4",
    "question": "მოცემულ სიტუაციაში, ეკრძალება თუ არა ყვითელი ავტომობილის მძღოლს ისრის მიმართულებით მოძრაობა?",
    "answers": [
      "1\nეკრძალება",
      "2\nარ ეკრძალება"
    ]
  },
  {
    "id": 1024,
    "correctAnswer": 0,
    "imageUrl": "assets/images/image.png",
    "correctVideo": "assets/videos/correct_19.mp4",
    "wrongVideo": "assets/videos/wrong_19.mp4",
    "previewVideo": "assets/videos/preview_19.mp4",
    "question": "მოცემული საგზაო ნიშანი მძღოლს მიუთითებს, რომ ნიშნების დადგმის ადგილიდან წინ:",
    "answers": [
      "1\n300 მეტრის მანძილზე მოძრაობა აკრძალულია 50 კმ/სთ მეტი სიჩქარით",
      "2\n300 მეტრის შემდეგ მოძრაობა აკრძალულია 50 კმ/სთ მეტი სიჩქარით"
    ]
  },
  {
    "id": 1025,
    "correctAnswer": 1,
    "imageUrl": "assets/images/image.png",
    "correctVideo": "assets/videos/correct_19.mp4",
    "wrongVideo": "assets/videos/wrong_19.mp4",
    "previewVideo": "assets/videos/preview_19.mp4",
    "question": "მოცემული საგზაო ნიშნების კომბინაცია მძღოლს მიუთითებს, რომ ნიშნების დადგმის ადგილიდან წინ:",
    "answers": [
      "1\n300 მეტრის მანძილზე მოძრაობა ნებადართულია, არაუმეტეს 50 კმ/სთ სიჩქარით",
      "2\n300 მეტრის შემდეგ მოძრაობა ნებადართულია, არაუმეტეს 50 კმ/სთ სიჩქარით"
    ]
  }
]