[
  {
    "id": 1146,
    "correctAnswer": 3,
    "imageUrl": "assets/images/image.png",
    "correctVideo": "assets/videos/correct_19.mp4",
    "wrongVideo": "assets/videos/wrong_19.mp4",
    "previewVideo": "assets/videos/preview_19.mp4",
    "question": "სურათზე მითითებულ ადგილას, დაუსახლებელ პუნქტში, ავტომობილის გაჩერების შემთხვევაში მძღოლი:",
    "answers": [
      "1\nვალდებულია ჩართოს საავარიო შუქსიგნალიზაცია",
      "2\nვალდებულია ავტომობილის უკან გამოდგას „საავარიო გაჩერების ნიშანი“",
      "3\nვალდებულია ჩართოს საავარიო შუქსიგნალიზაცია და ავტომობილის უკან გამოდგას „საავარიო გაჩერების ნიშანი“",
      "4\nარ არის ვალდებული ჩართოს საავარიო შუქსიგნალიზაცია და ავტომობილის უკან გამოდგას „საავარიო გაჩერების ნიშანი“"
    ]
  },
  {
    "id": 1147,
    "correctAnswer": 0,
    "imageUrl": "assets/images/image.png",
    "correctVideo": "assets/videos/correct_19.mp4",
    "wrongVideo": "assets/videos/wrong_19.mp4",
    "previewVideo": "assets/videos/preview_19.mp4",
    "question": "მოცემულ სიტუაციაში არღვევს თუ არა მძღოლი იძულებით გაჩერებისათვის დადგენილ მოთხოვნებს, თუ გაუმართავი ავტომობილის დაუყოვნებლივ გაყვანა გზიდან შეუძლებელია?",
    "answers": [
      "1\nარ არღვევს",
      "2\nარღვევს"
    ]
  },
  {
    "id": 1148,
    "correctAnswer": 1,
    "imageUrl": "assets/images/image.png",
    "correctVideo": "assets/videos/correct_19.mp4",
    "wrongVideo": "assets/videos/wrong_19.mp4",
    "previewVideo": "assets/videos/preview_19.mp4",
    "question": "დასახლებულ პუნქტში, მონიშნული გაჩერებიდან გამოსვლისთვის მოძრაობის განახლების შესახებ მოხვევის მაჩვენებლით მიცემული სიგნალის შემდეგ სამარშუტო სატრანსპორტო საშუალების მძღოლები ვალდებულნი არიან:",
    "answers": [
      "1\nისარგებლონ უპირატესობით და დაუყოვნებლივ დაიწყონ მოძრაობა მიუხედავად გზაზე არსებული სიტუაციისა",
      "2\nმიიღონ საგზაო-სატრანსპორტო შემთხვევის თავიდან აცილებისთვის საჭირო სიფრთხილის ზომები და მოძრაობა დაიწყონ მხოლოდ მას შემდეგ, როცა დარწმუნდებიან, რომ სხვა სატრანსპორტო საშუალებები გზას უთმობენ"
    ]
  },
  {
    "id": 1149,
    "correctAnswer": 0,
    "imageUrl": "assets/images/image.png",
    "correctVideo": "assets/videos/correct_19.mp4",
    "wrongVideo": "assets/videos/wrong_19.mp4",
    "previewVideo": "assets/videos/preview_19.mp4",
    "question": "საავარიო შუქსიგნალიზაციის არ არსებობის ან გაუმართაობის შემთხვევაში, საბუქსირო მექანიკური სატრანსპორტო საშუალების უკანა ნაწილზე უნდა დამაგრდეს:",
    "answers": [
      "1\nსაავარიო გაჩერების ნიშანი",
      "2\nმაქსიმალური სიჩქარის შეზღუდვის ნიშანი",
      "3\nსხვა საფრთხეების მაჩვენებელი ნიშანი"
    ]
  },
  {
    "id": 1150,
    "correctAnswer": 2,
    "imageUrl": "assets/images/image.png",
    "correctVideo": "assets/videos/correct_19.mp4",
    "wrongVideo": "assets/videos/wrong_19.mp4",
    "previewVideo": "assets/videos/preview_19.mp4",
    "question": "საპირისპირო მიმართულებიდან მომავალი მექანიკური სატრანსპორტო საშუალების ფარების შუქით თვალის მოჭრის შემთხვევაში, მძღოლი ვალდებულია:",
    "answers": [
      "1\nშეანელოს სიჩქარე, რაც შეიძლება სწრაფად გადაეწყოს უკიდურეს მარჯვენა მოძრაობის ზოლში და აუცილებლობის შემთხვევაში გაჩერდეს",
      "2\nფარების შუქის პერიოდული გადართვით მიანიშნოს შემხვედრი სატრანსპორტო საშუალების მძღოლს აღნიშნული პრობლემის შესახებ",
      "3\nმოძრაობის ზოლის შეუცვლელად შეანელოს სიჩქარე, გაჩერდეს და ჩართოს საავარიო შუქსიგნალიზაცია. მოძრაობის აღდგენა დასაშვებია მხოლოდ მხედველობის სრულად აღდგენის შემდეგ",
      "4\nჩართოს შორი განათების ფარები"
    ]
  },
  {
    "id": 1151,
    "correctAnswer": 2,
    "imageUrl": "assets/images/image.png",
    "correctVideo": "assets/videos/correct_19.mp4",
    "wrongVideo": "assets/videos/wrong_19.mp4",
    "previewVideo": "assets/videos/preview_19.mp4",
    "question": "დასახლებულ პუნქტში, იმ ადგილებში იძულებით გაჩერების დროს, სადაც ეს აკრძალულია მძღოლმა საავარიო გაჩერების ნიშანი (ან მსგავსი ეფექტური მოწყობილობა) სატრანსპორტო საშუალებიდან უნდა გამოდგას არანაკლებ:",
    "answers": [
      "1\n5 მეტრის მანძილზე",
      "2\n10 მეტრის მანძილზე",
      "3\n15 მეტრის მანძილზე"
    ]
  },
  {
    "id": 1152,
    "correctAnswer": 2,
    "imageUrl": "assets/images/image.png",
    "correctVideo": "assets/videos/correct_19.mp4",
    "wrongVideo": "assets/videos/wrong_19.mp4",
    "previewVideo": "assets/videos/preview_19.mp4",
    "question": "დაუსახლებულ პუნქტში, იმ ადგილებში იძულებით გაჩერების დროს, სადაც ეს აკრძალულია, მძღოლმა საავარიო გაჩერების ნიშანი (ან მსგავსი ეფექტური მოწყობილობა) სატრანსპორტო საშუალებიდან უნდა გამოდგას არანაკლებ:",
    "answers": [
      "1\n15 მეტრის მანძილზე",
      "2\n20 მეტრის მანძილზე",
      "3\n30 მეტრის მანძილზე"
    ]
  },
  {
    "id": 1153,
    "correctAnswer": 1,
    "imageUrl": "assets/images/image.png",
    "correctVideo": "assets/videos/correct_19.mp4",
    "wrongVideo": "assets/videos/wrong_19.mp4",
    "previewVideo": "assets/videos/preview_19.mp4",
    "question": "იმ ადგილას იძულებით გაჩერების დროს, სადაც გაჩერება აკრძალულია, საავარიო გაჩერების ნიშანისა და მოციმციმე წითელი ფარნის არ არსებობის შემთხვევაში:",
    "answers": [
      "1\nმოახლოებულ მძღოლთა დროული გაფრთხილება აუცილებელი არ არის",
      "2\nმძღოლმა უნდა უზრუნველყოს სხვა მსგავისი ეფექტური საშუალებებით მოახლოებულ მძღოლთა დროული გაფრთხილება"
    ]
  },
  {
    "id": 1154,
    "correctAnswer": 2,
    "imageUrl": "assets/images/image.png",
    "correctVideo": "assets/videos/correct_19.mp4",
    "wrongVideo": "assets/videos/wrong_19.mp4",
    "previewVideo": "assets/videos/preview_19.mp4",
    "question": "ვალდებულია თუ არა მსუბუქი ავტომობილის მძღოლი, ჩართოს საავარიო შუქსიგნალიზაცია და გამოდგას საავარიო გაჩერების ნიშანი სურათზე მითითებულ ადგილას იძულებით გაჩერების შემთხვევაში?",
    "answers": [
      "1\nვალდებულია ჩართოს მხოლოდ საავარიო შუქური სიგნალიზაცია",
      "2\nვალდებულია მხოლოდ გამოდგას საავარიო გაჩერების ნიშანი ავტომობილის უკან, 15 მეტრის მანძილზე",
      "3\nარ არის ვალდებული"
    ]
  },
  {
    "id": 1155,
    "correctAnswer": 0,
    "imageUrl": "assets/images/image.png",
    "correctVideo": "assets/videos/correct_19.mp4",
    "wrongVideo": "assets/videos/wrong_19.mp4",
    "previewVideo": "assets/videos/preview_19.mp4",
    "question": "მოცემულ სიტუაციაში არღვევს თუ არა მძღოლი იძულებით გაჩერებისათვის დადგენილ მოთხოვნებს, თუ გაუმართავი ავტომობილის დაუყოვნებლივი გაყვანა გზიდან შეუძლებელია?",
    "answers": [
      "1\nარღვევს",
      "2\nარ არღვევს"
    ]
  },
  {
    "id": 1156,
    "correctAnswer": 0,
    "imageUrl": "assets/images/image.png",
    "correctVideo": "assets/videos/correct_19.mp4",
    "wrongVideo": "assets/videos/wrong_19.mp4",
    "previewVideo": "assets/videos/preview_19.mp4",
    "question": "ავტომაგისტრალზე ტექნიკური გაუმართაობის გამო იძულებით გაჩერებული სატრანსპორტო საშუალების მძღოლი ვალდებულია:",
    "answers": [
      "1\nმიიღოს ყველა ზომა ავტომობილის გზის სავალი ნაწილიდან გასაყვანად, ხოლო თუ ამის დაუყოვნებლივ გაკეთება შეუძლებელია - ჩართოს საავარიო შუქსიგნალიზაცია (მასი არსებობის შემთხვევაში) და შესაბამისი ნიშნით მონიშნოს ავტომობილი საკმარის მანძილზე, რათა დროულად გააფრთხილოს მოახლოებული მძღოლები",
      "2\nდაუყოვნებლივ დაუკავშირდეს ტექნიკური სერვისის სამსახურს, ხოლო მისი წარმომადგენლის მოსვლამდე, გაიყვანოს სატრანსპორტო საშუალება სავალი ნაწილის უკიდურეს მარჯვენა ზოლში, ჩართოს საავარიო შუქსიგნალიზაცია და ახლო განათების ფარები"
    ]
  },
  {
    "id": 1157,
    "correctAnswer": 1,
    "imageUrl": "assets/images/image.png",
    "correctVideo": "assets/videos/correct_19.mp4",
    "wrongVideo": "assets/videos/wrong_19.mp4",
    "previewVideo": "assets/videos/preview_19.mp4",
    "question": "თუ საგზაო - სატრანსპორტო შემთხვევაში მონაწილე სატრანსპორტო საშუალების გაყვანა ან ბუქსირება დაუყოვნებლივ შეუძლებელია და წარმოადგენს დაბრკოლებას საგზაო მოძრაობის სხვა მონაწილეებისთვის, მაშინ ასეთი სატრანსპორტო საშუალების მძღოლი ვალდებულია ჩართოს:",
    "answers": [
      "1\nახლო ან შორი განათების ფარები და უკანა საგაბარიტო სინათლეები",
      "2\nსაავარიო შუქსიგნალიზაცია",
      "3\nხმოვანი სიგნალი"
    ]
  },
  {
    "id": 1158,
    "correctAnswer": 2,
    "imageUrl": "assets/images/image.png",
    "correctVideo": "assets/videos/correct_19.mp4",
    "wrongVideo": "assets/videos/wrong_19.mp4",
    "previewVideo": "assets/videos/preview_19.mp4",
    "question": "საგზაო-სატრანსპორტო შემთხვევაში მონაწილე სატრანსპორტო საშუალებაზე საავარიო შუქსიგნალიზაციის ჩართვის შემდეგ, აგრეთვე თუ ასეთი სიგნალიზაცია არ არსებობს ან მწყობრიდანაა გამოსული, მძღოლმა დაუყოვნებლივ უნდა:",
    "answers": [
      "1\nჩართოს შორი განათების ფარები",
      "2\nჩართოს ხმოვანი სიგნალი",
      "3\nგამოდგას საავარიო გაჩერების ნიშანი, ხოლო არასაკმარისი მხედველობის პირობებში - მოციმციმე წითელი ფარანი"
    ]
  }
]