[
  {
    "id": 1250,
    "correctAnswer": 1,
    "imageUrl": "assets/images/image.png",
    "correctVideo": "assets/videos/correct.mp4",
    "wrongVideo": "assets/videos/wrong.mp4",
    "previewVideo": "assets/videos/preview.mp4",
    "question": "რა თანამიმდევრობით უნდა გაიარონ გზაჯვარედინი სატრანსპორტო საშუალებებმა ისრის მიმართულებით მოძრაობის შემთხვევაში?",
    "answers": [
      "ჯერ უნდა გაიაროს მსუბუქმა ავტომობილმა, შემდეგ - კვადროციკლმა, ბოლოს - ავტობუსმა",
      "ჯერ უნდა გაიაროს კვადროციკლმა, შემდეგ - ავტობუსმა, ბოლოს - მსუბუქმა ავტომობილმა",
      "ჯერ უნდა გაიაროს ავტობუსმა, შემდეგ - მსუბუქმა ავტომობილმა, ბოლოს - კვადროციკლმა"
    ]
  },
  {
    "id": 1251,
    "correctAnswer": 0,
    "imageUrl": "assets/images/image.png",
    "correctVideo": "assets/videos/correct.mp4",
    "wrongVideo": "assets/videos/wrong.mp4",
    "previewVideo": "assets/videos/preview.mp4",
    "question": "რომელი ავტომობილის მძღოლს წარმოექმნება გზის დათმობის ვალდებულება ისრის მიმართულებით მოძრაობის შემთხვევაში?",
    "answers": [
      "მსუბუქი ავტომობილის მძღოლს",
      "ავტობუსის მძღოლს"
    ]
  },
  {
    "id": 1252,
    "correctAnswer": 0,
    "imageUrl": "assets/images/image.png",
    "correctVideo": "assets/videos/correct.mp4",
    "wrongVideo": "assets/videos/wrong.mp4",
    "previewVideo": "assets/videos/preview.mp4",
    "question": "რომელი ავტომობილის მძღოლს წარმოექმნება გზის დათმობის ვალდებულება ისრის მიმართულებით მოძრაობის შემთხვევაში?",
    "answers": [
      "სატვირთო ატომობილის მძღოლს",
      "მსუბუქი ავტომობილის მძღოლს"
    ]
  },
  {
    "id": 1253,
    "correctAnswer": 1,
    "imageUrl": "assets/images/image.png",
    "correctVideo": "assets/videos/correct.mp4",
    "wrongVideo": "assets/videos/wrong.mp4",
    "previewVideo": "assets/videos/preview.mp4",
    "question": "რომელი ავტომობილის მძღოლს ენიჭება უპირატესობა ისრის მიმართულებით მოძრაობის შემთხვევაში, თუ საგზაო ნიშნები დაფარულია თოვლით?",
    "answers": [
      "თეთრი ავტომობილის მძღოლს",
      "წითელი ავტომობილის მძღოლს"
    ]
  },
  {
    "id": 1254,
    "correctAnswer": 0,
    "imageUrl": "assets/images/image.png",
    "correctVideo": "assets/videos/correct.mp4",
    "wrongVideo": "assets/videos/wrong.mp4",
    "previewVideo": "assets/videos/preview.mp4",
    "question": "რომელი სატრანსპორტო საშუალების მძღოლს წარმოექმნება გზის დათმობის ვალდებულება ისრის მიმართულებით მოძრაობის შემთხვევაში?",
    "answers": [
      "ტრამვაის მძღოლს",
      "ავტობუსის მძღოლს"
    ]
  },
  {
    "id": 1255,
    "correctAnswer": 0,
    "imageUrl": "assets/images/image.png",
    "correctVideo": "assets/videos/correct.mp4",
    "wrongVideo": "assets/videos/wrong.mp4",
    "previewVideo": "assets/videos/preview.mp4",
    "question": "რა თანამიმდევრობით უნდა გაიარონ გზაჯვარედინი სატრანსპორტო საშუალებებმა ისრის მიმართულებით მოძრაობის შემთხვევაში?",
    "answers": [
      "ჯერ უნდა გაიაროს ყვითელმა ავტობუსმა, შემდეგ - მსუბუქმა ავტომობილმა, ბოლოს - ლურჯმა ტროლეიბუსმა",
      "ჯერ უნდა გაიაროს მსუბუქმა ავტომობილმა, შემდეგ - ლურჯმა ტროლეიბუსმა, ბოლოს - ყვითელმა ავტობუსმა",
      "ჯერ უნდა გაიაროს ლურჯმა ტროლეიბუსმა, შემდეგ - მსუბუქმა ავტომობილმა, ბოლოს - ყვითელმა ავტობუსმა"
    ]
  },
  {
    "id": 1256,
    "correctAnswer": 1,
    "imageUrl": "assets/images/image.png",
    "correctVideo": "assets/videos/correct.mp4",
    "wrongVideo": "assets/videos/wrong.mp4",
    "previewVideo": "assets/videos/preview.mp4",
    "question": "რომელი სატრანსპორტო საშუალების მძღოლს ენიჭება უპირატესობა ისრის მიმართულებით მოძრაობის შემთხვევაში?",
    "answers": [
      "მსუბუქი ავტომობილის მძღოლს",
      "ტრამვაის მძღოლს"
    ]
  },
  {
    "id": 1257,
    "correctAnswer": 3,
    "imageUrl": "assets/images/image.png",
    "correctVideo": "assets/videos/correct.mp4",
    "wrongVideo": "assets/videos/wrong.mp4",
    "previewVideo": "assets/videos/preview.mp4",
    "question": "რომელი სატრანსპორტო საშუალების მძღოლის მიმართ წარმოექმნება გზის დათმობის ვალდებულება ყვითელი ავტობუსის მძღოლს ისრის მიმართულებით მოძრაობის შემთხვევაში?",
    "answers": [
      "მხოლოდ მოტოციკლის მძღოლის მიმართ",
      "მხოლოდ მსუბუქი ავტომობილის მძღოლის მიმართ",
      "როგორც მოტოციკლის, ასევე მსუბუქი ავტომობილის მძღოლების მიმართ",
      "არცერთი სატრანსპორტო საშუალების მძღოლის მიმართ"
    ]
  },
  {
    "id": 1258,
    "correctAnswer": 0,
    "imageUrl": "assets/images/image.png",
    "correctVideo": "assets/videos/correct.mp4",
    "wrongVideo": "assets/videos/wrong.mp4",
    "previewVideo": "assets/videos/preview.mp4",
    "question": "რომელი სატრანსპორტო საშუალების მძღოლის მიმართ წარმოექმნება გზის დათმობის ვალდებულება ავტობუსის მძღოლს ისრის მიმართულებით მოძრაობის შემთხვევაში?",
    "answers": [
      "მხოლოდ მოტოციკლის მძღოლის მიმართ",
      "მხოლოდ მსუბუქი ავტომობილის მძღოლის მიმართ",
      "ორივე სატრანსპორტო საშუალების მძღოლის მიმართ"
    ]
  },
  {
    "id": 1259,
    "correctAnswer": 0,
    "imageUrl": "assets/images/image.png",
    "correctVideo": "assets/videos/correct.mp4",
    "wrongVideo": "assets/videos/wrong.mp4",
    "previewVideo": "assets/videos/preview.mp4",
    "question": "რომელი ავტომობილის მძღოლის მიმართ წარმოექმნება გზის დათმობის ვალდებულება თეთრი მსუბუქი ავტომობილის მძღოლს ისრის მიმართულებით მოძრაობის შემთხვევაში?",
    "answers": [
      "მხოლოდ ავტობუსის მძღოლის მიმართ",
      "მხოლოდ ნარინჯისფერი მსუბუქი ავტომობილის მძღოლის მიმართ",
      "როგორც ნარინჯისფერი მსუბუქი ავტომობილის მძღოლის, ასევე ავტობუსის მძღოლის მიმართ"
    ]
  },
  {
    "id": 1260,
    "correctAnswer": 0,
    "imageUrl": "assets/images/image.png",
    "correctVideo": "assets/videos/correct.mp4",
    "wrongVideo": "assets/videos/wrong.mp4",
    "previewVideo": "assets/videos/preview.mp4",
    "question": "რომელი სატრანსპორტო საშუალების მძღოლის მიმართ წარმოექმნება გზის დათმობის ვალდებულება ავტობუსის მძღოლს ისრის მიმართულებით მოძრაობის შემთხვევაში?",
    "answers": [
      "მხოლოდ მოტოციკლის მძღოლის მიმართ",
      "მხოლოდ მსუბუქი ავტომობილის მძღოლის მიმართ",
      "როგორც მოტოციკლის მძღოლის, ასევე მსუბუქი ავტომობილის მძღოლის მიმართ"
    ]
  },
  {
    "id": 1261,
    "correctAnswer": 2,
    "imageUrl": "assets/images/image.png",
    "correctVideo": "assets/videos/correct.mp4",
    "wrongVideo": "assets/videos/wrong.mp4",
    "previewVideo": "assets/videos/preview.mp4",
    "question": "რომელი სატრანსპორტო საშუალების მძღოლის მიმართ წარმოიქმნება გზის დათმობის ვალდებულება ავტობუსის მძღოლს ისრის მიმართულებით მოძრაობის შემთხვევაში?",
    "answers": [
      "მხოლოდ მოტოციკლის მძღოლის მიმართ",
      "მხოლოდ მსუბუქი ავტომობილის მძღოლის მიმართ",
      "როგორც მოტოციკლის მძღოლის, ასევე მსუბუქი ავტომობილის მძღოლის მიმართ"
    ]
  },
  {
    "id": 1262,
    "correctAnswer": 0,
    "imageUrl": "assets/images/image.png",
    "correctVideo": "assets/videos/correct.mp4",
    "wrongVideo": "assets/videos/wrong.mp4",
    "previewVideo": "assets/videos/preview.mp4",
    "question": "ვალდებულია თუ არა მსუბუქი ავტომობილის მძღოლი გზა დაუთმოს ქვეითებს ისრის მიმართულებით მოძრაობის შემთხვევაში?",
    "answers": [
      "ვალდებულია",
      "არ არის ვალდებული"
    ]
  },
  {
    "id": 1263,
    "correctAnswer": 3,
    "imageUrl": "assets/images/image.png",
    "correctVideo": "assets/videos/correct.mp4",
    "wrongVideo": "assets/videos/wrong.mp4",
    "previewVideo": "assets/videos/preview.mp4",
    "question": "სავალი ნაწილის სიგანე არასაკმარისია მარცხენა ზოლიდან მოხვევისათვის, რომელი სატრანსპორტო საშუალების მიმართ ენიჭება უპირატესობა სატვირთო ავტომობილის მძღოლს ისრის მიმართულებით მოძრაობის შემთხვევაში?",
    "answers": [
      "მხოლოდ თეთრი მსუბუქი ავტომობილის მიმართ",
      "მხოლოდ ლურჯი მსუბუქი ავტომობილის მიმართ",
      "მხოლოდ მოტოციკლის მიმართ",
      "არცერთი სატრანსპორტო საშუალების მიმართ"
    ]
  },
  {
    "id": 1264,
    "correctAnswer": 1,
    "imageUrl": "assets/images/image.png",
    "correctVideo": "assets/videos/correct.mp4",
    "wrongVideo": "assets/videos/wrong.mp4",
    "previewVideo": "assets/videos/preview.mp4",
    "question": "აქვს თუ არა უფლება მძღოლს გავიდეს გზაჯვარედინზე, რომელზეც შექმნილია ისეთი ხერგილი, რომ იგი სავარაუდოდ, იძულებული გახდება გაჩერდეს გზაჯვარედინზე და ამით განივი მიმართულებით მოძრაობისთვის შექმნას დაბრკოლება?",
    "answers": [
      "აქვს უფლება, თუ შუქნიშნის სიგნალი იძლევა მოძრაობის უფლებას",
      "არ აქვს უფლება"
    ]
  },
  {
    "id": 1265,
    "correctAnswer": 0,
    "imageUrl": "assets/images/image.png",
    "correctVideo": "assets/videos/correct.mp4",
    "wrongVideo": "assets/videos/wrong.mp4",
    "previewVideo": "assets/videos/preview.mp4",
    "question": "რა თანამიმდევრობით უნდა გაირონ გზაჯვარედინი სატრანსპორტო საშუალებებმა ისრის მიმართულებით მოძრაობის შემთხვევაში, თუ ოპერატიულ ავტომობილს ჩართული არა აქვს ლურჯი მოელვარე სპეციალური ციმციმა სიგნალი?",
    "answers": [
      "ჯერ უნდა გაიაროს მოტოციკლმა, შემდეგ - მსუბუქმა ავტომობილმა, ბოლოს - ოპერატიული სამსახურის ავტომობილმა",
      "ჯერ უნდა გაიაროს მსუბუქმა ავტომობილმა, შემდეგ - მოტოციკლმა, ბოლოს - ოპერატიული სამსახურის ავტომობილმა",
      "ჯერ უნდა გაიაროს ოპერატიული სამსახურის ავტომობილმა, შემდეგ - მსუბუქმა ავტომობილმა, ბოლოს - მოტოციკლმა"
    ]
  },
  {
    "id": 1266,
    "correctAnswer": 0,
    "imageUrl": "assets/images/image.png",
    "correctVideo": "assets/videos/correct.mp4",
    "wrongVideo": "assets/videos/wrong.mp4",
    "previewVideo": "assets/videos/preview.mp4",
    "question": "„D“ კატეგორიის სატრანსპორტო საშუალების მართვის უფლების მქონე მძღოლს, უფლება აქვს მართოს მგზავრთა გადასაყვანად განკუთვნილი ავტომობილი, რომლის დასასხდომი ადგილების რაოდენობა, გარდა მძღოლის ადგილისა:",
    "answers": [
      "აღემატება 8-ს",
      "არ აღემატება 8-ს"
    ]
  },
  {
    "id": 1267,
    "correctAnswer": 2,
    "imageUrl": "assets/images/image.png",
    "correctVideo": "assets/videos/correct.mp4",
    "wrongVideo": "assets/videos/wrong.mp4",
    "previewVideo": "assets/videos/preview.mp4",
    "question": "„D“კატეგორიის სატრანსპორტო საშუალების მართვის უფლების მქონე მძღოლს უფლება აქვს მართოს „D“ კატეგორიის ავტომობილი მისაბმელით, რომლის ნებადართული მაქსიმალური მასა:",
    "answers": [
      "აღემატება 1 500 კგ-ს",
      "აღემატება 750 კგ-ს, მაგრამ არ აღემატება 1 500 კგ-ს",
      "არ აღემატება 750 კგ-ს"
    ]
  },
  {
    "id": 1268,
    "correctAnswer": 0,
    "imageUrl": "assets/images/image.png",
    "correctVideo": "assets/videos/correct.mp4",
    "wrongVideo": "assets/videos/wrong.mp4",
    "previewVideo": "assets/videos/preview.mp4",
    "question": "აქვს თუ არა უფლება „DE“ კატეგორიის სატრანსპორტო საშუალების მართვის უფლების მქონე მძღოლს, მართოს „D“ კატეგორიის ავტომობილი მისაბმელით, რომლის ნებადართული მაქსიმალური მასა აღემატება 750 კგ-ს?",
    "answers": [
      "აქვს უფლება",
      "არ აქვს უფლება"
    ]
  },
  {
    "id": 1269,
    "correctAnswer": 3,
    "imageUrl": "assets/images/image.png",
    "correctVideo": "assets/videos/correct.mp4",
    "wrongVideo": "assets/videos/wrong.mp4",
    "previewVideo": "assets/videos/preview.mp4",
    "question": "„D“ კატეგორიის სატრანსპორტო საშუალების მართვის უფლების მქონე პირს, აგრეთვე რომელი ქვეკატეგორიის სატრანსპორტო საშუალების მართვის უფლება აქვს?",
    "answers": [
      "„A1“",
      "„C1“ და „D1“",
      "„D1“ და „D1E“",
      "„D1“"
    ]
  },
  {
    "id": 1270,
    "correctAnswer": 1,
    "imageUrl": "assets/images/image.png",
    "correctVideo": "assets/videos/correct.mp4",
    "wrongVideo": "assets/videos/wrong.mp4",
    "previewVideo": "assets/videos/preview.mp4",
    "question": "„DE“ კატეგორიის სატრანსპორტო საშუალების მართვის უფლების მქონე პირს, აგრეთვე რომელი ქვეკატეგორიის სატრანსპორტო საშუალების მართვა შეუძლია?",
    "answers": [
      "„C1E“",
      "„D1E“",
      "„D1E“ და „C1E“"
    ]
  },
  {
    "id": 1271,
    "correctAnswer": 0,
    "imageUrl": "assets/images/image.png",
    "correctVideo": "assets/videos/correct.mp4",
    "wrongVideo": "assets/videos/wrong.mp4",
    "previewVideo": "assets/videos/preview.mp4",
    "question": "აქვს თუ არა უფლება „CE“ ან „DE“ კატეგორიის სატრანსპორტო საშუალების მართვის უფლების მქონე პირს, აგრეთვე მართოს „BE“ კატეგორიის სატრანსპორტო საშუალება?",
    "answers": [
      "აქვს უფლება",
      "არ აქვს უფლება"
    ]
  },
  {
    "id": 1272,
    "correctAnswer": 1,
    "imageUrl": "assets/images/image.png",
    "correctVideo": "assets/videos/correct.mp4",
    "wrongVideo": "assets/videos/wrong.mp4",
    "previewVideo": "assets/videos/preview.mp4",
    "question": "აქვს თუ არა უფლება „CE“ და „D“ კატეგორიების სატრანსპორტო საშუალებების მართვის უფლების მქონე პირს, აგრეთვე მართოს „DE“ კატეგორიის სატრანსპორტო საშუალება?",
    "answers": [
      "არ აქვს უფლება",
      "აქვს უფლება"
    ]
  },
  {
    "id": 1273,
    "correctAnswer": 0,
    "imageUrl": "assets/images/image.png",
    "correctVideo": "assets/videos/correct.mp4",
    "wrongVideo": "assets/videos/wrong.mp4",
    "previewVideo": "assets/videos/preview.mp4",
    "question": "„C“ და „D“ კატეგორიების სატრანსპორტო საშუალებების მართვის უფლების მქონე პირს, „C“ კატეგორიის სატრანსპორტო საშუალების მართვის მოწმობის მიღებიდან სამი წლის შემდეგ, უფლება აქვს დადგენილი წესით მოწყობილი სატვირთო ავტომობილის ძარით გადაიყვანოს:",
    "answers": [
      "8-ზე მეტი მგზავრი",
      "არა უმეტეს 8 მგზავრისა"
    ]
  },
  {
    "id": 1274,
    "correctAnswer": 3,
    "imageUrl": "assets/images/image.png",
    "correctVideo": "assets/videos/correct.mp4",
    "wrongVideo": "assets/videos/wrong.mp4",
    "previewVideo": "assets/videos/preview.mp4",
    "question": "გზაჯვარედინზე, მოცემული საგზაო მონიშვნის არსებობისას, მსუბუქი ავტომობილის მძღოლს უფლება აქვს მოძრაობა გააგრძელოს:",
    "answers": [
      "მხოლოდ A მიმართულებით",
      "მხოლოდ B მიმართულებით",
      "მხოლოდ C მიმართულებით",
      "როგორც A და B, ასევე C მიმართულებით"
    ]
  },
  {
    "id": 1275,
    "correctAnswer": 0,
    "imageUrl": "assets/images/image.png",
    "correctVideo": "assets/videos/correct.mp4",
    "wrongVideo": "assets/videos/wrong.mp4",
    "previewVideo": "assets/videos/preview.mp4",
    "question": "თუ არარეგულირებული ქვეითთა გადასასვლელის წინ გაჩერებული სატრანსპორტო საშუალების გამო, გადასასვლელზე ნაწილობრივ შეზღუდულია მხედველობა, გადასავლელთან მოახლოებულ მძღოლს მოძრაობის გაგრძელების უფლება აქვს:",
    "answers": [
      "მხოლოდ მას შემდეგ, რაც დარწმუნდება, გადასასვლელზე შესული ან შემავალი ქვეითის არარსებობაში",
      "მხოლოდ ხმოვანი სიგნალის გამოყენების შემდეგ",
      "სიჩქარის შეუცვლელად, მიუხედავად გადასასვლელზე არსებული სიტუაციისა"
    ]
  }
]