[
  {
    "id": 8045,
    "correctAnswer": 0,
    "imageUrl": "assets/images/image.png",
    "correctVideo": "assets/videos/correct_19.mp4",
    "wrongVideo": "assets/videos/wrong_19.mp4",
    "previewVideo": "assets/videos/preview_19.mp4",
    "question": "ვალდებულია თუ არა საგზაო-სატრანსპორტო შემთხვევაში მონაწილე მძღოლი დარწმუნდეს რომ ავარიის შემთხვევის შედეგად არ არიან დაშავებულები ან დაღუპულები?",
    "answers": [
      "1\nვალდებულია",
      "2\nვალდებულია, მხოლოდ იმ შემთხვევაში, თუ იგი ექიმია",
      "3\nარ არის ვალდებული, თუ უზრუნველყოფს სასწრაფო სამედიცინო დახმარების გამოძახებას",
      "4\nარ არის ვალდებული, თუ საგზაო-სატრანსპორტო შემთხვევა არ მომხდარა მისი ბრალით"
    ]
  },
  {
    "id": 8046,
    "correctAnswer": 2,
    "imageUrl": "assets/images/image.png",
    "correctVideo": "assets/videos/correct_19.mp4",
    "wrongVideo": "assets/videos/wrong_19.mp4",
    "previewVideo": "assets/videos/preview_19.mp4",
    "question": "თუ არ არსებობს სამკურნალო დაწესებულებაში მისი მისვლის ან მის მიერ დაშავებულების გადაყვანის გადაუდებელი აუცილებლობა, საგზაო-სატრანსპორტო შემთხვევაში მონაწილე მძღოლი, ვალდებულია:",
    "answers": [
      "1\nგადაიყვანოს კუთვნილი სატრანსპორტო საშუალება საპატრულო პოლიციის უახლოეს დანაყოფში და იქ განაცხადოს მომხდარი ფაქტის შესახებ",
      "2\nშეადგინოს შემთხვევის სქემა, ჩამოართვას ჩვენებები თვითმხილველებს და აღნიშნული დოკუმენტები წარადგინოს საპატრულო პოლიციის უახლოეს დანაყოფში",
      "3\nდარჩეს შემთხვევის ადგილზე და დაელოდოს უფლებამოსილი პირის მისვლას"
    ]
  },
  {
    "id": 8047,
    "correctAnswer": 0,
    "imageUrl": "assets/images/image.png",
    "correctVideo": "assets/videos/correct_19.mp4",
    "wrongVideo": "assets/videos/wrong_19.mp4",
    "previewVideo": "assets/videos/preview_19.mp4",
    "question": "საგზაო-სატრანსპორტო შემთხვევაში მონაწილე მძღოლი ვალდებულია მომხდარის შესახებ დაუყოვნებლივ აცნობოს:",
    "answers": [
      "1\nსაქართველოს შინაგან საქმეთა სამინისტროს სისტემაში შემავალ შესაბამის სამსახურს",
      "2\nადგილობრივი თვითმმართველობის ორგანოს",
      "3\nსაქართველოს შრომის, ჯანმრთელობისა და სოციალური დაცვის სამინისტროს"
    ]
  },
  {
    "id": 8048,
    "correctAnswer": 1,
    "imageUrl": "assets/images/image.png",
    "correctVideo": "assets/videos/correct_19.mp4",
    "wrongVideo": "assets/videos/wrong_19.mp4",
    "previewVideo": "assets/videos/preview_19.mp4",
    "question": "ქვემოთ ჩამოთვლილი, რომელი გარემოების არსებობისას შეუძლია საგზაო-სატრანსპორტო შემთხვევაში მონაწილე მძღოლს მიატოვოს შემთხვევის ადგილი და არ დაელოდოს უფლებამოსილი პირის მისვლას?",
    "answers": [
      "1\nთუ აშკარაა, რომ ავარია არ მომხდარა მისი ბრალით",
      "2\nთუ არსებობს სამკურნალო დაწესებულებაში მძღლის მისვლის ან მის მიერ დაშავებულების გადაყვანის გადაუდებელი აუცილებლობა",
      "3\nთუ ავარიაში მონაწილე მეორე მხარე მიიმალა შემთხვევის ადგილიდან",
      "4\nამ ბილეთში ჩამოთვლილი ნებისმიერი გარემოების არსებობისას"
    ]
  },
  {
    "id": 8049,
    "correctAnswer": 1,
    "imageUrl": "assets/images/image.png",
    "correctVideo": "assets/videos/correct_19.mp4",
    "wrongVideo": "assets/videos/wrong_19.mp4",
    "previewVideo": "assets/videos/preview_19.mp4",
    "question": "შეუძლია თუ არა საგზაო-სატრანსპორტო შემთხვევაში მონაწილე მძღოლებს არსებულ გარემოებათა შეფასებით, ურთიერთშეთანხმების საფუძველზე, წინასწარ შეადგინონ შემთხვევის სქემა, მოაწერონ ხელი და მივიდნენ საპატრულო პოლიციის უახლოეს დანაყოფში ამ ფაქტის გასაფორმებლად?",
    "answers": [
      "1\nარ შეუძლიათ, ვინაიდან უფლებამოსილი პირის მოსვლამდე, მათ გააჩნიათ შემთხვევის ადგილზე დარჩენის ვალდებულება",
      "2\nშეუძლიათ, მხოლოდ იმ შემთხვევაში, თუ საგზაო-სატრანსპორტო შემთხვევის შედეგად არავინ დაშავებულა"
    ]
  },
  {
    "id": 8050,
    "correctAnswer": 0,
    "imageUrl": "assets/images/image.png",
    "correctVideo": "assets/videos/correct_19.mp4",
    "wrongVideo": "assets/videos/wrong_19.mp4",
    "previewVideo": "assets/videos/preview_19.mp4",
    "question": "თუ საგზაო-სატრანსპორტო შემთხვევაში მონაწილე მძღოლი იძულებულია მიატოვოს შემთხვევის ადგილი სამკურნალო დაწესებულებაში მისვლის აუცილებლობის გამო, იგი ვალდებულია სამკურნალო დაწესებულებაში:",
    "answers": [
      "1\nგანაცხადოს თავისი ვინაობა, (წარადგინოს პირადობის დამადასტურებელი დოკუმენტი და სატრანსპორტო საშუალების სარეგისტრაციო დოკუმენტები) და თუ ეს შეუძლებელი არ არის, დაბრუნდეს შემთხვევის ადგილზე",
      "2\nგანაცხადოს თავისი, დაშავებულისა და ავარიის თვითმხილვევთა ვინაობა, წარადგინოს საგზაო-სატრანსპორტო შემთხვევის დაახლოებითი სქემა"
    ]
  },
  {
    "id": 8051,
    "correctAnswer": 0,
    "imageUrl": "assets/images/image.png",
    "correctVideo": "assets/videos/correct_19.mp4",
    "wrongVideo": "assets/videos/wrong_19.mp4",
    "previewVideo": "assets/videos/preview_19.mp4",
    "question": "საგზაო-სატრანსპორტო შემთხვევის შედეგად დაშავებულების სასწრაფო სამედიცინო დახმარების გამოძახებისათვის დისპეჩერს უნდა ვაცნობოთ:",
    "answers": [
      "1\nსაგზაო-სატრანსპორტო შემთხვევის ზუსტი ადგილი (ქუჩა, სახლის ნომერი და უახლოესი ორიენტირი), დაშავებულთა რაოდენობა, მათი სქესი, მიახლოებითი წლოვანება, სასიცოცხლო ნიშნების არსებობა, ასევე ძლიერი სისხლდენის შესახებ",
      "2\nმხოლოდ საგზაო-სატრანსპორტო შემთხვევის ადგილის უახლოესი ორიენტირი, დაშავებულების რაოდენობა, მათი სქესი და წლოვანება"
    ]
  }
]