[
  {
    "id": 8001,
    "correctAnswer": 2,
    "imageUrl": "assets/images/image.png",
    "correctVideo": "assets/videos/correct_8001.mp4",
    "wrongVideo": "assets/videos/wrong_8001.mp4",
    "previewVideo": "assets/videos/preview_8001.mp4",
    "question": "იმ სატრანსპორტო საშუალების მძღოლი, რომელსაც საგზაო მოძრაობის წესებით დადგენილ შემთხვევებში უფლება აქვს შევიდეს ქვეითთა მოძრაობისათვის განკუთვნილ ადგილებში, ვალდებულია:",
    "answers": [
      "1\nმისცეს ხმოვანი სიგნალი და იმოძრაოს არაუმეტეს 50 კმ/სთ სიჩქარით",
      "2\nჩართოს ახლო ნათების ფარები და ქვეითთა ყურადღების მისაპყრობად მისცეს ხმოვანი სიგნალი",
      "3\nგამოიჩინოს მაქსიმალური სიფრთხილე და იმოძრაოს დაბალი სიჩქარით, რათა აუცილებლობის შემთხვევაში გაჩერდეს"
    ]
  },
  {
    "id": 8002,
    "correctAnswer": 1,
    "imageUrl": "assets/images/image.png",
    "correctVideo": "assets/videos/correct_8002.mp4",
    "wrongVideo": "assets/videos/wrong_8002.mp4",
    "previewVideo": "assets/videos/preview_8002.mp4",
    "question": "ვალდებულია თუ არა მსუბუქი ავტომობილის მძღოლი, ჩართოს მარცხნივ მოხვევის შუქ-მაჩვენებელი ისრის მიმართულებით მოძრაობის შემთხვევაში?",
    "answers": [
      "1\nარ არის ვალდებული",
      "2\nვალდებულია"
    ]
  },
  {
    "id": 8003,
    "correctAnswer": 2,
    "imageUrl": "assets/images/image.png",
    "correctVideo": "assets/videos/correct_8003.mp4",
    "wrongVideo": "assets/videos/wrong_8003.mp4",
    "previewVideo": "assets/videos/preview_8003.mp4",
    "question": "მანევრის შესრულების განზრახვის თაობაზე მოხვევის შუქ-მაჩვენებლებით ან ხელით მიცემული სიგნალი მძღოლს:",
    "answers": [
      "1\nანიჭებს უპირატესობას",
      "2\nათავისუფლებს სიფრთხილის აუცილებელი ზომების მიღებისაგან",
      "3\nარ ანიჭებს უპირატესობას, არ ათავისუფლებს სიფრთხილის აუცილებელი ზომების მიღებისაგან"
    ]
  },
  {
    "id": 8004,
    "correctAnswer": 0,
    "imageUrl": "assets/images/image.png",
    "correctVideo": "assets/videos/correct_8004.mp4",
    "wrongVideo": "assets/videos/wrong_8004.mp4",
    "previewVideo": "assets/videos/preview_8004.mp4",
    "question": "არღვევს თუ არა ავტომობილის მძღოლი საგზაო მოძრაობის წესებს საგზაო ნიშნით აღნიშნულ განათებულ გვირაბში მოძრაობისას, თუ ჩართული აქვს მხოლოდ გაბარიტული სინათლეები?",
    "answers": [
      "1\nარღვევს",
      "2\nარ არღვევს"
    ]
  },
  {
    "id": 8005,
    "correctAnswer": 1,
    "imageUrl": "assets/images/image.png",
    "correctVideo": "assets/videos/correct_8005.mp4",
    "wrongVideo": "assets/videos/wrong_8005.mp4",
    "previewVideo": "assets/videos/preview_8005.mp4",
    "question": "ჩართული გარე სანათი ხელსაწყოების ან ღია კარების მქონე გაჩერებული სატრანსპორტო საშუალებების გასწვრივ მოძრაობისას, მძღოლმა უნდა:",
    "answers": [
      "1\nმისცეს ხმოვანი სიგნალი და გაზარდოს სიჩქარე",
      "2\nგამოიჩინოს განსაკუთრებული სიფრთხილე, რათა აუცილებლობის შემთხვევაში, დროულად უზრუნველყოს გზაზე ქვეითთა და ბავშვების მოულოდნელი გამოჩენით წარმოშობილი საფრთხის თავიდან აცილება",
      "3\nშეამციროს სიჩქარე და ჩართოს საავარიო შუქსიგნალიზაცია, რათა გაჩერებული სატრანსპორტო საშუალების უეცარი დაძვრის შემთხვევაში, დროულად უზრუნველყოს საფრთხის თავიდან აცილება"
    ]
  },
  {
    "id": 8006,
    "correctAnswer": 0,
    "imageUrl": "assets/images/image.png",
    "correctVideo": "assets/videos/correct_8006.mp4",
    "wrongVideo": "assets/videos/wrong_8006.mp4",
    "previewVideo": "assets/videos/preview_8006.mp4",
    "question": "არის თუ არა ვალდებული მძღოლი, გამოიჩინოს განსაკუთრებული სიფრთხილე ქვეითი ბავშვების, ხანდაზმულებისა და შეზღუდული შესაძლებლობების მქონე პირების მიმართ?",
    "answers": [
      "1\nვალდებულია",
      "2\nარ არის ვალდებული"
    ]
  },
  {
    "id": 8007,
    "correctAnswer": 1,
    "imageUrl": "assets/images/image.png",
    "correctVideo": "assets/videos/correct_8007.mp4",
    "wrongVideo": "assets/videos/wrong_8007.mp4",
    "previewVideo": "assets/videos/preview_8007.mp4",
    "question": "არასაკმარისი ან შეზღუდული ხილვადობის პირობებში, მძღოლმა უნდა:",
    "answers": [
      "1\nჩართოს საავარიო შუქსიგნალიზაცია და შეამციროს დისტანცია მისი და მის წინ მიმავალ სატრანსპორტო საშუალებას შორის",
      "2\nშეამციროს სიჩქარე და გაზარდოს დისტანცია მისი და მის წინ მიმავალ სატრანსპორტო საშუალებას შორის",
      "3\nჩართოს საავარიო შუქსიგნალიზაცია და იმოძრაოს სავალი ნაწილის უკიდურეს მარცხენა მხარეს"
    ]
  },
  {
    "id": 8008,
    "correctAnswer": 2,
    "imageUrl": "assets/images/image.png",
    "correctVideo": "assets/videos/correct_8008.mp4",
    "wrongVideo": "assets/videos/wrong_8008.mp4",
    "previewVideo": "assets/videos/preview_8008.mp4",
    "question": "მანევრის დაწყებამდე შესაბამისი მიმართულების მოხვევის შუქ-მაჩვენებლის ჩართვა მძღოლს:",
    "answers": [
      "1\nანიჭებს უპირატესობას",
      "2\nარ ანიჭებს უპირატესობას მხოლოდ ოპერატიული სამსახურის სატრანსპორტო საშუალებების მიმართ",
      "3\nარ ანიჭებს უპირატესობას და არ ათავისუფლებს სიფრთხილის აუცილებელი ზომების მიღებისაგან"
    ]
  },
  {
    "id": 8009,
    "correctAnswer": 2,
    "imageUrl": "assets/images/image.png",
    "correctVideo": "assets/videos/correct_8009.mp4",
    "wrongVideo": "assets/videos/wrong_8009.mp4",
    "previewVideo": "assets/videos/preview_8009.mp4",
    "question": "მძღოლის მიერ მიცემული ხმოვანი სიგნალის ხანგრძლივობა:",
    "answers": [
      "1\nუნდა იყოს არა უმეტეს 3 წამისა",
      "2\nუნდა იყოს არა უმეტეს 5 წამისა",
      "3\nარ უნდა იყოს უფრო ხანგრძლივი, ვიდრე ეს აუცილებელია"
    ]
  },
  {
    "id": 8010,
    "correctAnswer": 1,
    "imageUrl": "assets/images/image.png",
    "correctVideo": "assets/videos/correct_8010.mp4",
    "wrongVideo": "assets/videos/wrong_8010.mp4",
    "previewVideo": "assets/videos/preview_8010.mp4",
    "question": "დღე-ღამის ნათელ დროს დასახლებულ პუნქტში გასწრების განზრახვის თაობაზე სხვა მძღოლის გასაფრთხილებლად შეიძლება გამოყენებულ იქნეს:",
    "answers": [
      "1\nხმოვანი სიგნალი",
      "2\nფარების შუქის პერიოდული, ხანმოკლე ჩართვა-გამორთვა",
      "3\nსაავარიო შუქსიგნალიზაცია",
      "4\nფარების ახლო შუქის შორ შუქზე მრავალჯერადი გადართვა"
    ]
  },
  {
    "id": 8011,
    "correctAnswer": 3,
    "imageUrl": "assets/images/image.png",
    "correctVideo": "assets/videos/correct_8011.mp4",
    "wrongVideo": "assets/videos/wrong_8011.mp4",
    "previewVideo": "assets/videos/preview_8011.mp4",
    "question": "დღე-ღამის ბნელ დროს, დასახლებულ პუნქტში გასწრების განზრახვის თაობაზე სხვა მძღოლის გასაფრთხილებლად შეიძლება გამოყენებული იქნეს:",
    "answers": [
      "1\nხმოვანი სიგნალი",
      "2\nფარების შუქის პერიოდული, ხანმოკლე ჩართვა-გამორთვა",
      "3\nსაავარიო შუქსიგნალიზაცია",
      "4\nფარების ახლო შუქის შორ შუქზე მრავალჯერადი გადართვა"
    ]
  },
  {
    "id": 8012,
    "correctAnswer": 0,
    "imageUrl": "assets/images/image.png",
    "correctVideo": "assets/videos/correct_8012.mp4",
    "wrongVideo": "assets/videos/wrong_8012.mp4",
    "previewVideo": "assets/videos/preview_8012.mp4",
    "question": "დასაშვებია თუ არა გასწრების განზრახვის თაობაზე სხვა მძღოლის გასაფრთხილებლად ხმოვანი სიგნალის გამოყენება:",
    "answers": [
      "1\nდასაშვებია, მხოლოდ დაუსახლებელ პუნქტში",
      "2\nდასაშვებია, მხოლოდ დასახლებულ პუნქტში",
      "3\nდასაშვებია, როგორც დასახლებულ, აგრეთვე დაუსახლებელ პუნქტებში",
      "4\nდაუშვებელია"
    ]
  },
  {
    "id": 8013,
    "correctAnswer": 3,
    "imageUrl": "assets/images/image.png",
    "correctVideo": "assets/videos/correct_8013.mp4",
    "wrongVideo": "assets/videos/wrong_8013.mp4",
    "previewVideo": "assets/videos/preview_8013.mp4",
    "question": "ქვემოთ ჩამოთვლილ რომელ ადგილას არ არის ვალდებული მძღოლი მანევრის დაწყებამდე ჩართოს შესაბამისი მიმართულების მოხვევის შუქ-მაჩვენებელი?",
    "answers": [
      "1\nსაცხოვრებელ ზონაში",
      "2\nმიმდებარე ტერიტორიაზე",
      "3\nეზოს ტერიტორიაზე",
      "4\nვალდებულია ამ ბილეთში ჩამოთვლილ ნებისმიერ ადგილას"
    ]
  },
  {
    "id": 8014,
    "correctAnswer": 1,
    "imageUrl": "assets/images/image.png",
    "correctVideo": "assets/videos/correct_8014.mp4",
    "wrongVideo": "assets/videos/wrong_8014.mp4",
    "previewVideo": "assets/videos/preview_8014.mp4",
    "question": "დაბინდებიდან გათენებამდე, ასევე ნებისმიერი სხვა არასაკმარისი ხილვადობის პირობებში, გზაზე გაჩერებისა ან დგომის დროს მექანიკური სატრანსპორტო საშუალებები და მათი მისაბმელები აღნიშნული უნდა იყვნენ:",
    "answers": [
      "1\nშორი განათების ფარებით",
      "2\nწინა და უკანა საგაბარიტო სინათლეებით",
      "3\nახლო განათების ფარებით",
      "4\nწინა ნისლსაწინააღმდეგო ფარები"
    ]
  },
  {
    "id": 8015,
    "correctAnswer": 2,
    "imageUrl": "assets/images/image.png",
    "correctVideo": "assets/videos/correct_8015.mp4",
    "wrongVideo": "assets/videos/wrong_8015.mp4",
    "previewVideo": "assets/videos/preview_8015.mp4",
    "question": "მოძრავ მექანიკურ სატრანსპორტო საშუალებებზე დღე-ღამის ბნელ დროს ან არასაკმარისი ხილვადობის პირობებში ჩართული უნდა იყოს:",
    "answers": [
      "1\nმხოლოდ ახლო ან შორი განათების ფარები",
      "2\nმხოლოდ ნისლსაწინააღმდეგო ფარები",
      "3\nახლო ან შორი განათების ფარები და უკანა საგაბარიტო სინათლეები",
      "4\nმხოლოდ წინა და უკანა საგაბარიტო სინათლეები"
    ]
  },
  {
    "id": 8016,
    "correctAnswer": 1,
    "imageUrl": "assets/images/image.png",
    "correctVideo": "assets/videos/correct_8016.mp4",
    "wrongVideo": "assets/videos/wrong_8016.mp4",
    "previewVideo": "assets/videos/preview_8016.mp4",
    "question": "არასაკმარისი ხილვადობის პირობებში ან ვიწრო მიხვეულ-მოხვეულ გზებზე მოძრაობისას, ნისლსაწინააღმდეგო ფარების ჩართვა ხორციელდება:",
    "answers": [
      "1\nსაავარიო შუქსიგნალიზაციასთან ერთად",
      "2\nშორი ან ახლო განათების ფარებთან ერთად",
      "3\nმხოლოდ წინა და უკანა საგაბარიტო სინათლეებთან ერთად"
    ]
  },
  {
    "id": 8017,
    "correctAnswer": 3,
    "imageUrl": "assets/images/image.png",
    "correctVideo": "assets/videos/correct_8017.mp4",
    "wrongVideo": "assets/videos/wrong_8017.mp4",
    "previewVideo": "assets/videos/preview_8017.mp4",
    "question": "წინა საგაბარიტო სინათლეებით აღჭურვილ მექანიკურ სატრანსპორტო საშუალებაზე და მოპედზე ასეთი სინათლეები უნდა ჩაირთოს:",
    "answers": [
      "1\nმხოლოდ წინა ნისლსაწინააღმდეგო ფარებთან ერთად",
      "2\nმხოლოდ შორი განათების ფარებთან ერთად",
      "3\nმხოლოდ ახლო განათების ფარებთან ერთად",
      "4\nშორი და ახლო განათების ფარებთან ან წინა ნისლსაწინააღმდეგო ფარებთან ერთად"
    ]
  },
  {
    "id": 8018,
    "correctAnswer": 0,
    "imageUrl": "assets/images/image.png",
    "correctVideo": "assets/videos/correct_8018.mp4",
    "wrongVideo": "assets/videos/wrong_8018.mp4",
    "previewVideo": "assets/videos/preview_8018.mp4",
    "question": "თუ ავტომობილი აღჭურვილია წინა ნისლსაწინააღმდეგო ფარებით, ისინი უნდა იყოს:",
    "answers": [
      "1\nთეთრი ან ყვითელი სელექციური სინათლის, რაოდენობით ორი",
      "2\nწითელი ან ყვითელი სელექციური სინათლის, რაოდენობით ოთხი",
      "3\nწითელი სელექციური სინათლის, რაოდენობით ერთი"
    ]
  },
  {
    "id": 8019,
    "correctAnswer": 0,
    "imageUrl": "assets/images/image.png",
    "correctVideo": "assets/videos/correct_8019.mp4",
    "wrongVideo": "assets/videos/wrong_8019.mp4",
    "previewVideo": "assets/videos/preview_8019.mp4",
    "question": "თუ მექანიკურ სატრანსპორტო საშუალეზე ან მისაბმელზე დაყენებულია უკანა ნისლსაწინააღმდეგო ფარები, ისინი უნდა იყოს:",
    "answers": [
      "1\nწითელი ფერის",
      "2\nთეთრი ფერის",
      "3\nყვითელი ფერის"
    ]
  },
  {
    "id": 8020,
    "correctAnswer": 3,
    "imageUrl": "assets/images/image.png",
    "correctVideo": "assets/videos/correct_8020.mp4",
    "wrongVideo": "assets/videos/wrong_8020.mp4",
    "previewVideo": "assets/videos/preview_8020.mp4",
    "question": "დღის ნათელ დროს გზაზე მოძრავი სატრანსპორტო საშუალების აღნიშვნის მიზნით სავალდებულოა ახლო განათების ფარებისა და უკანა საგაბარიტო სინათლეების ჩართვა:",
    "answers": [
      "1\nმხოლოდ ავტობუსით ან სათანადოდ მოწყობილი სატვირთო ავტომობილის ძარით ბავშვთა ჯგუფის გადაყვანისას",
      "2\nმხოლოდ მექანიკური სატრანსპორტო საშუალების ბუქსირებისას, მობუქსირე სატრანსპორტო საშუალებაზე",
      "3\nმხოლოდ სამარშრუტო სატრანსპორტო საშუალებებზე სპეციალურად მათთვის გამოყოფილ ზოლზე, ძირითადი ნაკადის საპირისპიროდ მოძრაობისას",
      "4\nამ ბილეთში ჩამოთვლილ ყველა შემთხვევაში"
    ]
  },
  {
    "id": 8021,
    "correctAnswer": 0,
    "imageUrl": "assets/images/image.png",
    "correctVideo": "assets/videos/correct_8021.mp4",
    "wrongVideo": "assets/videos/wrong_8021.mp4",
    "previewVideo": "assets/videos/preview_8021.mp4",
    "question": "თუ საპირისპიროდ მოძრავი სატრანსპორტო საშუალების მძღოლი არ მიანიშნებს ამის აუცილებლობაზე, შორი განათების ფარები უნდა გამოირთოს და მათ ნაცვლად უნდა ჩაირთოს ახლო განათების ფარები შემხვედრის გვერდის აქცევის დროს, სატრანსპორტო საშუალებამდე არანაკლებ:",
    "answers": [
      "1\n150 მეტრის მანძილზე",
      "2\n200 მეტრის მანძილზე",
      "3\n300 მეტრის მანძილზე"
    ]
  },
  {
    "id": 8022,
    "correctAnswer": 0,
    "imageUrl": "assets/images/image.png",
    "correctVideo": "assets/videos/correct_8022.mp4",
    "wrongVideo": "assets/videos/wrong_8022.mp4",
    "previewVideo": "assets/videos/preview_8022.mp4",
    "question": "შორი განათების ფარები უნდა გამოირთოს და მათ ნაცვლად ჩაირთოს ახლო განათების ფარები:",
    "answers": [
      "1\nროცა თავიდან უნდა იქნეს აცილებული სხვა საგზაო მოძრაობის მონაწილეთა ან გზის გასწვრივ გამავალი სანაოსნო ან სალიანდაგო გზით მოსარგებლეთა მხედველობის დაბინდვა",
      "2\nსაცხოვრებელ ზონაში მოძრაობისას",
      "3\nთუ ხილვადობა 300 მეტრზე ნაკლებია"
    ]
  },
  {
    "id": 8023,
    "correctAnswer": 1,
    "imageUrl": "assets/images/image.png",
    "correctVideo": "assets/videos/correct_8023.mp4",
    "wrongVideo": "assets/videos/wrong_8023.mp4",
    "previewVideo": "assets/videos/preview_8023.mp4",
    "question": "დღე-ღამის ბნელ დროს, დასახლებულ პუნქტში მოძრაობისას, თუ გზა საკმარისად არის განათებული:",
    "answers": [
      "1\nუნდა ჩაირთოს საგაბარიტო სინათლეები",
      "2\nუნდა ჩაირთოს ახლო განათების ფარები",
      "3\nუნდა ჩაირთოს შორი განათების ფარები"
    ]
  },
  {
    "id": 8024,
    "correctAnswer": 0,
    "imageUrl": "assets/images/image.png",
    "correctVideo": "assets/videos/correct_8024.mp4",
    "wrongVideo": "assets/videos/wrong_8024.mp4",
    "previewVideo": "assets/videos/preview_8024.mp4",
    "question": "უკუსვლის მაშუქების ჩართვა ნებადართულია:",
    "answers": [
      "1\nმხოლოდ იმ შემთხვევებში, როცა სატრანსპორტო საშუალება ახორციელებს ან აპირებს უკუსვლით მოძრაობას",
      "2\nმხოლოდ იმ შემთხვევებში, როცა სატრანსპორტო საშუალება ამუხრუჭებს",
      "3\nამ ბილეთში ჩამოთვლილ ყველა შემთხვევაში"
    ]
  },
  {
    "id": 8025,
    "correctAnswer": 1,
    "imageUrl": "assets/images/image.png",
    "correctVideo": "assets/videos/correct_8025.mp4",
    "wrongVideo": "assets/videos/wrong_8025.mp4",
    "previewVideo": "assets/videos/preview_8025.mp4",
    "question": "დასაშვებია თუ არა სატრანსპორტო საშუალებების წინ წითელი და უკან თეთრი სინათლეებით აღჭურვა:",
    "answers": [
      "1\nდასაშვებია",
      "2\nდაუშვებელია",
      "3\nდასაშვებელია, მხოლოდ სპეციალური სამსახურის სატრანსპორტო საშუალებებზე"
    ]
  },
  {
    "id": 8026,
    "correctAnswer": 1,
    "imageUrl": "assets/images/image.png",
    "correctVideo": "assets/videos/correct_8026.mp4",
    "wrongVideo": "assets/videos/wrong_8026.mp4",
    "previewVideo": "assets/videos/preview_8026.mp4",
    "question": "დასაშვებია თუ არა ერთსა და იმავე სატრანსპორტო საშუალებაზე ერთნაირი დანიშნულებისა და ერთსა და იმავე მხარეს მიმართული სხვადასხვა ფერის ფარების დაყენება?",
    "answers": [
      "1\nდასაშვებია",
      "2\nდაუშვებელია",
      "3\nდასაშვებია მხოლოდ ოპერატიული სამსახურის ავტომობილზე"
    ]
  },
  {
    "id": 8027,
    "correctAnswer": 1,
    "imageUrl": "assets/images/image.png",
    "correctVideo": "assets/videos/correct_8027.mp4",
    "wrongVideo": "assets/videos/wrong_8027.mp4",
    "previewVideo": "assets/videos/preview_8027.mp4",
    "question": "ფარა-პროჟექტორით და ფარა-მაძიებლით სარგებლობა ნებადართულია:",
    "answers": [
      "1\nდასახლებულ პუნქტში ცალხრივ მოძრაობიან გზის სავალ ნაწილზე",
      "2\nმხოლოდ დაუსახლებელ პუნქტში, თუ არ არის საპირისპიროდ მოძრავი სატრანსპორტო საშუალება",
      "3\nდასახლებულ პუნქტში იმ გზაზე, სადაც თითოეული მიმართულებისათვის ერთი სამოძრაო ზოლია, შუაში ტრამვაის ლიანდაგების გარეშე"
    ]
  },
  {
    "id": 8028,
    "correctAnswer": 2,
    "imageUrl": "assets/images/image.png",
    "correctVideo": "assets/videos/correct_8028.mp4",
    "wrongVideo": "assets/videos/wrong_8028.mp4",
    "previewVideo": "assets/videos/preview_8028.mp4",
    "question": "დასახლებულ პუნქტებში წინა და უკანა საგაბარიტო სინათლეების ნაცვლად შეიძლება ჩართულ იქნეს პარკირების ნათურები იმ პირობით, რომ:",
    "answers": [
      "1\nსატრანსპორტო საშუალების სიგრძე არ აღემატება 6 მეტრს, სიგანე - 2 მეტრს",
      "2\nსატრანსპორტო საშუალებას არ გააჩნია მისაბმელი",
      "3\nდაცულია ამ ბილეთში ჩამოთვლილი ყველა პირობა"
    ]
  },
  {
    "id": 8029,
    "correctAnswer": 0,
    "imageUrl": "assets/images/image.png",
    "correctVideo": "assets/videos/correct_8029.mp4",
    "wrongVideo": "assets/videos/wrong_8029.mp4",
    "previewVideo": "assets/videos/preview_8029.mp4",
    "question": "დღე-ღამის ბნელ დროს ან არასაკმარისი ხილვადობის პირობებში აღმართის ბოლოსთან მიახლოებისას სატრანსპორტო საშუალების მძღოლმა შორი ნათების ფარები უნდა გამორთოს და ჩართოს ახლო ნათების ფარები:",
    "answers": [
      "1\nნებისმიერ შემთხვევაში, აღმართის ბოლოსთან მიახლოებისას",
      "2\nმხოლოდ შემხვედრი სატრანსპორტო საშუალების გამოჩენისას"
    ]
  },
  {
    "id": 8030,
    "correctAnswer": 2,
    "imageUrl": "assets/images/image.png",
    "correctVideo": "assets/videos/correct_8030.mp4",
    "wrongVideo": "assets/videos/wrong_8030.mp4",
    "previewVideo": "assets/videos/preview_8030.mp4",
    "question": "სატრანსპორტო საშუალების რომელი გარე სანათი ხელსაწყოების ჩართვა უზრუნველყოფს გზის უკეთეს ხილვადობას დღე-ღამის ბნელ დროს, ძლიერი თოვის პირობებში?",
    "answers": [
      "1\nშორი ნათების ფარები",
      "2\nნისლსაწინააღმდეგო ფარები შორი ნათების ფარებთან ერთად",
      "3\nნისლსაწინააღმდეგო ფარები ახლო ნათების ფარებთან ერთად"
    ]
  },
  {
    "id": 8031,
    "correctAnswer": 3,
    "imageUrl": "assets/images/image.png",
    "correctVideo": "assets/videos/correct_8031.mp4",
    "wrongVideo": "assets/videos/wrong_8031.mp4",
    "previewVideo": "assets/videos/preview_8031.mp4",
    "question": "ქვემოთ ჩამოთვლილიდან, ავტომობილის რომელი კვანძის გამართულობა უნდა შეამოწმოს მძღოლმა რეგულარულად?",
    "answers": [
      "1\nმხოლოდ საჭის მართვის მექანიზმის",
      "2\nმხოლოდ საბურავების",
      "3\nმხოლოდ გარე სანათი ხელსაწყოების",
      "4\nამ ბილეთში ჩამოთვლილი ყველა კვანძის"
    ]
  },
  {
    "id": 8032,
    "correctAnswer": 0,
    "imageUrl": "assets/images/image.png",
    "correctVideo": "assets/videos/correct_8032.mp4",
    "wrongVideo": "assets/videos/wrong_8032.mp4",
    "previewVideo": "assets/videos/preview_8032.mp4",
    "question": "ჩამოთვლილი სამუხრუჭო სისტემებიდან, რომელი უფრო სწრაფად უზრუნველყოფს მუხრუჭების ამოქმედებას?",
    "answers": [
      "1\nჰიდრავლიკური სამუხრუჭო სისტემა",
      "2\nპნევმატიური სამუხრუჭო სისტემა",
      "3\nკომბინირებული სამუხრუჭო სისტემა",
      "4\nმუხრუჭის ამოქმედების სიჩქარე არ არის დამოკიდებული სამუხრუჭო სისტემის კონსტრუქციაზე"
    ]
  },
  {
    "id": 8033,
    "correctAnswer": 1,
    "imageUrl": "assets/images/image.png",
    "correctVideo": "assets/videos/correct_8033.mp4",
    "wrongVideo": "assets/videos/wrong_8033.mp4",
    "previewVideo": "assets/videos/preview_8033.mp4",
    "question": "როგორ გავლენას ახდენს სამუხრუჭო სისტემის გამართულ მუშაობაზე სამუხრუჭო დისკებზე დიდი ოდენობით ჟანგის არსებობა?",
    "answers": [
      "1\nდადებითს, რადგანაც დიდი ოდენობით ჟანგი აუმჯობესებს ხახუნის ძალას დისკსა და ხუნდებს შორის",
      "2\nუარყოფითს, რადგანაც დიდი ოდენობით ჟანგი იწვევს სამუხრუჭო სისტემის არათანაბარ მუშაობას",
      "3\nდისკებზე დიდი ოდენობის ჟანგის არსებობა გავლენას არ მოახდენს სამუხრუჭო სისტემის მუშაობაზე"
    ]
  }
]