[
  {
    "id": 1160,
    "correctAnswer": 0,
    "imageUrl": "assets/images/image.png",
    "correctVideo": "assets/videos/correct_19.mp4",
    "wrongVideo": "assets/videos/wrong_19.mp4",
    "previewVideo": "assets/videos/preview_19.mp4",
    "question": "ვალდებულია თუ არა წითელი ავტომობილის მძღოლი, მიმდებარე ტერიტორიიდან გზაზე გასვლისას გზა დაუთმოს ქვეითებს?",
    "answers": [
      "1\nვალდებულია",
      "2\nარ არის ვალდებული"
    ]
  },
  {
    "id": 1161,
    "correctAnswer": 1,
    "imageUrl": "assets/images/image.png",
    "correctVideo": "assets/videos/correct_19.mp4",
    "wrongVideo": "assets/videos/wrong_19.mp4",
    "previewVideo": "assets/videos/preview_19.mp4",
    "question": "მსუბუქი ავტომობილის მძღოლს უფლება აქვს მობრუნების მანევრი შეასრულოს:",
    "answers": [
      "1\nმხოლოდ A მიმართულებით",
      "2\nმხოლოდ B მიმართულებით",
      "3\nროგორც A, ასევე B მიმართულებით"
    ]
  },
  {
    "id": 1162,
    "correctAnswer": 2,
    "imageUrl": "assets/images/image.png",
    "correctVideo": "assets/videos/correct_19.mp4",
    "wrongVideo": "assets/videos/wrong_19.mp4",
    "previewVideo": "assets/videos/preview_19.mp4",
    "question": "რომელი ავტომობილის მძღოლი დაარღვევს საგზაო მოძრაობის წესებს ისრის მიმართულებით მოძრაობის შემთხვევაში?",
    "answers": [
      "1\nყვითელი ავტომობილის მძღოლი",
      "2\nთეთრი ავტომობილის მძღოლი",
      "3\nწითელი ავტომობილის მძღოლი",
      "4\nმწვანე ავტომობილის მძღოლი"
    ]
  },
  {
    "id": 1163,
    "correctAnswer": 1,
    "imageUrl": "assets/images/image.png",
    "correctVideo": "assets/videos/correct_19.mp4",
    "wrongVideo": "assets/videos/wrong_19.mp4",
    "previewVideo": "assets/videos/preview_19.mp4",
    "question": "რომელი ავტომობილის მძღოლს წარმოექმნება გზის დათმობის ვალდებულება ისრის მიმართულებით მოძრაობის შემთხვევაში?",
    "answers": [
      "1\nყვითელი ავტომობილის მძღოლს",
      "2\nთეთრი ავტომობილის მძღოლს"
    ]
  },
  {
    "id": 1164,
    "correctAnswer": 2,
    "imageUrl": "assets/images/image.png",
    "correctVideo": "assets/videos/correct_19.mp4",
    "wrongVideo": "assets/videos/wrong_19.mp4",
    "previewVideo": "assets/videos/preview_19.mp4",
    "question": "რომელი სატრანსპორტო საშუალების მძღოლის მიმართ წარმოიქმნება გზის დათმობის ვალდებულება თეთრი მსუბუქი ავტომობილის მძღოლს ისრის მიმართულებით მოძრაობის შემთხვევაში?",
    "answers": [
      "1\nმხოლოდ მოტოციკლის მძღოლის მიმართ",
      "2\nმხოლოდ ტრამვაის მძღოლის მიმართ",
      "3\nროგორც მოტოციკლის მძღოლის, ასევე ტრამვაის მძღოლის მიმართ"
    ]
  },
  {
    "id": 1165,
    "correctAnswer": 0,
    "imageUrl": "assets/images/image.png",
    "correctVideo": "assets/videos/correct_19.mp4",
    "wrongVideo": "assets/videos/wrong_19.mp4",
    "previewVideo": "assets/videos/preview_19.mp4",
    "question": "რომელი ავტომობილის მძღოლი დაარღვევს საგზაო მოძრაობის წესებს ისრის მიმართულებით მოძრაობის შემთხვევაში, თუ ავტობუსი მოძრაობს დადგენილი მარშრუტით?",
    "answers": [
      "1\nმხოლოდ მსუბუქი ავტომობილის მძღოლი",
      "2\nმხოლოდ ავტობუსის მძღოლი",
      "3\nარცერთი ავტომობილის მძღოლი",
      "4\nორივე ავტომობილის მძღოლი"
    ]
  },
  {
    "id": 1166,
    "correctAnswer": 1,
    "imageUrl": "assets/images/image.png",
    "correctVideo": "assets/videos/correct_19.mp4",
    "wrongVideo": "assets/videos/wrong_19.mp4",
    "previewVideo": "assets/videos/preview_19.mp4",
    "question": "თუ სამი მოძრაობის ზოლის მქონე ორმხრივ მოძრაობიანი გზის შუა ზოლი ორივე მიმართულებით მოძრაობისათვის გამოიყენება, თანმხვედრი მიმართულების მოძრაობის მხარედ ითვლება:",
    "answers": [
      "1\nშუა და მარჯვენა მოძრაობის ზოლები",
      "2\nმხოლოდ მარჯვენა მხარეს მდებარე მოძრაობის ზოლი"
    ]
  },
  {
    "id": 1167,
    "correctAnswer": 3,
    "imageUrl": "assets/images/image.png",
    "correctVideo": "assets/videos/correct_19.mp4",
    "wrongVideo": "assets/videos/wrong_19.mp4",
    "previewVideo": "assets/videos/preview_19.mp4",
    "question": "რომელი სატრანსპორტო საშუალების მძღოლის მიმართ ენიჭება უპირატესობა რუხი ავტომობილის მძღოლს ისრის მიმართულებით მოძრაობის შემთხვევაში?",
    "answers": [
      "1\nმხოლოდ მოტოციკლის მიმართ",
      "2\nმხოლოდ თეთრი ავტომობილის მძღოლის მიმართ",
      "3\nროგორც მოტოციკლის, ასევე თეთრი ავტომობილის მძღოლის მიმართ",
      "4\nარცერთი სატრანსპორტო საშუალების მძღოლის მიმართ"
    ]
  },
  {
    "id": 1168,
    "correctAnswer": 0,
    "imageUrl": "assets/images/image.png",
    "correctVideo": "assets/videos/correct_19.mp4",
    "wrongVideo": "assets/videos/wrong_19.mp4",
    "previewVideo": "assets/videos/preview_19.mp4",
    "question": "მოცემულ სიტუაციაში, სატრანსპორტო საშუალებების მიერ, მოძრაობის ზოლების ერთდროულად შეცვლისას, გავლის უპირატესობა ენიჭება:",
    "answers": [
      "1\nმსუბუქი ავტომობილის მძღოლს",
      "2\nსატვირთო ავტომობილის მძღოლს"
    ]
  },
  {
    "id": 1169,
    "correctAnswer": 1,
    "imageUrl": "assets/images/image.png",
    "correctVideo": "assets/videos/correct_19.mp4",
    "wrongVideo": "assets/videos/wrong_19.mp4",
    "previewVideo": "assets/videos/preview_19.mp4",
    "question": "აქვს თუ არა უფლება სატვირთო ავტომობილის მძღოლს გააგრძელოს მოძრაობა ისრის მიმართულებით, თუ სავალი ნაწილის სიგანე არასაკმარისია მარცხენა ზოლიდან მობრუნებისათვის?",
    "answers": [
      "1\nარ აქვს უფლება",
      "2\nაქვს უფლება"
    ]
  },
  {
    "id": 1170,
    "correctAnswer": 3,
    "imageUrl": "assets/images/image.png",
    "correctVideo": "assets/videos/correct_19.mp4",
    "wrongVideo": "assets/videos/wrong_19.mp4",
    "previewVideo": "assets/videos/preview_19.mp4",
    "question": "თუ სავალი ნაწილის სიგანე არასაკმარისია მარცხენა ზოლიდან სატვირთო ავტომობილის მობრუნებისათვის, ისრის მიმართულებით მოძრაობისას სატვირთო ავტომობილის მძღოლი ვალდებულია გზა დაუთმოს:",
    "answers": [
      "1\nმხოლოდ ტრამვაის მძღოლს",
      "2\nმხოლოდ თეთრი მსუბუქი ავტომობილის მძღოლს",
      "3\nმხოლოდ შავი მსუბუქი ავტომობილის მძღოლს",
      "4\nსამივე სატრანსპორტო საშუალების მძღოლს"
    ]
  },
  {
    "id": 1171,
    "correctAnswer": 0,
    "imageUrl": "assets/images/image.png",
    "correctVideo": "assets/videos/correct_19.mp4",
    "wrongVideo": "assets/videos/wrong_19.mp4",
    "previewVideo": "assets/videos/preview_19.mp4",
    "question": "აქვს თუ არა უფლება სატვირთო ავტომობილის მძღოლს, გააგრძელოს მოძრაობა ისრის მიმართულებით, თუ სავალი ნაწილის სიგანე არასაკმარისია მარცხენა ზოლიდან მოხვევისათვის?",
    "answers": [
      "1\nაქვს უფლება, თუ უზრუნველყოფილი იქნება მოძრაობის უსაფრთხოება და დაბრკოლება არ შეექმნება სხვა საგზაო მოძრაობის მონაწილეებს",
      "2\nარ აქვს უფლება"
    ]
  },
  {
    "id": 1172,
    "correctAnswer": 1,
    "imageUrl": "assets/images/image.png",
    "correctVideo": "assets/videos/correct_19.mp4",
    "wrongVideo": "assets/videos/wrong_19.mp4",
    "previewVideo": "assets/videos/preview_19.mp4",
    "question": "გზაჯვარედინის სიახლოვეს გზის სიგანე მობრუნების შესაძლებლობას არ იძლევა. აქვს თუ არა უფლება სატვირთო ავტომობილის მძღოლს გააგრძელოს მოძრაობა ისრის მიმართულებით?",
    "answers": [
      "1\nაქვს უფლება",
      "2\nარ აქვს უფლება"
    ]
  },
  {
    "id": 1173,
    "correctAnswer": 1,
    "imageUrl": "assets/images/image.png",
    "correctVideo": "assets/videos/correct_19.mp4",
    "wrongVideo": "assets/videos/wrong_19.mp4",
    "previewVideo": "assets/videos/preview_19.mp4",
    "question": "გზიდან გასასვლელად მსუბუქი ავტომობილის მძღოლს უფლება აქვს იმოძრაოს:",
    "answers": [
      "1\nმხოლოდ A მიმართულებით",
      "2\nმხოლოდ B მიმართულებით",
      "3\nროგორც A, ასევე B მიმართულებით"
    ]
  },
  {
    "id": 1174,
    "correctAnswer": 0,
    "imageUrl": "assets/images/image.png",
    "correctVideo": "assets/videos/correct_19.mp4",
    "wrongVideo": "assets/videos/wrong_19.mp4",
    "previewVideo": "assets/videos/preview_19.mp4",
    "question": "ეკრძალება თუ არა მძღოლს ისრის მიმართულებით ავტომობილის მობრუნება, თუ ხილვადობა შეზღუდულია 90 მეტრამდე?",
    "answers": [
      "1\nეკრძალება",
      "2\nარ ეკრძალება"
    ]
  },
  {
    "id": 1175,
    "correctAnswer": 0,
    "imageUrl": "assets/images/image.png",
    "correctVideo": "assets/videos/correct_19.mp4",
    "wrongVideo": "assets/videos/wrong_19.mp4",
    "previewVideo": "assets/videos/preview_19.mp4",
    "question": "მოცემულ სიტუაციაში, ავტომობილის მობრუნება დასაშვებია:",
    "answers": [
      "1\nმხოლოდ A მიმართულებით",
      "2\nმხოლოდ B მიმართულებით",
      "3\nროგორც A, ასევე B მიმართულებით",
      "4\nორივე მიმართულებით დაუშვებელია"
    ]
  },
  {
    "id": 1176,
    "correctAnswer": 3,
    "imageUrl": "assets/images/image.png",
    "correctVideo": "assets/videos/correct_19.mp4",
    "wrongVideo": "assets/videos/wrong_19.mp4",
    "previewVideo": "assets/videos/preview_19.mp4",
    "question": "მოცემულ სიტუაციაში, ავტომობილის მობრუნება დასაშვებია:",
    "answers": [
      "1\nმხოლოდ A მიმართულებით",
      "2\nმხოლოდ B მიმართულებით",
      "3\nროგორც A, ასევე B მიმართულებით",
      "4\nორივე მიმართულებით დაუშვებელია"
    ]
  },
  {
    "id": 1177,
    "correctAnswer": 3,
    "imageUrl": "assets/images/image.png",
    "correctVideo": "assets/videos/correct_19.mp4",
    "wrongVideo": "assets/videos/wrong_19.mp4",
    "previewVideo": "assets/videos/preview_19.mp4",
    "question": "მსუბუქი ავტომობილის მძღოლს უფლება აქვს იმოძრაოს:",
    "answers": [
      "1\nმხოლოდ მარცხნივ",
      "2\nმხოლოდ პირდაპირ და მარჯვნივ",
      "3\nმხოლოდ მარცხნივ და მარჯვნივ",
      "4\nმხოლოდ პირდაპირ, მარცხნივ და უკუმიმართულებით (მობრუნება)"
    ]
  },
  {
    "id": 1178,
    "correctAnswer": 2,
    "imageUrl": "assets/images/image.png",
    "correctVideo": "assets/videos/correct_19.mp4",
    "wrongVideo": "assets/videos/wrong_19.mp4",
    "previewVideo": "assets/videos/preview_19.mp4",
    "question": "მსუბუქი ავტომობილის მძღოლს უფლება აქვს იმოძრაოს:",
    "answers": [
      "1\nმხოლოდ მარჯვნივ",
      "2\nმხოლოდ მარცხნივ და მარჯვნივ",
      "3\nმხოლოდ პირდაპირ და მარჯვნივ",
      "4\nმხოლოდ პირდაპირ, მარცხნივ და უკუმიმართულებით (მობრუნება)"
    ]
  },
  {
    "id": 1179,
    "correctAnswer": 0,
    "imageUrl": "assets/images/image.png",
    "correctVideo": "assets/videos/correct_19.mp4",
    "wrongVideo": "assets/videos/wrong_19.mp4",
    "previewVideo": "assets/videos/preview_19.mp4",
    "question": "ავტომობილის მძღოლი გასცდა მარჯვნივ მოსახვევს. ეკრძალება თუ არა მას მოსახვევში შესასვლელად ისრის მიმართულებით უკუსვლით მოძრაობა?",
    "answers": [
      "1\nეკრძალება",
      "2\nარ ეკრძალება"
    ]
  },
  {
    "id": 1180,
    "correctAnswer": 0,
    "imageUrl": "assets/images/image.png",
    "correctVideo": "assets/videos/correct.mp4",
    "wrongVideo": "assets/videos/wrong.mp4",
    "previewVideo": "assets/videos/preview.mp4",
    "question": "ორმხრივ მოძრაობიანი გზის სავალ ნაწილის შუაში, მასთან ერთ დონეზე ტრამვაის ლიანდაგის მდებარეობისას, საპირისპირო მოძრაობის მხარეების გამყოფად მიიჩნევა:",
    "answers": [
      "საპირისპიროდ მოძრავი ტრამვაის ლიანდაგებს შორის წარმოსახვითი შუა ხაზი",
      "თანხვედრი მიმართულებით მოძრავი ტრამვაის მარჯვენა ლიანდაგი",
      "საპირისპირო მიმართულებით მოძრავი ტრამვაის მარცხენა ლიანდაგი"
    ]
  },
  {
    "id": 1181,
    "correctAnswer": 1,
    "imageUrl": "assets/images/image.png",
    "correctVideo": "assets/videos/correct.mp4",
    "wrongVideo": "assets/videos/wrong.mp4",
    "previewVideo": "assets/videos/preview.mp4",
    "question": "აქვს თუ არა სატვირთო ავტომობილის მძღოლს ისრის მიმართულებით მოძრაობის უფლება, თუ მოცემული ორმხრივ მოძრაობიანი გზის შუა ზოლი ორივე მიმართულებით მოძრაობისათვის გამოიყენება?",
    "answers": [
      "აქვს უფლება",
      "არ აქვს უფლება"
    ]
  },
  {
    "id": 1182,
    "correctAnswer": 2,
    "imageUrl": "assets/images/image.png",
    "correctVideo": "assets/videos/correct.mp4",
    "wrongVideo": "assets/videos/wrong.mp4",
    "previewVideo": "assets/videos/preview.mp4",
    "question": "მსუბუქი ავტომობილის მძღოლს უფლება აქვს იმოძრაოს:",
    "answers": [
      "მხოლოდ A მიმართულებით",
      "მხოლოდ B მიმართულებით",
      "როგორც A, ასევე B მიმართულებით"
    ]
  },
  {
    "id": 1183,
    "correctAnswer": 3,
    "imageUrl": "assets/images/image.png",
    "correctVideo": "assets/videos/correct.mp4",
    "wrongVideo": "assets/videos/wrong.mp4",
    "previewVideo": "assets/videos/preview.mp4",
    "question": "ქვემოთ ჩამოთვლილი, რომელ შემთხვევაშია ნებადართული გზის მარცხენა მხარეს, სავალ ნაწილთან ერთ დონეზე განლაგებული თანხვედრი მიმართულების ტრამვაის ლიანდაგზე ურელსო სატრანსპორტო საშუალებით მოძრაობა?",
    "answers": [
      "მხოლოდ იმ შემთხვევაში, თუ თანმხვედრი მიმართულებით მოძრაობისათვის ყველა ზოლი დაკავებულია",
      "მხოლოდ დაბრკოლების შემოვლის ან გასწრების შემთხვევაში",
      "მხოლოდ მარცხნივ მოხვევის ან მობრუნების შემთხვევაში",
      "ამ ბილეთში ჩამოთვლილ ნებისმიერ შემთხვევაში, თუ ამით ტრამვაის მოძრაობას არ შეექმნება დაბრკოლება"
    ]
  },
  {
    "id": 1184,
    "correctAnswer": 3,
    "imageUrl": "assets/images/image.png",
    "correctVideo": "assets/videos/correct.mp4",
    "wrongVideo": "assets/videos/wrong.mp4",
    "previewVideo": "assets/videos/preview.mp4",
    "question": "ქვემოთ ჩამოთვლილი, რომელ ადგილას არის აკრძალული სატრანსპორტო საშუალების მობრუნება?",
    "answers": [
      "მხოლოდ გზაზე, სადაც ხილვადობა თუნდაც ერთი მიმართულებით 100 მეტრზე ნაკლებია",
      "მხოლოდ იმ ადგილას, სადაც გასაჩერებელი პუნქტია",
      "მხოლოდ ავტომაგისტრალზე",
      "ამ ბილეთში ჩამოთვლილ ნებისმიერ ადგილას"
    ]
  },
  {
    "id": 1185,
    "correctAnswer": 0,
    "imageUrl": "assets/images/image.png",
    "correctVideo": "assets/videos/correct.mp4",
    "wrongVideo": "assets/videos/wrong.mp4",
    "previewVideo": "assets/videos/preview.mp4",
    "question": "თანმხვედრი მიმართულებით მოძრავი სატრანსპორტო საშუალებების მიერ, მოძრაობის ზოლების ერთდროულად შეცვლისას, მოძრაობის ტრაექტორიების გადაკვეთის შემთხვევაში, გავლის უპირატესობა ენიჭება:",
    "answers": [
      "მარჯვნივ მყოფ სატრანსპორტო საშუალების მძღოლს",
      "მარცხნივ მყოფ სატრანსპორტო საშუალების მძღოლს"
    ]
  },
  {
    "id": 1186,
    "correctAnswer": 1,
    "imageUrl": "assets/images/image.png",
    "correctVideo": "assets/videos/correct.mp4",
    "wrongVideo": "assets/videos/wrong.mp4",
    "previewVideo": "assets/videos/preview.mp4",
    "question": "აქვს თუ არა უფლება მძღოლს სატრანსპორტო საშუალების უკუსვლით მოძრაობისას ისარგებლოს სხვა პირის დახმარებით?",
    "answers": [
      "არ აქვს უფლება",
      "აქვს უფლება"
    ]
  },
  {
    "id": 1187,
    "correctAnswer": 0,
    "imageUrl": "assets/images/image.png",
    "correctVideo": "assets/videos/correct.mp4",
    "wrongVideo": "assets/videos/wrong.mp4",
    "previewVideo": "assets/videos/preview.mp4",
    "question": "ვალდებულია თუ არა მსუბუქი ავტომობილის მძღოლი, ჩართოს მარჯვნივ მოხვევის შუქ-მაჩვენებელი ისრის მიმართულებით მოძრაობის შემთხვევაში, თუ მის უკან სატრანსპორტო საშუალება არ მოძრაობს?",
    "answers": [
      "ვალდებულია",
      "არ არის ვალდებული"
    ]
  },
  {
    "id": 1188,
    "correctAnswer": 2,
    "imageUrl": "assets/images/image.png",
    "correctVideo": "assets/videos/correct.mp4",
    "wrongVideo": "assets/videos/wrong.mp4",
    "previewVideo": "assets/videos/preview.mp4",
    "question": "რომელ ნახატზეა ნაჩვენები მოტოციკლის მძღოლის მიერ ხელით მიცემული მარცხნივ მოხვევის სიგნალი?",
    "answers": [
      "III",
      "II",
      "I"
    ]
  },
  {
    "id": 1189,
    "correctAnswer": 1,
    "imageUrl": "assets/images/image.png",
    "correctVideo": "assets/videos/correct.mp4",
    "wrongVideo": "assets/videos/wrong.mp4",
    "previewVideo": "assets/videos/preview.mp4",
    "question": "რომელ ნახატზეა ნაჩვენები მოტოციკლის მძღოლის მიერ ხელით მიცემული მარჯვნივ მოხვევის სიგნალი?",
    "answers": [
      "I",
      "III",
      "II"
    ]
  },
  {
    "id": 1190,
    "correctAnswer": 1,
    "imageUrl": "assets/images/image.png",
    "correctVideo": "assets/videos/correct.mp4",
    "wrongVideo": "assets/videos/wrong.mp4",
    "previewVideo": "assets/videos/preview.mp4",
    "question": "რომელ ნახატზეა ნაჩვენები მოტოციკლის მძღოლის მიერ ხელით მიცემული დამუხრუჭების სიგნალი?",
    "answers": [
      "III",
      "II",
      "I"
    ]
  },
  {
    "id": 1191,
    "correctAnswer": 1,
    "imageUrl": "assets/images/image.png",
    "correctVideo": "assets/videos/correct.mp4",
    "wrongVideo": "assets/videos/wrong.mp4",
    "previewVideo": "assets/videos/preview.mp4",
    "question": "რომელ ნახატზეა ნაჩვენები ავტომობილის მძღოლის მიერ ხელით მიცემული დამუხრუჭების სიგნალი?",
    "answers": [
      "III",
      "I",
      "II"
    ]
  },
  {
    "id": 1192,
    "correctAnswer": 2,
    "imageUrl": "assets/images/image.png",
    "correctVideo": "assets/videos/correct.mp4",
    "wrongVideo": "assets/videos/wrong.mp4",
    "previewVideo": "assets/videos/preview.mp4",
    "question": "რომელ ნახატზეა ნაჩვენები ავტომობილის მძღოლის მიერ ხელით მიცემული მარჯვნივ მოხვევის სიგნალი?",
    "answers": [
      "I",
      "III",
      "II"
    ]
  },
  {
    "id": 1193,
    "correctAnswer": 0,
    "imageUrl": "assets/images/image.png",
    "correctVideo": "assets/videos/correct.mp4",
    "wrongVideo": "assets/videos/wrong.mp4",
    "previewVideo": "assets/videos/preview.mp4",
    "question": "რომელ ნახატზეა ნაჩვენები ავტომობილის მძღოლის მიერ ხელით მიცემული მარცხნივ მოხვევის ან მობრუნების სიგნალი?",
    "answers": [
      "III",
      "II",
      "I"
    ]
  },
  {
    "id": 1194,
    "correctAnswer": 1,
    "imageUrl": "assets/images/image.png",
    "correctVideo": "assets/videos/correct.mp4",
    "wrongVideo": "assets/videos/wrong.mp4",
    "previewVideo": "assets/videos/preview.mp4",
    "question": "თუ გზის არასაკმარისი სიგანე, პროფილი ან სავალი ნაწილის მდგომარეობა, შემხვედრი მოძრაობის ინტენსივობის გათვალისწინებით, არ იძლევა ნელმავალი ან დიდგაბარიტიანი სატრანსპორტო საშუალების ადვილად და უსაფრთხოდ გასწრების საშუალებას, ამ სატრანსპორტო საშუალების მძღოლმა:",
    "answers": [
      "მოცემული გზის მონაკვეთის სწრაფად გავლის მიზნით უნდა გაზარდოს სიჩქარე",
      "უნდა შეანელოს მოძრაობა და აუცილებლობის შემთხვევაში პირველივე შესაძლებლობისას დაუთმოს გზა მის უკან მოძრავ სატრანსპორტო საშუალებებს"
    ]
  },
  {
    "id": 1195,
    "correctAnswer": 1,
    "imageUrl": "assets/images/image.png",
    "correctVideo": "assets/videos/correct.mp4",
    "wrongVideo": "assets/videos/wrong.mp4",
    "previewVideo": "assets/videos/preview.mp4",
    "question": "თუ გზაჯვარედინზე მარჯვნივ მოხვევისთვის განკუთვნილი მოძრაობის ზოლი დანარჩენი სავალი ნაწილისგან გამოყოფილია ამაღლებული უსაფრთხოების კუნძულით და გზაჯვარედინის წინ მარჯვნივ შუქნიშანი არ არის, მარჯვნივ მოხვევა მძღოლს შეუძლია შეასრულოს გზაჯვარედინზე არსებული შუქნიშნის:",
    "answers": [
      "მოძრაობის ნებადამრთველი მაშუქი სიგნალის ჩართვის შემდეგ",
      "მაშუქი სიგნალებისაგან დამოუკიდებლად სხვა მიმართულებებიდან მოძრავი ყველა სატრანსპორტო საშუალების გზის დათმობით"
    ]
  },
  {
    "id": 1196,
    "correctAnswer": 0,
    "imageUrl": "assets/images/image.png",
    "correctVideo": "assets/videos/correct.mp4",
    "wrongVideo": "assets/videos/wrong.mp4",
    "previewVideo": "assets/videos/preview.mp4",
    "question": "სარკინიგზო გადასასვლელთან მიახლოებისას, აგრეთვე მასზე გავლისას, სატრანსპორტო საშუალების მძღოლი:",
    "answers": [
      "უნდა მოძრაობდეს ზომიერი სიჩქარით, ამასთან რკინიგზის ლიანდაგზე გადასვლისას მძღოლმა უნდა ისარგებლოს მხოლოდ რკინიგზის გადასასვლელით და გზა დაუთმოს მატარებელს (ლოკომოტივს, დრეზინას)",
      "ვალდებულია სწრაფად გაიაროს აღნიშნული გზის მონაკვეთი, ამასთან გადასასვლელის წინ სხვა სატრანსპორტო საშუალების დგომის შემთხვევაში, შემოუაროს მას საპირისპირო მოძრაობის ზოლზე გასვლით"
    ]
  },
  {
    "id": 1197,
    "correctAnswer": 2,
    "imageUrl": "assets/images/image.png",
    "correctVideo": "assets/videos/correct.mp4",
    "wrongVideo": "assets/videos/wrong.mp4",
    "previewVideo": "assets/videos/preview.mp4",
    "question": "დასახლებულ პუნქტებში, გასაჩერებელი პუნქტიდან გამოსვლისათვის, მოძრაობის განახლების განზრახვის შესახებ მოხვევის მაჩვენებლით მიცემული სიგნალის შემდეგ, სამარშრუტო სატრანსპორტო საშუალების მძღოლები ვალდებულნი არიან:",
    "answers": [
      "ისარგებლონ პრიორიტეტის უფლებით და დაუყოვნებლივ განაახლონ მოძრაობა, მიუხედავად გზაზე არსებული სიტუაციისა",
      "ჩართოს ახლო განათების ფარები და შემდეგ დაიწყონ მანევრის შესრულება",
      "მიიღონ საგზაო-სატრანსპორტო შემთხვევის თავიდან აცილებისათვის საჭირო სიფრთხილის ზომები და მოძრაობა დაიწყონ მხოლოდ მას შემდეგ, როცა დარწმუნდებიან, რომ სხვა სატრანსპორტო საშუალებები გზას უთმობენ"
    ]
  },
  {
    "id": 1198,
    "correctAnswer": 1,
    "imageUrl": "assets/images/image.png",
    "correctVideo": "assets/videos/correct.mp4",
    "wrongVideo": "assets/videos/wrong.mp4",
    "previewVideo": "assets/videos/preview.mp4",
    "question": "დასახლებულ პუნქტში სამარშუტო ავტობუსის მძღოლი იწყებს გასაჩერებელი პუნქტიდან გამოსვლას, მსუბუქი ავტომობილის მძღოლმა, უნდა:",
    "answers": [
      "როგორც უპირატესობის მქონემ, სიჩქარის შეუცვლელად გააგრძელოს მოძრაობა",
      "შეანელოს მოძრაობა და აუცილებლობის შემთხვევაში გაჩერდეს"
    ]
  },
  {
    "id": 1199,
    "correctAnswer": 1,
    "imageUrl": "assets/images/image.png",
    "correctVideo": "assets/videos/correct.mp4",
    "wrongVideo": "assets/videos/wrong.mp4",
    "previewVideo": "assets/videos/preview.mp4",
    "question": "რომელი ავტომობილის მძღოლს წარმოექმნება გზის დათმობის ვალდებულება, დაუსახლებელ პუნქტში ისრის მიმართულებით მოძრაობის შემთხვევაში, თუ სამარშრუტი სატრანსპორტო საშუალების მძღოლი იწყებს გამოსვლას გასაჩერებელი პუნქტიდან?",
    "answers": [
      "მსუბუქი ავტომობილის მძღოლს",
      "სამარშრუტი სატრანსპორტო საშუალების მძღოლს"
    ]
  },
  {
    "id": 1200,
    "correctAnswer": 1,
    "imageUrl": "assets/images/image.png",
    "correctVideo": "assets/videos/correct.mp4",
    "wrongVideo": "assets/videos/wrong.mp4",
    "previewVideo": "assets/videos/preview.mp4",
    "question": "მოცემულ სიტუაციაში, აქვს თუ არა მსუბუქი ავტომობილის მძღოლს შეუჩერებლად მოძრაობის გაგრძელების უფლება?",
    "answers": [
      "აქვს უფლება",
      "არ აქვს უფლება"
    ]
  },
  {
    "id": 1201,
    "correctAnswer": 1,
    "imageUrl": "assets/images/image.png",
    "correctVideo": "assets/videos/correct.mp4",
    "wrongVideo": "assets/videos/wrong.mp4",
    "previewVideo": "assets/videos/preview.mp4",
    "question": "რომელი გაჩერებული ავტომობილის მძღოლს ენიჭება უპირატესობა ისრის მიმართულებით მოძრაობის დაწყების შემთხვევაში, თუ სამარშრუტო ავტობუსის მძღოლი დასახლებულ პუნქტში იწყებს მოძრაობას მონიშნული გაჩერებიდან?",
    "answers": [
      "მსუბუქი ავტომობილის მძღოლს",
      "ავტობუსის მძღოლს"
    ]
  },
  {
    "id": 1202,
    "correctAnswer": 0,
    "imageUrl": "assets/images/image.png",
    "correctVideo": "assets/videos/correct.mp4",
    "wrongVideo": "assets/videos/wrong.mp4",
    "previewVideo": "assets/videos/preview.mp4",
    "question": "თუ უმოქმედო სამუხრუჭო სისტემის მქონე მექანიკური სატრანსპორტო საშუალების ფაქტობრივი მასა, მობუქსირე სატრანსპორტო საშუალების ფაქტობრივი მასის ნახევარს აღემატება, მისი ბუქსირება:",
    "answers": [
      "აკრძალულია",
      "დასაშვებია"
    ]
  },
  {
    "id": 1203,
    "correctAnswer": 2,
    "imageUrl": "assets/images/image.png",
    "correctVideo": "assets/videos/correct.mp4",
    "wrongVideo": "assets/videos/wrong.mp4",
    "previewVideo": "assets/videos/preview.mp4",
    "question": "დღე-ღამის ნებისმიერ პერიოდში საბუქსირო მექანიკურ სატრანსპორტო საშუალებას ჩართული უნდა ჰქონდეს:",
    "answers": [
      "საგაბარიტო სინათლეები",
      "ახლო განათების ფარები",
      "საავარიო შუქსიგნალიზაცია"
    ]
  },
  {
    "id": 1204,
    "correctAnswer": 3,
    "imageUrl": "assets/images/image.png",
    "correctVideo": "assets/videos/correct.mp4",
    "wrongVideo": "assets/videos/wrong.mp4",
    "previewVideo": "assets/videos/preview.mp4",
    "question": "მოცემულ სიტუაციაში, რამდენ საგზაო მოძრაობის წესს არღვევს ისრის მიმართულებით მოძრავი მობუქსირე სატვირთო ავტომობილის მძღოლი, თუ იგი მოძრაობს 70 კმ/სთ სიჩქარით?",
    "answers": [
      "არცერთს",
      "ერთს",
      "ორს",
      "სამს"
    ]
  },
  {
    "id": 1205,
    "correctAnswer": 1,
    "imageUrl": "assets/images/image.png",
    "correctVideo": "assets/videos/correct.mp4",
    "wrongVideo": "assets/videos/wrong.mp4",
    "previewVideo": "assets/videos/preview.mp4",
    "question": "თუ საგზაო მოძრაობის ორგანიზებით სხვა რამ არ არის გათვალისწინებული ორი ან სამი სავალი ნაწილის მქონე გზაზე, სატრანსპორტო საშუალების მძღოლს ეკრძალება:",
    "answers": [
      "თანხვედრი მიმართულების მოძრაობის მხარის სავალ ნაწილზე მოძრაობის ზოლის შეცვლა",
      "საპირისპირო მიმართულების მოძრაობის მხარის სავალ ნაწილზე გასვლა"
    ]
  },
  {
    "id": 1206,
    "correctAnswer": 0,
    "imageUrl": "assets/images/image.png",
    "correctVideo": "assets/videos/correct.mp4",
    "wrongVideo": "assets/videos/wrong.mp4",
    "previewVideo": "assets/videos/preview.mp4",
    "question": "მძღოლმა, რომელსაც განზრახული აქვს რაიმე მანევრის შესრულება, ეს მანევრი უნდა დაიწყოს მხოლოდ მას შემდეგ, რაც დარწმუნდება, რომ:",
    "answers": [
      "არ შეუქმნის საფრთხეს მის უკან, წინ და გვერდით როგორც თანხვედრი, ისე საპირისპირო მიმართულებით მოძრავ საგზაო მოძრაობის მონაწილეებს, მათი მდებარეობის, მოძრაობის მიმართულებისა და სიჩქარის გათვალისწინებით",
      "არ შეუქმნის საფრთხეს მხოლოდ მის უკან ან გვერდზე მოძრავ სატრანსპორტო საშუალებებს, მათი მდებარეობის, მოძრაობის მიმართულებისა და სიჩქარის გათვალისწინებით"
    ]
  },
  {
    "id": 1207,
    "correctAnswer": 0,
    "imageUrl": "assets/images/image.png",
    "correctVideo": "assets/videos/correct.mp4",
    "wrongVideo": "assets/videos/wrong.mp4",
    "previewVideo": "assets/videos/preview.mp4",
    "question": "ჩამოთვლილთაგან რომელ ადგილზე არ არის აკრძალული სატრანსპორტო საშუალების მობრუნება:",
    "answers": [
      "გზაჯვარედინზე",
      "ხიდზე, გზაგამტარზე, ესტაკადაზე და მათ ქვეშ",
      "რკინიგზის გადასასვლელზე",
      "გვირაბში"
    ]
  },
  {
    "id": 1208,
    "correctAnswer": 3,
    "imageUrl": "assets/images/image.png",
    "correctVideo": "assets/videos/correct.mp4",
    "wrongVideo": "assets/videos/wrong.mp4",
    "previewVideo": "assets/videos/preview.mp4",
    "question": "თუ თქვენი სატრანსპორტო საშუალების წინ მიმავალი სატვირთო ავტომობილის მძღოლი აპირებს მარჯვნივ შეუხვიოს ვიწრო სავალი ნაწილის მქონე ქუჩაზე, თქვენ უნდა გაითვალისწინოთ:",
    "answers": [
      "მხოლოდ გარემოება, რომ სატრანსპორტო საშუალების დიდი მოხვევის რადიუსის გამო ის უშუალოდ მოსახვევის წინ შეიძლება გადაადგილდეს მარცხნივ",
      "მხოლოდ გარემოება, რომ ის მკვეთრად შეამცირებს სიჩქარეს",
      "მხოლოდ გარემოება, რომ ქვეითებისათვის გზის დათმობის გამო ის შეიძლება გაჩერდეს მოხვევის შესრულების დროს",
      "რომ შეიძლება წარმოიშვას ამ ბილეთში ჩამოთვლილი ნებისმიერი გარემოება"
    ]
  }
]