[
  {
    "id": 8251,
    "correctAnswer": 3,
    "imageUrl": "assets/images/image.png",
    "correctVideo": "assets/videos/correct_19.mp4",
    "wrongVideo": "assets/videos/wrong_19.mp4",
    "previewVideo": "assets/videos/preview_19.mp4",
    "question": "საგზაო-სატრანსპორტო შემთხვევის შედეგად დაშავებულის მდგომარეობის შეფასების მიზნით უპირველესად საჭიროა:",
    "answers": [
      "1\nმხოლოდ სასუნთქი გზების გახსნა და სუნთქის კონტროლი",
      "2\nმხოლოდ ცნობიერების შემოწმება",
      "3\nმხოლოდ საძილე არტერიაზე პულსაციის შემოწმება",
      "4\nროგორც სასუნთქი გზების გახსნა და სუნთქის კონტროლი, ასევე საძილე არტერიაზე პულსაციისა და ცნობიერების შემოწმება"
    ]
  },
  {
    "id": 8252,
    "correctAnswer": 2,
    "imageUrl": "assets/images/image.png",
    "correctVideo": "assets/videos/correct_19.mp4",
    "wrongVideo": "assets/videos/wrong_19.mp4",
    "previewVideo": "assets/videos/preview_19.mp4",
    "question": "თუ საგზაო-სატრანსპორტო შემთხვევის შედეგად დაშავებულს აღენიშნება კანის მე-2 ხარისხის დამწვრობა (კანის ქსოვილის დარღვევა და მოწითალო შეფერილობა, დამწვრობის ადგილზე სითხით შევსებული ბუშტების წარმოქმნა, ძლიერი ტკივილი) პირველადი სამედიცინო დახმარების აღმოჩენის მიზნით მას უნდა:",
    "answers": [
      "1\nდამწვარი ზედაპირი გადავურეცხოთ ცივი წყლით, დავუმუშაოთ იოდის ხსნარით, დავადოთ ბაქტერიციდული ან სუფთა საფენი, შევუხვიოთ ბინტით",
      "2\nგავუხსნათ ბუშტები, გავუსუფთაოთ დამწვარი ზედაპირი ტანსაცმლის ნარჩენებიდან, დავადოთ ბაქტერიციდული ან სუფთა საფენი, დაშავებულს დავალევინოთ წყალი",
      "3\nბუშტები არ გავუხსნათ, ტანსაცმლის ნარჩენები დამწვარი ზედაპირიდან არ მოვაცილოთ, ჭრილობაზე დავადოთ სტერილური საფენი, ბინტით არ შევუხვიოთ, მივადოთ ყინული ან ცივი საფენი, მივცეთ ტკივილგამაყუჩებელი საშუალება (თუ დაშავებულს მის მიმართ ალერგია არ გააჩნია) და დაშავებულს დავალევინოთ წყალი"
    ]
  },
  {
    "id": 8253,
    "correctAnswer": 2,
    "imageUrl": "assets/images/image.png",
    "correctVideo": "assets/videos/correct_19.mp4",
    "wrongVideo": "assets/videos/wrong_19.mp4",
    "previewVideo": "assets/videos/preview_19.mp4",
    "question": "თუ საგზაო-სატრანსპორტო შემთხვევის შედეგად დაშავებულს არ აღენიშნება სუნთქვა და პულსაცია საძილე არტერიაზე, პირველადი სამედიცინო დახმარების აღმოჩენის მიზნით, მას უნდა ჩაუტარდეს:",
    "answers": [
      "1\nმხოლოდ ხელოვნური სუნთქვა",
      "2\nმხოლოდ გულის არაპირდაპირი მასაჟი",
      "3\nროგორც ხელოვნური სუნთქვა, ასევე გულის არაპირდაპირი მასაჟი"
    ]
  },
  {
    "id": 8254,
    "correctAnswer": 0,
    "imageUrl": "assets/images/image.png",
    "correctVideo": "assets/videos/correct_19.mp4",
    "wrongVideo": "assets/videos/wrong_19.mp4",
    "previewVideo": "assets/videos/preview_19.mp4",
    "question": "თუ საგზაო-სატრანსპორტო შემთხვევის შედეგად დაშავებულს არ აღენიშნება სუნთქვა, მაგრამ აღენიშნება პულსაცია საძილე არტერიაზე, მას უნდა ჩაუტარდეს:",
    "answers": [
      "1\nმხოლოდ ხელოვნური სუნთქვა",
      "2\nმხოლოდ გულის არაპირდაპირი მასაჟი",
      "3\nროგორც ხელოვნური სუნთქვა, ასევე გულის არაპირდაპირი მასაჟი"
    ]
  },
  {
    "id": 8255,
    "correctAnswer": 0,
    "imageUrl": "assets/images/image.png",
    "correctVideo": "assets/videos/correct_19.mp4",
    "wrongVideo": "assets/videos/wrong_19.mp4",
    "previewVideo": "assets/videos/preview_19.mp4",
    "question": "თუ არსებობს ეჭვი საგზაო-სატრანსპორტო შემთხვევის შედეგად დაშავებულის კისრის ან ხერხემლის დაზიანების შესახებ და მის სიცოცხლეს საფრთხე ემუქრება, როგორ უნდა მოხდეს დაშავებულის გადათრევით გადაადგილება დამხმარეს გარეშე (ერთი ადამიანის მიერ)?",
    "answers": [
      "1\nმჯდომარე პოზიციაში დაშავებულს ზურგიდან მკლავები მხრებქვეშ უნდა შევუცუროთ, დავაფიქსიროთ ქვედა ყბა და კისერი და ისე გადათრევით გადავაადგილოთ უკან",
      "2\nმჯდომარე პოზიციაში დაშავებულს ჩავუდგეთ ფეხებს შორის მკლავები მხრებქვეშ უნდა შევუცუროთ და ზურგზე ერთმანეთს ჩავჭიდოთ. ავწიეთ ფეხებით და დაშავებული გადათრევით გადავაადგილოთ უკან"
    ]
  },
  {
    "id": 8256,
    "correctAnswer": 2,
    "imageUrl": "assets/images/image.png",
    "correctVideo": "assets/videos/correct_19.mp4",
    "wrongVideo": "assets/videos/wrong_19.mp4",
    "previewVideo": "assets/videos/preview_19.mp4",
    "question": "თუ საგზაო-სატრანსპორტო შემთხვევის შედეგად დაშავებულს მუცლის არეში აღენიშნება ჭრილობა, მისი ტრანსპორტირება უნდა მოხდეს:",
    "answers": [
      "1\nგვერდზე დაწოლილ მდგომარეობაში მუხლებში მოხრილი ფეხებით",
      "2\nნახევრად მჯდომარე მდგომარეობაში გამართული ფეხებით",
      "3\nზურგზე დაწოლილ მდგომარეობაში მუხლებში მოხრილი ფეხებით",
      "4\nმჯდომარე მდგომარეობაში"
    ]
  },
  {
    "id": 8257,
    "correctAnswer": 2,
    "imageUrl": "assets/images/image.png",
    "correctVideo": "assets/videos/correct_19.mp4",
    "wrongVideo": "assets/videos/wrong_19.mp4",
    "previewVideo": "assets/videos/preview_19.mp4",
    "question": "თუ საგზაო-სატრანსპორტო შემთხვევის შედეგად დაშავებული გულწასულია, პირველადი სამედიცინო დახმარების აღმოჩენის მიზნით იგი უნდა:",
    "answers": [
      "1\nდავაწვინოთ გვერდზე მოხრილი ფეხებით",
      "2\nდავაწვინოთ ზურგზე, ამოვუდოთ თავქვეშ ბალიში, ვასუნთქოთ ნიშადურის სპირტი",
      "3\nდავაწვინოთ ზურგზე, ფეხები წამოუწიოთ. ვასუნთქოთ ნიშადურის სპირტი, საფეთქლები დავუზილოთ ადეკოლონით (ან სხვა სპირტის შემცველი სითხით)"
    ]
  },
  {
    "id": 8258,
    "correctAnswer": 1,
    "imageUrl": "assets/images/image.png",
    "correctVideo": "assets/videos/correct_19.mp4",
    "wrongVideo": "assets/videos/wrong_19.mp4",
    "previewVideo": "assets/videos/preview_19.mp4",
    "question": "საგზაო-სატრანსპორტო შემთხვევის შედეგად დაშავებულის თავის ტვინის შერყევის შემთხვევაში, მისი ტრანსპორტირება უნდა განხორციელდეს:",
    "answers": [
      "1\nზურგზე დაწოლილ მდგომარეობაში, ამასთან უნდა ამოვუდოთ ბალიში კისრისა და წელის არეში",
      "2\nგვერდზე დაწოლილ მდგომარეობაში"
    ]
  },
  {
    "id": 8259,
    "correctAnswer": 2,
    "imageUrl": "assets/images/image.png",
    "correctVideo": "assets/videos/correct_19.mp4",
    "wrongVideo": "assets/videos/wrong_19.mp4",
    "previewVideo": "assets/videos/preview_19.mp4",
    "question": "თუ საგზაო-სატრანსპორტო შემთხვევის შედეგად დაშავებულს აღენიშნება გულმკერდის გამჭოლი ჭრილობა მისი ტრანსპორტირება უნდა განხორციელდეს:",
    "answers": [
      "1\nმუცელზე დაწოლილ მდგომარეობაში",
      "2\nზურგზე დაწოლილ მდგომარეობაში",
      "3\nჯანმრთელ გვერდზე დაწოლილ ან ნახევრადმჯდომარე მდგომარეობაში"
    ]
  },
  {
    "id": 8260,
    "correctAnswer": 0,
    "imageUrl": "assets/images/image.png",
    "correctVideo": "assets/videos/correct_19.mp4",
    "wrongVideo": "assets/videos/wrong_19.mp4",
    "previewVideo": "assets/videos/preview_19.mp4",
    "question": "ერთი ხელის დაშავების შემთხვევაში საგზაო-სატრანსპორტო შემთხვევის შედეგად დაშავებულს პიჯაკი ან პერანგი უნდა გავხადოთ:",
    "answers": [
      "1\nჯერ ჯანსაღ, ხოლო შემდეგ დაშავებულ ხელზე",
      "2\nჯერ დაშავებულ, ხოლო შემდეგ ჯანსაღ ხელზე",
      "3\nერთდროულად ორივე ხელზე"
    ]
  },
  {
    "id": 8270,
    "correctAnswer": 2,
    "imageUrl": "assets/images/image.png",
    "correctVideo": "assets/videos/correct_19.mp4",
    "wrongVideo": "assets/videos/wrong_19.mp4",
    "previewVideo": "assets/videos/preview_19.mp4",
    "question": "ტრამვული შოკის დროს პირველადი სამედიცინო დახმარების აღმოჩენის მიზნით, საგზაო-სატრანსპორტო შემთხვევის შედეგად დაშავებულს უნდა:",
    "answers": [
      "1\nმივცეთ ტკივილგამაყუჩებელი საშუალება, დავაწვინოთ ზურგზე, თავქვეშ ამოვუდოთ მჭიდროდ დახვეული საფენი ან ტანსაცმელი",
      "2\nგავხადოთ ტანსაცმელი, მივცეთ ტკივილგამაყუჩებელი საშუალება, შუბლზე დავადოთ ცივი საფენები",
      "3\nაუცილებლობის შემთხვევაში შევაჩეროთ სისხლდენა, დავაფაროთ სათბურები; თუ არ ვეჭვობთ მუცლის ღრუს შიდა ორგანოების დაზიანებას, დავალევინოთ თბილი სასმელი"
    ]
  },
  {
    "id": 8271,
    "correctAnswer": 0,
    "imageUrl": "assets/images/image.png",
    "correctVideo": "assets/videos/correct_19.mp4",
    "wrongVideo": "assets/videos/wrong_19.mp4",
    "previewVideo": "assets/videos/preview_19.mp4",
    "question": "საგზაო-სატრანსპორტო შემთხვევის შედეგად დაშავებულის მსხვილი არტერიიდან სისხლდენის დამახასითებელი ნიშნებია:",
    "answers": [
      "1\nტანსაცმელი გაჟღენთილია ალისფერი სისხლით, რომელიც ჭრილობიდან გამოედინება პულსირებული ნაკადით",
      "2\nტანსაცმელი სწრაფად იჟღინთება მუქი ფერის სისხლით, რომელიც ჭრილობიდან გამოედინება სუსტი ნაკადით",
      "3\nტანსაცმელი გაჟღენთილია სისხლით მხოლოდ ჭრილობის ადგილზე, რომელიც ჭრილობიდან გამოედინება სუსტი ნაკადით"
    ]
  },
  {
    "id": 8272,
    "correctAnswer": 1,
    "imageUrl": "assets/images/image.png",
    "correctVideo": "assets/videos/correct_19.mp4",
    "wrongVideo": "assets/videos/wrong_19.mp4",
    "previewVideo": "assets/videos/preview_19.mp4",
    "question": "საგზაო-სატრანსპორტო შემთხვევის შედეგად დაშავებულის ჭრილობიდან ვენური სისხლდენის დამახასითებელი ნიშნებია:",
    "answers": [
      "1\nტანსაცმელი გაჟღენთილია ალისფერი სისხლით, რომელიც ჭრილობიდან გამოედინება პულსირებული ნაკადით",
      "2\nტანსაცმელი ნელა იჟღინთება მუქი ფერის სისხლით, რომელიც ჭრილობიდან გამოედინება სუსტი ნაკადით"
    ]
  },
  {
    "id": 8273,
    "correctAnswer": 0,
    "imageUrl": "assets/images/image.png",
    "correctVideo": "assets/videos/correct_19.mp4",
    "wrongVideo": "assets/videos/wrong_19.mp4",
    "previewVideo": "assets/videos/preview_19.mp4",
    "question": "საგზაო-სატრანსპორტო შემთხვევის შედეგად დაშავებულის კიდურების დაზიანების შემთხვევაში არტერიული სისხლდენის შემაჩერებელი ლახტი უნდა დავადოთ ჭრილობის:",
    "answers": [
      "1\nადგილის ზემოთ",
      "2\nადგილის ქვემოთ",
      "3\nადგილზე"
    ]
  },
  {
    "id": 8274,
    "correctAnswer": 1,
    "imageUrl": "assets/images/image.png",
    "correctVideo": "assets/videos/correct_19.mp4",
    "wrongVideo": "assets/videos/wrong_19.mp4",
    "previewVideo": "assets/videos/preview_19.mp4",
    "question": "არტაშანის დასამზადებელი მასალის არარსებობისას საგზაო-სატრანსპორტო შემთხვევის შედეგად დაშავებულის ფეხის ძვლის მოტეხილობის შემთხვევაში, მას უნდა:",
    "answers": [
      "1\nდაშავებული ფეხის მთელ სიგრძეზე დავადოთ ბინტის სახვევი",
      "2\nდაშავებული და ჯანმრთელი ფეხი დავუმაგროთ ერთმანეთს ბინტის სახვევის გამოყენებით, ამასთან აუცილებელია ფეხებს შორის ჩავუდოთ რბილი ქსოვილი"
    ]
  },
  {
    "id": 8275,
    "correctAnswer": 0,
    "imageUrl": "assets/images/image.png",
    "correctVideo": "assets/videos/correct_19.mp4",
    "wrongVideo": "assets/videos/wrong_19.mp4",
    "previewVideo": "assets/videos/preview_19.mp4",
    "question": "საგზაო-სატრანსპორტო შემთხვევის შედეგად დაშავებულის მენჯისა და ბარძაყის ძვლის მოტეხილობის შემთხვევაში „სასწრაფო სამედიცინო დახმარების“ მოსვლამდე, იგი უნდა:",
    "answers": [
      "1\nდავაწვინოთ ზურგზე მუხლებქვეშ ამოვუდოთ მჭიდროდ დახვეული საფენი ან ტანსაცმელი, მივცეთ ტკივილგამაყუჩებელი საშუალება",
      "2\nდავაწვინოთ გვერდზე დაუზიანებელ მხარეს, დავადოთ დაშავებულ ადგილზე ცივი საფენი, მივცეთ ტკივილგამაყუჩებელი საშუალება"
    ]
  },
  {
    "id": 8276,
    "correctAnswer": 2,
    "imageUrl": "assets/images/image.png",
    "correctVideo": "assets/videos/correct_19.mp4",
    "wrongVideo": "assets/videos/wrong_19.mp4",
    "previewVideo": "assets/videos/preview_19.mp4",
    "question": "რომელ შემთხვევაშია მიზანშეწონილი საგზაო-სატრანსპორტო შემთხვევის შედეგად დაშავებულის ავტომობილის კაბინიდან გადმოყვანა?",
    "answers": [
      "1\nყოველთვის დაშავებულის გონების დაკარგვის შემთხვევაში",
      "2\nდაშავებულის ქვედა კიდურების მოტეხილობის შემთხვევაში",
      "3\nროცა დაშავებულს გონება აქვს დაკარგული და არ აღენიშნება სუნთქვა და პულსაცია საძილე არტერიაზე"
    ]
  },
  {
    "id": 8277,
    "correctAnswer": 1,
    "imageUrl": "assets/images/image.png",
    "correctVideo": "assets/videos/correct_19.mp4",
    "wrongVideo": "assets/videos/wrong_19.mp4",
    "previewVideo": "assets/videos/preview_19.mp4",
    "question": "საგზაო-სატრანსპორტო შემთხვევის შედეგად დაშავებულის ზურგის ტვინის დაუზიანებლად კისრის ხერხემლის მალების ტრავმების სიმპტომებია:",
    "answers": [
      "1\nდაშავებული ვერ ამოძრავებს ზედა კიდურებს, სუნთქვა უძნელდება",
      "2\nდაშავებულს კისრისა და ზურგის არეში აქვს ტკივილი, რომელიც მატულობს ხელით შეხებისას"
    ]
  },
  {
    "id": 8278,
    "correctAnswer": 3,
    "imageUrl": "assets/images/image.png",
    "correctVideo": "assets/videos/correct_19.mp4",
    "wrongVideo": "assets/videos/wrong_19.mp4",
    "previewVideo": "assets/videos/preview_19.mp4",
    "question": "თუ საგზაო-სატრანსპორტო შემთხვევის შედეგად დაშავებულს დაზიანებული აქვს კისერი ან ხერხემალი ან არსებობს ეჭვი მათი დაზიანების შესახებ, არ შეიძლება:",
    "answers": [
      "1\nმხოლოდ დაშავებულისთვის თავისა და კისრის მოძრაობა",
      "2\nმხოლოდ დაშავებულის ჭრილობაზე შეხება",
      "3\nმხოლოდ დაშავებულისათვის ძვლის ნამსხვრევების ჩასწორება და უცხო სხეულების მოცილება",
      "4\nროგორც დაშავებულისთვის თავისა და კისრის მოძრაობა, ასევე მის ჭრილობაზე შეხება, ძვლის ნამსხვრევების ჩასწორება და უცხო სხეულების მოცილება"
    ]
  },
  {
    "id": 8279,
    "correctAnswer": 1,
    "imageUrl": "assets/images/image.png",
    "correctVideo": "assets/videos/correct_19.mp4",
    "wrongVideo": "assets/videos/wrong_19.mp4",
    "previewVideo": "assets/videos/preview_19.mp4",
    "question": "თუ საგზაო-სატრანსპორტო შემთხვევის შედეგად დაშავებულს დაზიანებული აქვს ხერხემალი, იგი უნდა:",
    "answers": [
      "1\nდავაწვინოთ გვერდზე, სწორ და მაგარ ზედაპირზე, ამოვუდოთ ბალიში თავქვეშ",
      "2\nდავაწვინოთ ზურგზე, სწორ და მაგარ ზედაპირზე და ამოვუდოთ ბალიში კისრისა და წელის არეში"
    ]
  },
  {
    "id": 8270,
    "correctAnswer": 1,
    "imageUrl": "assets/images/image.png",
    "correctVideo": "assets/videos/correct_19.mp4",
    "wrongVideo": "assets/videos/wrong_19.mp4",
    "previewVideo": "assets/videos/preview_19.mp4",
    "question": "თუ საგზაო-სატრანსპორტო შემთხვევის შედეგად დაშავებულს აღენიშნება ხერხემლის დაზიანება მისი ტრანსპორტირება უნდა განხორციელდეს:",
    "answers": [
      "1\nგვერდზე მწოლიარე მდგომარეობაში, სწორ და მაგარ ზედაპირზე",
      "2\nზურგზე მწოლიარე მდგომარეობაში, სწორ და მაგარ ზედაპირზე",
      "3\nმჯდომარე მდგომარეობაში, სწორ და მაგარ ზედაპირზე"
    ]
  },
  {
    "id": 8271,
    "correctAnswer": 2,
    "imageUrl": "assets/images/image.png",
    "correctVideo": "assets/videos/correct_19.mp4",
    "wrongVideo": "assets/videos/wrong_19.mp4",
    "previewVideo": "assets/videos/preview_19.mp4",
    "question": "არტერიული სისხლდენის დროს სიცოცხლისათვის საშიში სისხლის რაოდენობა შეიძლება დაიკარგოს:",
    "answers": [
      "1\n2-5 წთ-ის განმავლობაში",
      "2\n5-10 წთ-ის განმავლობაში",
      "3\n10-15 წთ-ის შემდეგ"
    ]
  },
  {
    "id": 8272,
    "correctAnswer": 1,
    "imageUrl": "assets/images/image.png",
    "correctVideo": "assets/videos/correct_19.mp4",
    "wrongVideo": "assets/videos/wrong_19.mp4",
    "previewVideo": "assets/videos/preview_19.mp4",
    "question": "საგზაო-სატრანსპორტო შემთხვევის შედეგად დაშავებულის კანის საფარველისა და კუნთოვანი ქსოვილის დაზიანების შემთხვევაში, პირველადი სამედიცინო დახმარების აღმოჩენის მიზნით, მას უნდა:",
    "answers": [
      "1\nჭრილობაზე მოესხას იოდის ხსნარი",
      "2\nჭრილობა გარშემო დამუშავდეს იოდის ხსნარით და დაედოს ბაქტერიციდული საფენი (მისი არ ქონის შემთხვევაში დაედოს სუფთა საფენი)",
      "3\nკუნთოვანი ქსოვილი გათავისუფლდეს უცხო სხეულებისაგან და დაედოს ბაქტერიციდული საფენი"
    ]
  },
  {
    "id": 8273,
    "correctAnswer": 1,
    "imageUrl": "assets/images/image.png",
    "correctVideo": "assets/videos/correct_19.mp4",
    "wrongVideo": "assets/videos/wrong_19.mp4",
    "previewVideo": "assets/videos/preview_19.mp4",
    "question": "როგორი სახის სახვევი გამოიყენება საგზაო-სატრანსპორტო შემთხვევის შედეგად დაშავებულის წვივ-ტერფის სახსრის დაზიანებისას?",
    "answers": [
      "1\nთავთავისებური",
      "2\nრვიანისებური",
      "3\nშურდულისებური"
    ]
  },
  {
    "id": 8274,
    "correctAnswer": 0,
    "imageUrl": "assets/images/image.png",
    "correctVideo": "assets/videos/correct_19.mp4",
    "wrongVideo": "assets/videos/wrong_19.mp4",
    "previewVideo": "assets/videos/preview_19.mp4",
    "question": "თუ საგზაო-სატრანსპორტო შემთხვევის შედეგად დაშავებულს აღენიშნება ლავიწის ძვლის მოტეხილობა მისი ტრანსპორტირება უნდა განხორციელდეს:",
    "answers": [
      "1\nმჯდომარე მდგომარეობაში",
      "2\nგვერდზე მწოლიარე მდგომარეობაში",
      "3\nზურგზე მწოლიარე მდგომარეობაში",
      "4\nმუცელზე მწოლიარე მდგომარეობაში"
    ]
  },
  {
    "id": 8275,
    "correctAnswer": 1,
    "imageUrl": "assets/images/image.png",
    "correctVideo": "assets/videos/correct_19.mp4",
    "wrongVideo": "assets/videos/wrong_19.mp4",
    "previewVideo": "assets/videos/preview_19.mp4",
    "question": "საგზაო-სატრანსპორტო შემთხვევის შედეგად დაშავებულის თავის ქალისა და ტვინის დაზიანების გამო გონების დაკარგვის შემთხვევაში, იგი უნდა:",
    "answers": [
      "1\nდავსვათ",
      "2\nდავაწვინოთ გვერდზე",
      "3\nდავაწვინოთ ზურგზე"
    ]
  },
  {
    "id": 8276,
    "correctAnswer": 2,
    "imageUrl": "assets/images/image.png",
    "correctVideo": "assets/videos/correct_19.mp4",
    "wrongVideo": "assets/videos/wrong_19.mp4",
    "previewVideo": "assets/videos/preview_19.mp4",
    "question": "საგზაო-სატრანსპორტო შემთხვევის შედეგად დაშავებულს გოგირდის მჟავით დაზიანებული კანის უბნები უნდა:",
    "answers": [
      "1\nგაეწმინდოს სპირტით",
      "2\nდაუმუშავდეს იოდის ხსნარით",
      "3\nგადაერეცხოს წყლის უხვი რაოდენობით"
    ]
  },
  {
    "id": 8277,
    "correctAnswer": 0,
    "imageUrl": "assets/images/image.png",
    "correctVideo": "assets/videos/correct_19.mp4",
    "wrongVideo": "assets/videos/wrong_19.mp4",
    "previewVideo": "assets/videos/preview_19.mp4",
    "question": "საგზაო-სატრანსპორტო შემთხვევის შედეგად დაშავებულს წვივის ძვლების მოტეხილობის დროს დაზიანებულ ფეხზე არტაშანი უნდა დაედოს:",
    "answers": [
      "1\nორივე მხრიდან ტერფიდან შუა ბარძაყამდე",
      "2\nგარე მხრიდან ტერფიდან მენჯამდე"
    ]
  },
  {
    "id": 8278,
    "correctAnswer": 0,
    "imageUrl": "assets/images/image.png",
    "correctVideo": "assets/videos/correct_19.mp4",
    "wrongVideo": "assets/videos/wrong_19.mp4",
    "previewVideo": "assets/videos/preview_19.mp4",
    "question": "აუცილებელია თუ არა საგზაო-სატრანსპორტო შემთხვევის შედეგად დაშავებულის კიდურებზე სისხლდენის შემჩერებელი ლახტის დადების ზუსტი დროის აღნიშვნა?",
    "answers": [
      "1\nაუცილებელია",
      "2\nარ არის აუცილებელი"
    ]
  },
  {
    "id": 8279,
    "correctAnswer": 1,
    "imageUrl": "assets/images/image.png",
    "correctVideo": "assets/videos/correct_19.mp4",
    "wrongVideo": "assets/videos/wrong_19.mp4",
    "previewVideo": "assets/videos/preview_19.mp4",
    "question": "საგზაო-სატრანსპორტო შემთხვევის შედეგად დაშავებულის წვივის ძვლის დაზიანების შემთხვევაში არტერიული სისხლდენის შემაჩერებელი ლახტი უნდა დავადოთ:",
    "answers": [
      "1\nწვივზე, ჭრილობის ზემოთ",
      "2\nბარძაყზე"
    ]
  },
  {
    "id": 8280,
    "correctAnswer": 0,
    "imageUrl": "assets/images/image.png",
    "correctVideo": "assets/videos/correct_19.mp4",
    "wrongVideo": "assets/videos/wrong_19.mp4",
    "previewVideo": "assets/videos/preview_19.mp4",
    "question": "თუ საგზაო-სატრანსპორტო შემთხვევის შედეგად დაშავებული არ სუნთქავს, მაგრამ აღენიშნება პულსი საძილე არტერიაზე, რამდენ ხანში ერთხელ უნდა შემოწმდეს პულსი?",
    "answers": [
      "1\nყოველ 2 წუთში",
      "2\nყოველ 5 წუთში",
      "3\nყოველ 6 წუთში"
    ]
  },
  {
    "id": 8281,
    "correctAnswer": 0,
    "imageUrl": "assets/images/image.png",
    "correctVideo": "assets/videos/correct_19.mp4",
    "wrongVideo": "assets/videos/wrong_19.mp4",
    "previewVideo": "assets/videos/preview_19.mp4",
    "question": "ვალდებულია თუ არა საგზაო-სატრანსპორტო შემთხვევაში მონაწილე მძღოლი გაუწიოს პირველადი სამედიცინო დახმარება ავარიის შედეგად დაშავებულ პირს?",
    "answers": [
      "1\nვალდებულია",
      "2\nმხოლოდ იმ შემთხვევაში არ არის ვალდებული, თუ უზრუნველყოფს სასწრაფო სამედიცინო დახმარების გამოძახებას",
      "3\nმხოლოდ იმ შემთხვევაში ვალდებულია, თუ იგი ექიმია",
      "4\nარ არის ვალდებული"
    ]
  },
  {
    "id": 8282,
    "correctAnswer": 1,
    "imageUrl": "assets/images/image.png",
    "correctVideo": "assets/videos/correct_19.mp4",
    "wrongVideo": "assets/videos/wrong_19.mp4",
    "previewVideo": "assets/videos/preview_19.mp4",
    "question": "თუ არსებობს სამკურნალო დაწესებულებაში ავარიის შედეგად დაშავებულების გადაყვანის გადაუდებელი აუცილებლობა, საგზაო-სატრანსპორტო შემთხვევაში მონაწილე მძღოლი ვალდებულია:",
    "answers": [
      "1\nშემთხვევის ადგილზე დაელოდოს საპატრულო პოლიციის უფლებამოსილ პირს და მხოლოდ მისი ნებართვის შემთხვევაში გადაიყვანოს დაშავებული სამკურნალო დაწესებულებაში",
      "2\nგაგზავნოს დაშავებული უახლოეს სამკურნალო დაწესებულებაში გზად მიმავალი სხვა სატრანსპორტო საშუალებით და თუ ეს შეუძლებელია, თავად განახორციელოს აღნიშნული"
    ]
  },
  {
    "id": 8283,
    "correctAnswer": 2,
    "imageUrl": "assets/images/image.png",
    "correctVideo": "assets/videos/correct_19.mp4",
    "wrongVideo": "assets/videos/wrong_19.mp4",
    "previewVideo": "assets/videos/preview_19.mp4",
    "question": "ქვემოთ ჩამოთვლილი, რომელ შემთხვევაში არ წარმოექმნება საგზაო-სატრანსპორტო შემთხვევაში მონაწილე მძღოლს ავარიის შედეგად დაშავებულის სამკურნალო დაწესებულებაში გადაყვანის ვალდებულება?",
    "answers": [
      "1\nთუ აშკარაა რომ მას (მძღოლს) არ მიუძღვის ბრალი ავარიის მოხდენაში",
      "2\nთუ მისი სატრანსპორტო საშუალების გადაადგილების შემთხვევაში განადგურდება ნაკვალევი, რომელიც შესაძლოა სასარგებლო იყოს პასუხისმგებლობის დასადგენად",
      "3\nთუ არსებობს საფუძვლიანი ეჭვი იმის თაობაზე, რომ მგზავრობამ შეიძლება ზიანი მიაყენოს დაშავებულს",
      "4\nამ ბილეთში ჩამოთვლილ ნებისმიერ შემთხვევაში"
    ]
  },
  {
    "id": 8284,
    "correctAnswer": 1,
    "imageUrl": "assets/images/image.png",
    "correctVideo": "assets/videos/correct_19.mp4",
    "wrongVideo": "assets/videos/wrong_19.mp4",
    "previewVideo": "assets/videos/preview_19.mp4",
    "question": "თუ საგზაო-სატრანსპორტო შემთხვევის შედეგად დაშავებულს აღენიშნება ნეკნებისა და მკერდის ძვლის მოტეხილობა მისი ტრანსპორტირება უნდა განხორციელდეს:",
    "answers": [
      "1\nგვერდზე დაწოლილ მდგომარეობაში",
      "2\nმჯდომარე ან ნახევარმჯდომარე მდგომარეობაში",
      "3\nზურგზე დაწოლილ მდგომარეობაში"
    ]
  },
  {
    "id": 8285,
    "correctAnswer": 2,
    "imageUrl": "assets/images/image.png",
    "correctVideo": "assets/videos/correct_19.mp4",
    "wrongVideo": "assets/videos/wrong_19.mp4",
    "previewVideo": "assets/videos/preview_19.mp4",
    "question": "საგზაო-სატრანსპორტო შემთხვევის შედეგად დაშავებულის ცხვირიდან სისხლდენის შესაჩერებლად იგი უნდა:",
    "answers": [
      "1\nდავსვათ ნახევარმჯდომარე მდგომარეობაში. თავი გადავუწიოთ უკან და ცხვირზე დავადოთ ცივი საფენი",
      "2\nდავაწვინოთ გვერდზე, ცხვირზე დავადოთ ცივი საფენი",
      "3\nდავსვათ ნახევარმჯდომარე მდგომარეობაში, თავი დავახრევინოთ მკერდისკენ და ცხვირზე დავადოთ ცივი საფენი"
    ]
  },
  {
    "id": 8286,
    "correctAnswer": 1,
    "imageUrl": "assets/images/image.png",
    "correctVideo": "assets/videos/correct_19.mp4",
    "wrongVideo": "assets/videos/wrong_19.mp4",
    "previewVideo": "assets/videos/preview_19.mp4",
    "question": "საგზაო-სატრანსპორტო შემთხვევის შედეგად დაშავებულის ჭრილობის არსებობისას იოდის ხსნარი, როგორც სადეზინფექციო საშუალება, გამოიყენება:",
    "answers": [
      "1\nჭრილობის მთელი ზედაპირის დასამუშავებლად",
      "2\nჭრილობის ნაპირებისა და მისი მიმდებარე კანის დასამუშავებლად"
    ]
  },
  {
    "id": 8287,
    "correctAnswer": 0,
    "imageUrl": "assets/images/image.png",
    "correctVideo": "assets/videos/correct_19.mp4",
    "wrongVideo": "assets/videos/wrong_19.mp4",
    "previewVideo": "assets/videos/preview_19.mp4",
    "question": "თუ საგზაო-სატრანსპორტო შემთხვევის შედეგად დაშავებულს თვალზე აღენიშნება ჭრილობა, იგი უნდა:",
    "answers": [
      "1\nდავაწვინოთ ზურგზე და წამოვუწიოთ თავი წინ. დაზიანებულ თვალზე დავადოთ სუფთა საფენი",
      "2\nდავაწვინოთ გვერდზე ჯანსაღი თვალის მხარეს. დაზიანებულ თვალზე დავადოთ სუფთა საფენი",
      "3\nდავსვათ ნახევარმჯდომარე მდგომარეობაში. თავი გადავუწიოთ უკან და დაზიანებულ თვალზე დავადოთ სუფთა საფენი"
    ]
  },
  {
    "id": 8288,
    "correctAnswer": 0,
    "imageUrl": "assets/images/image.png",
    "correctVideo": "assets/videos/correct_19.mp4",
    "wrongVideo": "assets/videos/wrong_19.mp4",
    "previewVideo": "assets/videos/preview_19.mp4",
    "question": "საგზაო-სატრანსპორტო შემთხვევის შედეგად დაშავებულის იდაყვის ქვემოთ ხელის ძვლის დაზიანების შემთხვევაში არტერიული სისხლდენის შემაჩერებელი ლახტი უნდა დავადოთ:",
    "answers": [
      "1\nიდაყვის ზემოთ, მხართან",
      "2\nჭრილობის ზემოთ იდაყვამდე"
    ]
  },
  {
    "id": 8289,
    "correctAnswer": 1,
    "imageUrl": "assets/images/image.png",
    "correctVideo": "assets/videos/correct_19.mp4",
    "wrongVideo": "assets/videos/wrong_19.mp4",
    "previewVideo": "assets/videos/preview_19.mp4",
    "question": "თუ საგზაო-სატრანსპორტო შემთხვევის შედეგად დაშავებულს აღენიშნება ტრამვები თავის თმიან ადგილზე, პირველადი სამედიცინო დახმარების აღმოჩენის მიზნით, მას უნდა:",
    "answers": [
      "1\nკისერზე დაედოს იმპროვიზირებული ნახვევი, ჭრილობაზე დაედოს სტერილური ბამბის ტამპონი, დაშავებული დავაწვინოთ ზურგზე",
      "2\nკისერზე დაედოს იმპროვიზირებული ნახვევი, ჭრილობაზე სტერილური ბინტით დაედოს დამწოლი ნახვევი, დაშავებული დავაწვინოთ გვერდზე მუხლებში მოხრილი ფეხებით, თავზე მივადოთ ყინული ან ცივი საფენი"
    ]
  },
  {
    "id": 8290,
    "correctAnswer": 0,
    "imageUrl": "assets/images/image.png",
    "correctVideo": "assets/videos/correct_19.mp4",
    "wrongVideo": "assets/videos/wrong_19.mp4",
    "previewVideo": "assets/videos/preview_19.mp4",
    "question": "საგზაო-სატრანსპორტო შემთხვევის შედეგად დაშავებულის სასუნთქ გზებში უცხო სხეულის მოსაცილებლად აუცილებლად უნდა:",
    "answers": [
      "1\nრამდენჯერმე ხელისგული დავარტყათ ზურგზე, უარყოფითი შედეგის შემთხვევაში დავდგეთ დაშავებულის უკან, ქვედა ნეკნის დონეზე მუცელთან ხელები მუშტად გადავაჭდოთ ერთმანეთს, ერთდროულად მოვახდინოთ დაწოლა ნეკნებზე და მკვეთრად დავაწვეთ მუშტებით მუცლის არეში შიდა და ზედა მიმართულებით",
      "2\nდაშავებული დავაყენოთ მუხლებზე სახით დაბლა და რამდენჯერმე მუშტი დავარტყათ ზურგზე"
    ]
  },
  {
    "id": 8291,
    "correctAnswer": 1,
    "imageUrl": "assets/images/image.png",
    "correctVideo": "assets/videos/correct_19.mp4",
    "wrongVideo": "assets/videos/wrong_19.mp4",
    "previewVideo": "assets/videos/preview_19.mp4",
    "question": "ნებადართულია თუ არა საგზაო-სატრანსპორტო შემთხვევის შედეგად უგონო მდგომარეობაში მყოფ დაშავებულისათვის სამკურნალო პრეპარატების მიცემა?",
    "answers": [
      "1\nნებადართულია",
      "2\nარ არის ნებადართული"
    ]
  },
  {
    "id": 8292,
    "correctAnswer": 1,
    "imageUrl": "assets/images/image.png",
    "correctVideo": "assets/videos/correct_19.mp4",
    "wrongVideo": "assets/videos/wrong_19.mp4",
    "previewVideo": "assets/videos/preview_19.mp4",
    "question": "არტაშანის დასამზადებელი მასალის არარსებობისას საგზაო-სატრანსპორტო შემთხვევის შედეგად დაშავებულის ხელის ძვლის მოტეხილობის შემთხვევაში, მას უნდა:",
    "answers": [
      "1\nგასწორებული ხელი ბინტის დახვევით მივუმაგროთ ტანზე",
      "2\nიდაყვში მოხრილი ხელი ჩამოვკიდოთ კისერზე და ბინტის დახვევით მივუმაგროთ ტანზე"
    ]
  },
  {
    "id": 8293,
    "correctAnswer": 1,
    "imageUrl": "assets/images/image.png",
    "correctVideo": "assets/videos/correct_19.mp4",
    "wrongVideo": "assets/videos/wrong_19.mp4",
    "previewVideo": "assets/videos/preview_19.mp4",
    "question": "რომელი ავტომობილის მძღოლის მიმართ სარგებლობს უპირატესობით ავტობუსის მძღოლი, ისრის მიმართულებით მოძრაობის შემთხვევაში?",
    "answers": [
      "1\nმხოლოდ მსუბუქი ავტომობილის მძღოლის მიმართ",
      "2\nროგორც მსუბუქი ავტომობილის მძღოლის, ასევე სატვირთო ავტომობილის მძღოლის მიმართ",
      "3\nმხოლოდ სატვირთო ავტომობილის მძღოლის მიმართ"
    ]
  },
  {
    "id": 8294,
    "correctAnswer": 1,
    "imageUrl": "assets/images/image.png",
    "correctVideo": "assets/videos/correct_19.mp4",
    "wrongVideo": "assets/videos/wrong_19.mp4",
    "previewVideo": "assets/videos/preview_19.mp4",
    "question": "რომელი ავტომობილის მძღოლის მიმართ წარმოექმნება გზის დათმობის ვალდებულება ავტობუსის მძღოლს ისრის მიმართულებით მოძრაობის შემთხვევაში?",
    "answers": [
      "1\nმხოლოდ მოტოციკლის მძღოლის მიმართ",
      "2\nმხოლოდ მსუბუქი ავტომობილის მძღოლის მიმართ",
      "3\nროგორც მოტოციკლის მძღოლის, ასევე მსუბუქი ავტომობილის მძღოლის მიმართ"
    ]
  },
  {
    "id": 8295,
    "correctAnswer": 1,
    "imageUrl": "assets/images/image.png",
    "correctVideo": "assets/videos/correct_19.mp4",
    "wrongVideo": "assets/videos/wrong_19.mp4",
    "previewVideo": "assets/videos/preview_19.mp4",
    "question": "რომელი სატრანსპორტო საშუალების მძღოლის მიმართ წარმოექმნება გზის დათმობის ვალდებულება ავტობუსის მძღოლს ისრის მიმართულებით მოძრაობის შემთხვევაში თუ ოპერატიული სამსახურის ავტომობილს ჩართული აქვს ლურჯი მოელვარე სპეციალური ციმციმა და ხმოვანი სიგნალები?",
    "answers": [
      "1\nმხოლოდ ოპერატიული სამსახურის ავტომობილის და ტრაქტორის მძღოლების მიმართ",
      "2\nმხოლოდ ოპერატიული სამსახურის ავტომობილის მძღოლის მიმართ",
      "3\nყველა სატრანსპორტო საშუალების მძღოლების მიმართ"
    ]
  },
  {
    "id": 8296,
    "correctAnswer": 0,
    "imageUrl": "assets/images/image.png",
    "correctVideo": "assets/videos/correct_19.mp4",
    "wrongVideo": "assets/videos/wrong_19.mp4",
    "previewVideo": "assets/videos/preview_19.mp4",
    "question": "რომელი სატრანსპორტო საშუალების მძღოლის მიმართ წარმოექმნება გზის დათმობის ვალდებულება ავტობუსის მძღოლს ისრის მიმართულებით მოძრაობის შემთხვევაში?",
    "answers": [
      "1\nმხოლოდ კვადროციკლის მძღოლის მიმართ",
      "2\nმხოლოდ მსუბუქი ავტომობილის მძღოლის მიმართ",
      "3\nროგორც კვადროციკლის, ასევე მსუბუქი ავტომობილის მძღოლის მიმართ"
    ]
  },
  {
    "id": 8297,
    "correctAnswer": 2,
    "imageUrl": "assets/images/image.png",
    "correctVideo": "assets/videos/correct_19.mp4",
    "wrongVideo": "assets/videos/wrong_19.mp4",
    "previewVideo": "assets/videos/preview_19.mp4",
    "question": "რომელი სატრანსპორტო საშუალების მძღოლის მიმართ წარმოექმნება გზის დათმობის ვალდებულება ავტობუსის მძღოლს ისრის მიმართულებით მოძრაობის შემთხვევაში, თუ გზაჯვარედინის მარჯვენა მხრიდან შემომავალი გზის საფარი გრუნტოვანია?",
    "answers": [
      "1\nმხოლოდ მსუბუქი ავტომობილის მძღოლის მიმართ",
      "2\nმხოლოდ მოტოციკლის და სატვირთო ავტომობილის მძღოლების მიმართ",
      "3\nროგორც მოტოციკლის, ასევე მსუბუქი და სატვირთო ავტომობილების მძღოლების მიმართ"
    ]
  },
  {
    "id": 8298,
    "correctAnswer": 2,
    "imageUrl": "assets/images/image.png",
    "correctVideo": "assets/videos/correct_19.mp4",
    "wrongVideo": "assets/videos/wrong_19.mp4",
    "previewVideo": "assets/videos/preview_19.mp4",
    "question": "რომელი სატრან스პორტო საშუალების მძღოლის მიმართ წარმოექმნება გზის დათმობის ვალდებულება ავტობუსის მძღოლს ისრის მიმართულებით მოძრაობის შემთხვევაში?",
    "answers": [
      "1\nმხოლოდ მსუბუქი ავტომობილის მძღოლის მიმართ",
      "2\nმხოლოდ მოტოციკლის მძღოლის მიმართ",
      "3\nარცერთი სატრანსპორტო საშუალების მძღოლების მიმართ"
    ]
  },
  {
    "id": 8299,
    "correctAnswer": 0,
    "imageUrl": "assets/images/image.png",
    "correctVideo": "assets/videos/correct_19.mp4",
    "wrongVideo": "assets/videos/wrong_19.mp4",
    "previewVideo": "assets/videos/preview_19.mp4",
    "question": "რომელი სატრანსპორტო საშუალების მძღოლის მიმართ წარმოექმნება გზის დათმობის ვალდებულება ავტობუსის მძღოლს ისრის მიმართულებით მოძრაობის შემთხვევაში?",
    "answers": [
      "1\nმხოლოდ მოტოციკლის და ლურჯი მსუბუქი ავტომობილის მძღოლების მიმართ",
      "2\nმხოლოდ თეთრი მსუბუქი ავტომობილის მძღოლის მიმართ",
      "3\nროგორც მოტოციკლის, ასევე თეთრი და ლურჯი მსუბუქი ავტომობილების მძღოლების მიმართ"
    ]
  },
  {
    "id": 8300,
    "correctAnswer": 2,
    "imageUrl": "assets/images/image.png",
    "correctVideo": "assets/videos/correct_19.mp4",
    "wrongVideo": "assets/videos/wrong_19.mp4",
    "previewVideo": "assets/videos/preview_19.mp4",
    "question": "რომელი ავტომობილის მძღოლის მიმართ წარმოექმნება გზის დათმობის ვალდებულება ავტობუსის მძღოლს ისრის მიმართულებით მოძრაობის შემთხვევაში, თუ სასწრაფო სამედიცინო დახმარების ავტომობილს ჩართული აქვს ჯურჯი მოელვარე სპეციალური ციმციმა და ხმოვანი სიგნალები?",
    "answers": [
      "1\nმხოლოდ მსუბუქი ავტომობილის მძღოლის მიმართ",
      "2\nმხოლოდ სასწრაფო სამედიცინო დახმარების ავტომობილის მძღოლის მიმართ",
      "3\nროგორც მსუბუქი ავტომობილის, ასევე სასწრაფო სამედიცინო დახმარების ავტომობილის მძღოლების მიმართ"
    ]
  },
  {
    "id": 8301,
    "correctAnswer": 2,
    "imageUrl": "assets/images/image.png",
    "correctVideo": "assets/videos/correct_19.mp4",
    "wrongVideo": "assets/videos/wrong_19.mp4",
    "previewVideo": "assets/videos/preview_19.mp4",
    "question": "რომელი ავტომობილის მძღოლის მიმართ სარგებლობს უპირატესობით ავტობუსის მძღოლს ისრის მიმართულებით მოძრაობის შემთხვევაში?",
    "answers": [
      "1\nმხოლოდ სატვირთო ავტომობილის მძღოლის მიმართ",
      "2\nმხოლოდ მსუბუქი ავტომობილის მძღოლის მიმართ",
      "3\nროგორც სატვირთო, ასევე მსუბუქი ავტომობილების მძღოლების მიმართ"
    ]
  },
  {
    "id": 8302,
    "correctAnswer": 3,
    "imageUrl": "assets/images/image.png",
    "correctVideo": "assets/videos/correct_19.mp4",
    "wrongVideo": "assets/videos/wrong_19.mp4",
    "previewVideo": "assets/videos/preview_19.mp4",
    "question": "რომელი სატრანსპორტო საშუალების მძღოლის მიმართ წარმოექმნება გზის დათმობის ვალდებულება თეთრი მსუბუქი ავტომობილის მძღოლს ისრის მიმართულებით მოძრაობის შემთხვევაში?",
    "answers": [
      "1\nმხოლოდ ტრამვაისა და ავტობუსის მძღოლების მიმართ",
      "2\nმხოლოდ ავტობუსისა და მოტოციკლის მძღოლების მიმართ",
      "3\nარცერთი სატრანსპორტო საშუალების მძღოლების მიმართ",
      "4\nმხოლოდ ტრამვაის მძღოლის მიმართ"
    ]
  },
  {
    "id": 8303,
    "correctAnswer": 1,
    "imageUrl": "assets/images/image.png",
    "correctVideo": "assets/videos/correct_19.mp4",
    "wrongVideo": "assets/videos/wrong_19.mp4",
    "previewVideo": "assets/videos/preview_19.mp4",
    "question": "რომელი სატრანსპორტო საშუალების მძღოლის მიმართ წარმოექმნება გზის დათმობის ვალდებულება ავტობუსის მძღოლს ისრის მიმართულებით მოძრაობის შემთხვევაში?",
    "answers": [
      "1\nმხოლოდ ტრამვაის და მსუბუქი ავტომობილის მძღოლების მიმართ",
      "2\nმხოლოდ მოტოციკლის მძღოლის მიმართ",
      "3\nარცერთი სატრანსპორტო საშუალების მძღოლების მიმართ",
      "4\nროგორც მოტოციკლის, ასევე ტრამვაის და მსუბუქი ავტომობილის მძღოლების მიმართ"
    ]
  },
  {
    "id": 8304,
    "correctAnswer": 2,
    "imageUrl": "assets/images/image.png",
    "correctVideo": "assets/videos/correct_19.mp4",
    "wrongVideo": "assets/videos/wrong_19.mp4",
    "previewVideo": "assets/videos/preview_19.mp4",
    "question": "რომელი სატრანსპორტო საშუალების მძღოლის მიმართ წარმოექმნება გზის დათმობის ვალდებულება ავტობუსის მძღოლს ისრის მიმართულებით მოძრაობის შემთხვევაში, თუ ტექნიკური სამსახურის ავტომობილს ჩართული აქვს ყვითელი მოელვარე შუქურა?",
    "answers": [
      "1\nმხოლოდ სატვირთო ავტომობილის მძღოლის მიმართ",
      "2\nმხოლოდ ტექნიკური სამსახურის ავტომობილის მძღოლის მიმართ",
      "3\nროგორც სატვირთო, ასევე ტექნიკური სამსახურის ავტომობილის მძღოლების მიმართ",
      "4\nარცერთი ავტომობილის მძღოლების მიმართ"
    ]
  },
  {
    "id": 8305,
    "correctAnswer": 2,
    "imageUrl": "assets/images/image.png",
    "correctVideo": "assets/videos/correct_19.mp4",
    "wrongVideo": "assets/videos/wrong_19.mp4",
    "previewVideo": "assets/videos/preview_19.mp4",
    "question": "რომელი ავტომობილის მძღოლის მიმართ წარმოექმნება გზის დათმობის ვალდებულება ავტობუსის მძღოლს ისრის მიმართულებით მოძრაობის შემთხვევაში?",
    "answers": [
      "1\nმხოლოდ მსუბუქი ავტომობილის მძღოლის მიმართ",
      "2\nმხოლოდ სატვირთო ავტომობილის მძღოლის მიმართ",
      "3\nარცერთი ავტომობილის მძღოლების მიმართ"
    ]
  },
  {
    "id": 8306,
    "correctAnswer": 2,
    "imageUrl": "assets/images/image.png",
    "correctVideo": "assets/videos/correct_19.mp4",
    "wrongVideo": "assets/videos/wrong_19.mp4",
    "previewVideo": "assets/videos/preview_19.mp4",
    "question": "რომელი ავტომობილის მძღოლის მიმართ წარმოექმნება გზის დათმობის ვალდებულება ავტობუსის მძღოლს ისრის მიმართულებით მოძრაობის შემთხვევაში?",
    "answers": [
      "1\nმხოლოდ სატვირთო ავტომობილის მძღოლის მიმართ",
      "2\nმხოლოდ მსუბუქი ავტომობილის მძღოლის მიმართ",
      "3\nარცერთი ავტომობილის მძღოლების მიმართ",
      "4\nროგორც სატვირთო, ასევე მსუბუქი ავტომობილის მძღოლების მიმართ"
    ]
  },
  {
    "id": 8307,
    "correctAnswer": 1,
    "imageUrl": "assets/images/image.png",
    "correctVideo": "assets/videos/correct_19.mp4",
    "wrongVideo": "assets/videos/wrong_19.mp4",
    "previewVideo": "assets/videos/preview_19.mp4",
    "question": "რომელი სატრანსპორტო საშუალების მძღოლის მიმართ წარმოექმნება გზის დათმობის ვალდებულება ავტობუსის მძღოლს ისრის მიმართულებით მოძრაობის შემთხვევაში?",
    "answers": [
      "1\nმხოლოდ ტრამვაის მძღოლის მიმართ",
      "2\nმხოლოდ სატვირთო ავტომობილის მძღოლის მიმართ",
      "3\nროგორც ტრამვაის, ასევე სატვირთო ავტომობილის მძღოლების მიმართ"
    ]
  }
]