[
  {
    "id": 1209,
    "correctAnswer": 3,
    "imageUrl": "assets/images/image.png",
    "correctVideo": "assets/videos/correct.mp4",
    "wrongVideo": "assets/videos/wrong.mp4",
    "previewVideo": "assets/videos/preview.mp4",
    "question": "რომელი სატრანსპორტო საშუალების მძღოლი არღვევს საგზაო მოძრაობის წესებს, თუ ყველა სატრანსპორტო საშუალება მოძრაობს 100 კმ/სთ სიჩქარით?",
    "answers": [
      "მხოლოდ მსუბუქი ავტომობილის მძღოლი",
      "მხოლოდ მსუბუქი და სატვირთო ავტომობილის მძღოლები",
      "მხოლოდ მსუბუქი ავტომობილისა და ავტობუსის მძღოლები",
      "მხოლოდ სატვირთო ავტომობილისა და ავტობუსის მძღოლები"
    ]
  },
  {
    "id": 1210,
    "correctAnswer": 1,
    "imageUrl": "assets/images/image.png",
    "correctVideo": "assets/videos/correct.mp4",
    "wrongVideo": "assets/videos/wrong.mp4",
    "previewVideo": "assets/videos/preview.mp4",
    "question": "რა მაქსიმალური სიჩქარით მოძრაობის უფლება აქვს „D“ კატეგორიის ავტობუსის მძღოლს მოცემული საგზაო ნიშნის მოქმედების ზონაში?",
    "answers": [
      "50 კმ/სთ სიჩქარით",
      "60 კმ/სთ სიჩქარით",
      "70 კმ/სთ სიჩქარით",
      "90 კმ/სთ სიჩქარით"
    ]
  },
  {
    "id": 1211,
    "correctAnswer": 1,
    "imageUrl": "assets/images/image.png",
    "correctVideo": "assets/videos/correct.mp4",
    "wrongVideo": "assets/videos/wrong.mp4",
    "previewVideo": "assets/videos/preview.mp4",
    "question": "რა მაქსიმალური სიჩქარით მოძრაობის უფლება აქვს „D“ კატეგორიის ავტობუსის მძღოლს მოცემული საგზაო ნიშნის მოქმედების ზონაში?",
    "answers": [
      "60 კმ/სთ სიჩქარით",
      "80 კმ/სთ სიჩქარით",
      "90 კმ/სთ სიჩქარით",
      "110 კმ/სთ სიჩქარით"
    ]
  },
  {
    "id": 1212,
    "correctAnswer": 0,
    "imageUrl": "assets/images/image.png",
    "correctVideo": "assets/videos/correct.mp4",
    "wrongVideo": "assets/videos/wrong.mp4",
    "previewVideo": "assets/videos/preview.mp4",
    "question": "რა მაქსიმალური სიჩქარით მოძრაობის უფლება აქვს „C1“ ქვეკატეგორიის ავტომობილის მძღოლს ყვითელი ავტომობილის ბუქსირებისას დაუსახლებელ პუნქტში?",
    "answers": [
      "50 კმ/სთ სიჩქარით",
      "60 კმ/სთ სიჩქარით",
      "70 კმ/სთ სიჩქარით",
      "90 კმ/სთ სიჩქარით"
    ]
  },
  {
    "id": 1213,
    "correctAnswer": 0,
    "imageUrl": "assets/images/image.png",
    "correctVideo": "assets/videos/correct.mp4",
    "wrongVideo": "assets/videos/wrong.mp4",
    "previewVideo": "assets/videos/preview.mp4",
    "question": "რა მაქსიმალური სიჩქარით მოძრაობის გაგრძელების უფლება აქვს „B“ კატეგორიის მაბუქსირებელი ავტომობილის მძღოლს დასახლებულ პუნქტში, გზის ამ მონაკვეთზე?",
    "answers": [
      "50 კმ/სთ სიჩქარით",
      "60 კმ/სთ სიჩქარით",
      "70 კმ/სთ სიჩქარით",
      "90 კმ/სთ სიჩქარით"
    ]
  },
  {
    "id": 1214,
    "correctAnswer": 3,
    "imageUrl": "assets/images/image.png",
    "correctVideo": "assets/videos/correct.mp4",
    "wrongVideo": "assets/videos/wrong.mp4",
    "previewVideo": "assets/videos/preview.mp4",
    "question": "ქვემოთ ჩამოთვლილი საგზაო პირობებიდან, რომელი უნდა გაითვალისწინოს მძღოლმა სატრანსპორტო საშუალების სიჩქარის შეცვლისას?",
    "answers": [
      "მხოლოდ ადგილის რელიეფი და მოძრაობის ინტენსიურობა",
      "მხოლოდ ატმოსფერული პირობები, აგრეთვე არასაკმარისი ან შეზღუდული ხილვადობა",
      "მხოლოდ გზისა და სატრანსპორტო საშუალების მდგომარეობა",
      "ამ ბილეთში ჩამოთვლილი ყველა საგზაო პირობა"
    ]
  },
  {
    "id": 1215,
    "correctAnswer": 2,
    "imageUrl": "assets/images/image.png",
    "correctVideo": "assets/videos/correct.mp4",
    "wrongVideo": "assets/videos/wrong.mp4",
    "previewVideo": "assets/videos/preview.mp4",
    "question": "რა მაქსიმალური სიჩქარით მოძრაობის უფლება აქვს არაგაბარიტული (მსხვილგაბარიტიანი) ან ზენორმატიული (მძიმეწონიანი) სატრანსპორტო საშუალების მძღოლს დასახლებულ ან დაუსახლებელ პუნქტში?",
    "answers": [
      "40 კმ/სთ სიჩქარით",
      "60 კმ/სთ სიჩქარით",
      "არა უმეტეს იმ სიჩქარით, რომელიც მითითებულია საქართველოს კანონმდებლობით დადგენილი წესით უფლებამოსილი ორგანოს (უწყების) მიერ გაცემულ შეთანხმებაში"
    ]
  },
  {
    "id": 1216,
    "correctAnswer": 1,
    "imageUrl": "assets/images/image.png",
    "correctVideo": "assets/videos/correct.mp4",
    "wrongVideo": "assets/videos/wrong.mp4",
    "previewVideo": "assets/videos/preview.mp4",
    "question": "დღის ნათელ დროს სამარშრუტო სატრანსპორტო საშუალებებზე ახლო განათების ფარებისა და უკანა საგაბარიტო სინათლეების ჩართვა სავალდებულოა:",
    "answers": [
      "სპეციალურად მათთვის გამოყოფილ ზოლზე, ძირითადი ნაკადის თანხვედრი მიმართულებით მოძრაობისას",
      "სპეციალურად მათთვის გამოყოფილ ზოლზე, ძირითადი ნაკადის საპირისპიროდ მოძრაობისას",
      "ნებისმიერ გზაზე, ძირითადი ნაკადის როგორც საპირისპიროდ, ასევე თანმხვედრი მიმართულებით მოძრაობისას",
      "ამ ბილეთში ჩამოთვლილ ნებისმიერ შემთხვევაში"
    ]
  },
  {
    "id": 1217,
    "correctAnswer": 0,
    "imageUrl": "assets/images/image.png",
    "correctVideo": "assets/videos/correct.mp4",
    "wrongVideo": "assets/videos/wrong.mp4",
    "previewVideo": "assets/videos/preview.mp4",
    "question": "რა მაქსიმალური სიჩქარით შეუძლია მოძრაობის გაგრძელება სატვირთო ავტომობილის მძღოლს,თუ ბუქსირება ხდება ხისტი გადაბმით?",
    "answers": [
      "50 კმ/სთ სიჩქარით",
      "60 კმ/სთ სიჩქარით",
      "80 კმ/სთ სიჩქარით"
    ]
  },
  {
    "id": 1218,
    "correctAnswer": 2,
    "imageUrl": "assets/images/image.png",
    "correctVideo": "assets/videos/correct.mp4",
    "wrongVideo": "assets/videos/wrong.mp4",
    "previewVideo": "assets/videos/preview.mp4",
    "question": "ხიდის, ესტაკადის, მაღალი ძაბვის გადამცემი ხაზის ქვეშ, აგრეთვე გვირაბში გავლამდე, ავტობუსისა და სატვირთო ავტომობილის მძღოლი ვალდებულია:",
    "answers": [
      "გზა დაუთმოს მსუბუქი ავტომობილის მძღოლებს",
      "ჩართოს საავარიო შუქსიგნალიზაცია",
      "დარწმუნდეს სატრანსპორტო საშუალების გავლის უსაფრთხოებაში"
    ]
  },
  {
    "id": 1219,
    "correctAnswer": 1,
    "imageUrl": "assets/images/image.png",
    "correctVideo": "assets/videos/correct.mp4",
    "wrongVideo": "assets/videos/wrong.mp4",
    "previewVideo": "assets/videos/preview.mp4",
    "question": "საცნობი ნიშანი „ავტომატარებელი“ უნდა ჩაირთოს:",
    "answers": [
      "მხოლოდ დღე-ღამის ბნელ დროს ავტომატარებლის მოძრაობისას",
      "ავტომატარებლის მოძრაობისას, ხოლო დღე-ღამის ბნელ დროს და არასაკმარისი ხილვადობის პირობებში – მისი გაჩერებისა და დგომის პერიოდშიც",
      "მხოლოდ ავტომატარებლის მოძრაობისას არასაკმარისი ხილვადობის პერიოდში"
    ]
  },
  {
    "id": 1220,
    "correctAnswer": 0,
    "imageUrl": "assets/images/image.png",
    "correctVideo": "assets/videos/correct.mp4",
    "wrongVideo": "assets/videos/wrong.mp4",
    "previewVideo": "assets/videos/preview.mp4",
    "question": "დღის ნათელ დროს გზაზე მოძრავი არაგაბარიტულ (მსხვილგაბარიტიანი) ან ზენორმატიულ (მძიმეწონიანი) მექანიკური სატრანსპორტო საშუალების აღნიშვნის მიზნით სავალდებულოა ჩაირთოს:",
    "answers": [
      "ახლო განათების ფარები და უკანა საგაბარიტო სინათლეები",
      "ნისლსაწინააღმდეგო ფარები",
      "შორი განათების ფარები"
    ]
  },
  {
    "id": 1221,
    "correctAnswer": 1,
    "imageUrl": "assets/images/image.png",
    "correctVideo": "assets/videos/correct.mp4",
    "wrongVideo": "assets/videos/wrong.mp4",
    "previewVideo": "assets/videos/preview.mp4",
    "question": "დღის ნათელ დროს სამარშრუტო სატრანსპორტო საშუალებებზე, სპეციალურად მათთვის გამოყოფილ ზოლზე, ძირითადი ნაკადის საპირისპიროდ მოძრაობისას ჩართული უნდა იყოს:",
    "answers": [
      "საავარიო შუქსიგნალიზაცია",
      "ახლო განათების ფარები და უკანა საგაბარიტო სინათლეები",
      "შორი განათების ფარები და უკანა საგაბარიტო სინათლეები",
      "მხოლოდ წინა და უკანა საგაბარიტო სინათლეები"
    ]
  },
  {
    "id": 1222,
    "correctAnswer": 0,
    "imageUrl": "assets/images/image.png",
    "correctVideo": "assets/videos/correct.mp4",
    "wrongVideo": "assets/videos/wrong.mp4",
    "previewVideo": "assets/videos/preview.mp4",
    "question": "დაარღვევს თუ არა მსუბუქი ავტომობილის მძღოლი საგზაო მოძრაობის წესებს ისრის მიმართულებით 90 კმ/სთ სიჩქარით მოძრაობის შემთხვევაში?",
    "answers": [
      "დაარღვევს",
      "არ დაარღვევს"
    ]
  }
]