[
  {
    "id": 8146,
    "correctAnswer": 2,
    "imageUrl": "assets/images/image.png",
    "correctVideo": "assets/videos/correct_19.mp4",
    "wrongVideo": "assets/videos/wrong_19.mp4",
    "previewVideo": "assets/videos/preview_19.mp4",
    "question": "თუ შუქნიშანში ჩართულია ყვითელი მოციმციმე მაშუქი სიგნალი:",
    "answers": [
      "მძღოლი ვალდებულია გაჩერდეს „სდექ“ ხაზთან",
      "მძღოლი ვალდებულია გაჩერდეს შუქნიშანთან",
      "მძღოლს უფლება აქვს გააგრძელოს მოძრაობა განსაკუთრებული სიფრთხილის დაცვით",
      "მძღოლი ვალდებულია გაჩერდეს უახლოეს რელსამდე, არანაკლებ 10 მეტრის მანძილზე"
    ]
  },
  {
    "id": 8147,
    "correctAnswer": 0,
    "imageUrl": "assets/images/image.png",
    "correctVideo": "assets/videos/correct_19.mp4",
    "wrongVideo": "assets/videos/wrong_19.mp4",
    "previewVideo": "assets/videos/preview_19.mp4",
    "question": "რკინიგზის გადასასვლელზე, შუქნიშნის წითელ მოციმციმე მაშუქ სიგნალთან ერთად მიცემული ხმოვანი სიგნალი, მოძრაობის მონაწილეებს დამატებით აწვდის ინფორმაციას:",
    "answers": [
      "გადასასვლელზე მოძრაობის აკრძალვის შესახებ",
      "გადასასვლელზე მოძრაობის გაგრძელების უფლების შესახებ"
    ]
  },
  {
    "id": 8148,
    "correctAnswer": 1,
    "imageUrl": "assets/images/image.png",
    "correctVideo": "assets/videos/correct_19.mp4",
    "wrongVideo": "assets/videos/wrong_19.mp4",
    "previewVideo": "assets/videos/preview_19.mp4",
    "question": "რკინიგზის გადასასვლელზე ერთ სადგარზე, ერთი და იმავე სიმაღლეზე განლაგებული, ერთ მხარეს მიმართული ორი მორიგეობით მოციმციმე, ან ერთი მოციმციმე ყვითელი მაშუქი სიგნალი ნიშნავს, რომ მძღოლებს:",
    "answers": [
      "ეკრძალებათ მოძრაობა",
      "უფლება აქვთ გააგრძელონ მოძრაობა, მაგრამ ამასთან ვალდებულები არიან დაიცვან განსაკუთრებული სიფრთხილე"
    ]
  },
  {
    "id": 8149,
    "correctAnswer": 0,
    "imageUrl": "assets/images/image.png",
    "correctVideo": "assets/videos/correct_19.mp4",
    "wrongVideo": "assets/videos/wrong_19.mp4",
    "previewVideo": "assets/videos/preview_19.mp4",
    "question": "თუ რკინიგზის გადასასვლელზე შუქნიშნის მაშუქი სიგნალები გამორთულია:",
    "answers": [
      "მოძრაობა ნებადართულია მხოლოდ მაშინ, როცა ხილვადობის ფარგლებში არ ჩანს გადასასვლელთან მოახლოებული მატარებელი (ლოკომოტივი, დრეზინა)",
      "მოძრაობა აკრძალულია"
    ]
  },
  {
    "id": 8150,
    "correctAnswer": 1,
    "imageUrl": "assets/images/image.png",
    "correctVideo": "assets/videos/correct_19.mp4",
    "wrongVideo": "assets/videos/wrong_19.mp4",
    "previewVideo": "assets/videos/preview_19.mp4",
    "question": "რომელი ავტომობილის მძღოლს ეკრძალება ისრის მიმართულებით მოძრაობა?",
    "answers": [
      "მხოლოდ სატვირთო ავტომობილის მძღოლს",
      "მხოლოდ მსუბუქი ავტომობილის მძღოლს",
      "ორივე ავტომობილის მძღოლს",
      "არცერთი ავტომობილის მძღოლს"
    ]
  },
  {
    "id": 8151,
    "correctAnswer": 2,
    "imageUrl": "assets/images/image.png",
    "correctVideo": "assets/videos/correct_19.mp4",
    "wrongVideo": "assets/videos/wrong_19.mp4",
    "previewVideo": "assets/videos/preview_19.mp4",
    "question": "მოცემულ სიტუაციაში, მძღოლს:",
    "answers": [
      "უფლება აქვს, სიფრთხილის ზომების დაცვით, თვითონ გახსნას შლაგბაუმი და გააგრძელოს მოძრაობა",
      "უფლება აქვს, შემოუაროს შლაგბაუმს და გააგრძელოს მოძრაობა",
      "აქვს ვალდებულება გაჩერდეს „სდექ“ ხაზთან",
      "ამ ბილეთში ჩამოთვლილი არც ერთი პასუხი სწორი არ არის"
    ]
  },
  {
    "id": 8152,
    "correctAnswer": 1,
    "imageUrl": "assets/images/image.png",
    "correctVideo": "assets/videos/correct_19.mp4",
    "wrongVideo": "assets/videos/wrong_19.mp4",
    "previewVideo": "assets/videos/preview_19.mp4",
    "question": "დაწყებულია ნახევარშლაგბაუმის დაკეტვა. ავტომობილის მძღოლი არ დაარღვევს საგზაო მოძრაობის წესებს, თუ:",
    "answers": [
      "დაასრულებს მოძრაობას, რადგან ასწრებს რკინიგზის გადასასვლელზე გადასვლას",
      "გაჩერდება შუქნიშანთან",
      "დარწმუნდება, რომ ხილვადობის ფარგლებში გადასასვლელს არ უახლოვდება მატარებელი და გაივლის რკინიგზის გადასასველს"
    ]
  },
  {
    "id": 8153,
    "correctAnswer": 2,
    "imageUrl": "assets/images/image.png",
    "correctVideo": "assets/videos/correct_19.mp4",
    "wrongVideo": "assets/videos/wrong_19.mp4",
    "previewVideo": "assets/videos/preview_19.mp4",
    "question": "მოცემულ სიტუაციაში მძღოლი უნდა გაჩერდეს:",
    "answers": [
      "შუქნიშნის გასწვრივ",
      "უახლოეს რელსამდე, არანაკლებ 10 მეტრის მანძილზე",
      "„სდექ“ ხაზთან",
      "უახლოეს რელსამდე, არანაკლებ 5 მეტრის მანძილზე"
    ]
  },
  {
    "id": 8154,
    "correctAnswer": 0,
    "imageUrl": "assets/images/image.png",
    "correctVideo": "assets/videos/correct_19.mp4",
    "wrongVideo": "assets/videos/wrong_19.mp4",
    "previewVideo": "assets/videos/preview_19.mp4",
    "question": "ნახევარშლაგბაუმი დაკეტილია. ავტომობილის მძღოლი არ დაარღვევს საგზაო მოძრაობის წესებს, თუ:",
    "answers": [
      "გაჩერდება ნახევარშლაგბაუმამდე, არანაკლებ 5 მეტრის მანძილზე",
      "შემოუვლის შლაგბაუმს და გაივლის რკინიგზის გადასასვლელს",
      "სიფრთხილის ზომების გათვალისწინებით თვითონ გახსნის შლაგბაუმს და გააგრძელებს მოძრაობას",
      "ამ ბილეთში ჩამოთვლილი პასუხებიდან არცერთი არ არის სწორი"
    ]
  },
  {
    "id": 8155,
    "correctAnswer": 0,
    "imageUrl": "assets/images/image.png",
    "correctVideo": "assets/videos/correct_19.mp4",
    "wrongVideo": "assets/videos/wrong_19.mp4",
    "previewVideo": "assets/videos/preview_19.mp4",
    "question": "მოცემულ სიტუაციაში, სარკინიგზო გადასასვლელთან გაჩერებული, რომელი ავტომობილის მძღოლი არღვევს საგზაო მოძრაობის წესებს?",
    "answers": [
      "მხოლოდ ყვითელი ავტომობილის მძღოლი",
      "მხოლოდ თეთრი ავტომობილის მძღოლი",
      "ორივე ავტომობილის მძღოლები",
      "არცერთი ავტომობილის მძღოლი"
    ]
  },
  {
    "id": 8156,
    "correctAnswer": 3,
    "imageUrl": "assets/images/image.png",
    "correctVideo": "assets/videos/correct_19.mp4",
    "wrongVideo": "assets/videos/wrong_19.mp4",
    "previewVideo": "assets/videos/preview_19.mp4",
    "question": "მარეგულირებელი დგას ავტომობილისაკენ მარჯვენა გვერდით, ხელები ჩამოშვებული აქვს. მოცემულ სიტუაციაში, მსუბუქი ავტომობილის მძღოლი:",
    "answers": [
      "ვალდებულია შეანელოს მოძრაობა და გაჩერდეს",
      "ვალდებულია გაჩერდეს უახლოეს რელსამდე, არანაკლებ 10 მეტრის მანძილზე",
      "ვალდებულია გაჩერდეს ნახევარშლაგბაუმამდე, არა ნაკლებ 5 მეტრის მანძილზე",
      "უფლება აქვს გააგრძელოს მოძრაობა"
    ]
  },
  {
    "id": 8157,
    "correctAnswer": 1,
    "imageUrl": "assets/images/image.png",
    "correctVideo": "assets/videos/correct_19.mp4",
    "wrongVideo": "assets/videos/wrong_19.mp4",
    "previewVideo": "assets/videos/preview_19.mp4",
    "question": "მატარებელი ამთავრებს რკინიგზის გადასასვლელის გავლას. ავტომობილის მძღოლს მოძრაობის გაგრძელების უფლება აქვს:",
    "answers": [
      "დაუყოვნებლივ, მატარებლის გავლის შემდეგ",
      "მატარებლის გავლისა და შუქნიშანზე მოციმციმე ყვითელი მაშუქი სიგნალის ჩართვის შემდეგ"
    ]
  },
  {
    "id": 8158,
    "correctAnswer": 2,
    "imageUrl": "assets/images/image.png",
    "correctVideo": "assets/videos/correct_19.mp4",
    "wrongVideo": "assets/videos/wrong_19.mp4",
    "previewVideo": "assets/videos/preview_19.mp4",
    "question": "მოცემულ სიტუაციაში, ავტომობილის მძღოლი ვალდებულია გაჩერდეს:",
    "answers": [
      "ნახევარშლაგბაუმთან, არანაკლებ 5 მ-ის მანძილზე",
      "უახლოესი რელსიდან, არანაკლებ 10 მ-ის მანძილზე",
      "შუქნიშანთან"
    ]
  },
  {
    "id": 8159,
    "correctAnswer": 1,
    "imageUrl": "assets/images/image.png",
    "correctVideo": "assets/videos/correct_19.mp4",
    "wrongVideo": "assets/videos/wrong_19.mp4",
    "previewVideo": "assets/videos/preview_19.mp4",
    "question": "მოცემულ სიტუაციაში, ავტომობილის მძღოლი ვალდებულია გაჩერდეს:",
    "answers": [
      "უშუალოდ შლაგბაუმთან",
      "„სდექ“ ხაზთან"
    ]
  },
  {
    "id": 8160,
    "correctAnswer": 2,
    "imageUrl": "assets/images/image.png",
    "correctVideo": "assets/videos/correct_19.mp4",
    "wrongVideo": "assets/videos/wrong_19.mp4",
    "previewVideo": "assets/videos/preview_19.mp4",
    "question": "მოცემულ სიტუაციაში, რომელი ავტომობილის მძღოლს ეკრძალება ისრის მიმართულებით მოძრაობა?",
    "answers": [
      "ორივე ავტომობილის მძღოლს",
      "არცერთი ავტომობილის მძღოლს",
      "მხოლოდ წითელი ავტომობილის მძღოლს",
      "მხოლოდ ლურჯი ავტომობილის მძღოლს"
    ]
  },
  {
    "id": 8161,
    "correctAnswer": 1,
    "imageUrl": "assets/images/image.png",
    "correctVideo": "assets/videos/correct_19.mp4",
    "wrongVideo": "assets/videos/wrong_19.mp4",
    "previewVideo": "assets/videos/preview_19.mp4",
    "question": "მოცემულ სიტუაციაში, ეკრძალება თუ არა მძღოლს ისრის მიმართულებით ავტომობილით უკუსვლით მოძრაობა და შემდგომ მობრუნების მანევრის შესრულება?",
    "answers": [
      "ეკრძალება",
      "არ ეკრძალება"
    ]
  },
  {
    "id": 8162,
    "correctAnswer": 0,
    "imageUrl": "assets/images/image.png",
    "correctVideo": "assets/videos/correct_19.mp4",
    "wrongVideo": "assets/videos/wrong_19.mp4",
    "previewVideo": "assets/videos/preview_19.mp4",
    "question": "მოცემულ სიტუაციაში, ეკრძალება თუ არა ლურჯი მსუბუქი ავტომობილის მძღოლს ისრის მიმართულებით გასწრება?",
    "answers": [
      "ეკრძალება",
      "არ ეკრძალება"
    ]
  },
  {
    "id": 8163,
    "correctAnswer": 3,
    "imageUrl": "assets/images/image.png",
    "correctVideo": "assets/videos/correct_19.mp4",
    "wrongVideo": "assets/videos/wrong_19.mp4",
    "previewVideo": "assets/videos/preview_19.mp4",
    "question": "რკინიგზის გადასასვლელზე აკრძალულია:",
    "answers": [
      "მხოლოდ საპირისპირო მოძრაობის ზოლზე გასვლით, გადასასვლელის წინ მდგომი სატრანსპორტო საშუალების შემოვლა",
      "მხოლოდ შლაგბაუმის ან ნახევარშლაგბაუმის თვითნებური გახსნა",
      "მხოლოდ იმ სასოფლო - სამეურნეო, საგზაო - სამშენებლო და სხვა მანქანებისა და მექანიზმების არასატრანსპორტო მდგომარეობაში გადატანა, რომლებმაც შეიძლება დააზიანონ გადასასვლელი, ან შეაფერხონ მასზე მოძრაობა",
      "ამ ბილეთში ჩამოთვლილი ნებისმიერი მოქმედების განხორციელება"
    ]
  },
  {
    "id": 8164,
    "correctAnswer": 1,
    "imageUrl": "assets/images/image.png",
    "correctVideo": "assets/videos/correct_19.mp4",
    "wrongVideo": "assets/videos/wrong_19.mp4",
    "previewVideo": "assets/videos/preview_19.mp4",
    "question": "„რკინიგზის გადასასვლელი“ არის:",
    "answers": [
      "რკინიგზის ლიანდაგების ნებისმიერი მონაკვეთი",
      "გზისა და დამოუკიდებელი ვაკისის მქონე რკინიგზის ან ტრამვაის ლიანდაგების ერთ დონეზე გადაკვეთა",
      "გზისა და დამოუკიდებელი ვაკისის მქონე რკინიგზის ან ტრამვაის ლიანდაგების სხვადასხვა დონეზე გადაკვეთა"
    ]
  },
  {
    "id": 8165,
    "correctAnswer": 3,
    "imageUrl": "assets/images/image.png",
    "correctVideo": "assets/videos/correct_19.mp4",
    "wrongVideo": "assets/videos/wrong_19.mp4",
    "previewVideo": "assets/videos/preview_19.mp4",
    "question": "მოსახვევში მოძრაობისას ავტომატარებლის მოცურება, გადაყირავება და დაკეცვა შეიძლება გამოიწვიოს:",
    "answers": [
      "მხოლოდ გადამეტებულმა სიჩქარემ",
      "მხოლოდ საჭის თვლის მკვეთრმა მობრუნებამ",
      "მხოლოდ მკვეთრმა დამუხრუჭებამ",
      "როგორც გადამეტებულმა სიჩქარემ, ასევე საჭის თვლის მკვეთრმა მობრუნებამ და მკვეთრმა დამუხრუჭებამ"
    ]
  },
  {
    "id": 8166,
    "correctAnswer": 2,
    "imageUrl": "assets/images/image.png",
    "correctVideo": "assets/videos/correct_19.mp4",
    "wrongVideo": "assets/videos/wrong_19.mp4",
    "previewVideo": "assets/videos/preview_19.mp4",
    "question": "მოლიპულ გზაზე, აღმართზე მოძრაობისას ავტომატარებლის მოცურება, გადაყირავება და დაკეცვა შეიძლება გამოიწვიოს:",
    "answers": [
      "მხოლოდ საჭის თვლის მკვეთრმა მობრუნებამ",
      "მხოლოდ მკვეთრმა დამუხრუჭებამ",
      "როგორც საჭის თვლის მკვეთრმა მობრუნებამ, ასევე მკვეთრმა დამუხრუჭებამ"
    ]
  },
  {
    "id": 8167,
    "correctAnswer": 1,
    "imageUrl": "assets/images/image.png",
    "correctVideo": "assets/videos/correct_19.mp4",
    "wrongVideo": "assets/videos/wrong_19.mp4",
    "previewVideo": "assets/videos/preview_19.mp4",
    "question": "მოსახვევში მოძრაობისას ავტომატარებლისა და შესახსრებული ავტობუსის დინამიკური დერეფანი ერთეული ავტომობილის დინამიკურ დერეფანზე მეტია:",
    "answers": [
      "5%-ით",
      "10-40%-ით",
      "50-70%-ით"
    ]
  },
  {
    "id": 8168,
    "correctAnswer": 0,
    "imageUrl": "assets/images/image.png",
    "correctVideo": "assets/videos/correct_19.mp4",
    "wrongVideo": "assets/videos/wrong_19.mp4",
    "previewVideo": "assets/videos/preview_19.mp4",
    "question": "სამარშრუტო სატრანსპორტო საშუალების მძღოლმა ზამთრის პირობებში აღნიშნულ გაჩერებაზე მოძრაობისას უნდა გაითვალისწინოს, რომ:",
    "answers": [
      "მრავალჯერადი დამუხრუჭების შედეგად წარმოიქმნება მოყინული მონაკვეთი",
      "მოძრაობის დიდი ინტესივობის გამო გზის სავალი ნაწილის საფარი მშრალია",
      "გზის სავალი ნაწილის საფარი ზამთრის პირობების გამო არ იცვლება"
    ]
  },
  {
    "id": 8169,
    "correctAnswer": 2,
    "imageUrl": "assets/images/image.png",
    "correctVideo": "assets/videos/correct_19.mp4",
    "wrongVideo": "assets/videos/wrong_19.mp4",
    "previewVideo": "assets/videos/preview_19.mp4",
    "question": "ავტომატარებლით და შესახსრებული ავტობუსით გასწრების დროს, გასასწრებ სატრანსპორტო საშუალებასთან მიმართებით უსაფრთხო გვერდითი ინტერვალი მიზანშეწონილია არ იყოს:",
    "answers": [
      "1 მეტრზე ნაკლები",
      "1,5 მეტრზე ნაკლები",
      "2 მეტრზე ნაკლები"
    ]
  },
  {
    "id": 8170,
    "correctAnswer": 1,
    "imageUrl": "assets/images/image.png",
    "correctVideo": "assets/videos/correct_19.mp4",
    "wrongVideo": "assets/videos/wrong_19.mp4",
    "previewVideo": "assets/videos/preview_19.mp4",
    "question": "ავტომატარებლით მოძრაობისას საჭიროა თუ არა დავიცვათ მეტი დისტანცია წინ მოძრავ სატრანსპორტო საშულებამდე, ვიდრე მსუბუქი ავტომობილით მოძრაობისას?",
    "answers": [
      "არა, რადგან ავტომატარებლის მძღოლის გამოცდილების გამო მისი რეაქციის დრო ნაკლებია ვიდრე სხვა მძღოლების",
      "დიახ, რადგან დიდი მასის გამო ავტომატარებლის სამუხრუჭო მანძილი უფრო დიდია ვიდრე მსუბუქი ავტომობილებისა",
      "არა, რადგან ავტომატარებლის სამუხრუჭო მანძილი უფრო მოკლეა ვიდრე მსუბუქი ავტომობილებისა"
    ]
  }
]