[
  {
    "id": 901,
    "correctAnswer": 3,
    "imageUrl": "assets/images/image.png",
    "correctVideo": "assets/videos/correct_19.mp4",
    "wrongVideo": "assets/videos/wrong_19.mp4",
    "previewVideo": "assets/videos/preview_19.mp4",
    "question": "საგზაო-სატრანსპორტო შემთხვევის მონაწილე მძღოლი ვალდებულია:",
    "answers": [
      "მხოლოდ მიიღოს საჭირო ზომები საგზაო-სატრანსპორტო შემთხვევის ადგილზე მოძრაობის უსაფრთხოების უზრუნველსაყოფად",
      "მხოლოდ მოერიდოს შემთხვევის ადგილზე რაიმეს შეცვლას ან იმ ნაკვალევის განადგურებას, რომელიც შესაძლოა სასარგებლო იყოს პასუხისმგებლობის დასადგენად",
      "მხოლოდ ჩაიწეროს თვითმხილველთა გვარები",
      "შეასრულოს ამ ბილეთში ჩამოთვლილი ყველა ქმედება"
    ]
  },
  {
    "id": 902,
    "correctAnswer": 3,
    "imageUrl": "assets/images/image.png",
    "correctVideo": "assets/videos/correct_19.mp4",
    "wrongVideo": "assets/videos/wrong_19.mp4",
    "previewVideo": "assets/videos/preview_19.mp4",
    "question": "რამდენი სავალი ნაწილი აქვს მოცემულ გზას?",
    "answers": [
      "ოთხი",
      "სამი",
      "ორი",
      "ერთი"
    ]
  },
  {
    "id": 903,
    "correctAnswer": 2,
    "imageUrl": "assets/images/image.png",
    "correctVideo": "assets/videos/correct_19.mp4",
    "wrongVideo": "assets/videos/wrong_19.mp4",
    "previewVideo": "assets/videos/preview_19.mp4",
    "question": "რამდენი სავალი ნაწილი აქვს მოცემულ გზას?",
    "answers": [
      "სამი",
      "ერთი",
      "ორი"
    ]
  },
  {
    "id": 904,
    "correctAnswer": 2,
    "imageUrl": "assets/images/image.png",
    "correctVideo": "assets/videos/correct_19.mp4",
    "wrongVideo": "assets/videos/wrong_19.mp4",
    "previewVideo": "assets/videos/preview_19.mp4",
    "question": "ქვეითთა გადასასვლელზე შესვლამდე მძღოლი ვალდებულია დარწმუნდეს, რომ:",
    "answers": [
      "გადასასვლელის ზედპირი არ არის მოყინული",
      "გადასასვლელზე საპირისპირო მიმართულებიდან არ მოძრაობს სხვა სატრანსპორტო საშუალება",
      "იძულებული არ გახდება გაჩერდეს მასზე"
    ]
  },
  {
    "id": 905,
    "correctAnswer": 1,
    "imageUrl": "assets/images/image.png",
    "correctVideo": "assets/videos/correct_19.mp4",
    "wrongVideo": "assets/videos/wrong_19.mp4",
    "previewVideo": "assets/videos/preview_19.mp4",
    "question": "უპირატესობა (პრიორიტეტი) არის:",
    "answers": [
      "საგზაო მოძრაობის მონაწილის ვალდებულება არ განახორციელოს მანევრი, თუკი ეს სხვა საგზაო მოძრაობის მონაწილეს იძულებულს გახდის უეცრად შეცვალოს სიჩქარე ან მიმართულება",
      "საგზაო მოძრაობის მონაწილის უფლება, სხვა საგზაო მოძრაობის მონაწილეებთან შედარებით პირველმა იმოძრაოს დასახული მიმართულებით"
    ]
  },
  {
    "id": 906,
    "correctAnswer": 1,
    "imageUrl": "assets/images/image.png",
    "correctVideo": "assets/videos/correct_19.mp4",
    "wrongVideo": "assets/videos/wrong_19.mp4",
    "previewVideo": "assets/videos/preview_19.mp4",
    "question": "„ავტობუსი'' არის ავტოსატრანსპორტო საშუალება, რომელიც განკუთვნილია:",
    "answers": [
      "მგზავრთა გადასაყვანად და რომლის დასასხდომი ადგილების რაოდენობა, გარდა მძღოლის ადგილისა, 8-ს არ აღემატება",
      "მგზავრთა გადასაყვანად და რომლის დასასხდომი ადგილების რაოდენობა 8-ს აღემატება",
      "ტვირთის გადასაზიდად და რომლის ნებადართული მაქსიმალური მასა აღემატება 12 000 კგ-ს"
    ]
  },
  {
    "id": 907,
    "correctAnswer": 1,
    "imageUrl": "assets/images/image.png",
    "correctVideo": "assets/videos/correct_19.mp4",
    "wrongVideo": "assets/videos/wrong_19.mp4",
    "previewVideo": "assets/videos/preview_19.mp4",
    "question": "„ავტომატარებელი“ არის:",
    "answers": [
      "ავტობუსის 1200 კგ-ზე მეტი ნებადართული მაქსიმალური მასის მქონე მისაბმელთან (მისაბმელებთან) კომბინაცია",
      "სატვირთო ავტომობილის 750 კგ-ზე მეტი ნებადართული მაქსიმალური მასის მქონე მისაბმელთან (მისაბმელებთან) კომბინაცია",
      "მსუბუქი ავტომობილის 750 კგ-ზე მეტი ნებადართული მაქსიმალური მასის მქონე მისაბმელთან (მისაბმელებთან) კომბინაცია"
    ]
  },
  {
    "id": 908,
    "correctAnswer": 0,
    "imageUrl": "assets/images/image.png",
    "correctVideo": "assets/videos/correct_19.mp4",
    "wrongVideo": "assets/videos/wrong_19.mp4",
    "previewVideo": "assets/videos/preview_19.mp4",
    "question": "„არასაკმარის ხილვადობად“ ითვლება გვირაბში გავლისას, დღე-ღამის ბნელ დროს, ნისლის, წვიმის, თოვის და სხვა ბუნებრივი მოვლენების დროს, გზის ხილვადობის შემცირება:",
    "answers": [
      "300 მეტრზე ნაკლებ მანძილზე",
      "500 მეტრზე ნაკლებ მანძილზე",
      "600 მეტრზე ნაკლებ მანძილზე"
    ]
  },
  {
    "id": 909,
    "correctAnswer": 2,
    "imageUrl": "assets/images/image.png",
    "correctVideo": "assets/videos/correct_19.mp4",
    "wrongVideo": "assets/videos/wrong_19.mp4",
    "previewVideo": "assets/videos/preview_19.mp4",
    "question": "„გამყოფი ზოლი“ არის:",
    "answers": [
      "გზის ნაწილი, რომელიც ჩვეულებრივ ურელსო სატრანსპორტო საშუალებების მოძრაობისთვის გამოიყენება",
      "გრძივი საგზაო მონიშვნის საშუალებით მონიშნული ან მოუნიშნავი ნებისმიერი ზოლი იმ გრძივი ზოლებიდან, რომლებადაც შეიძლება დაიყოს გზის სავალი ნაწილი",
      "კონსტრუქციულად გამოყოფილი გზის ელემენტი, რომელიც ყოფს მომიჯნავე სავალ ნაწილებს და არ არის განკუთვნილი მასზე ურელსო სატრანსპორტო საშუალების მოძრაობისათვის"
    ]
  },
  {
    "id": 910,
    "correctAnswer": 0,
    "imageUrl": "assets/images/image.png",
    "correctVideo": "assets/videos/correct_19.mp4",
    "wrongVideo": "assets/videos/wrong_19.mp4",
    "previewVideo": "assets/videos/preview_19.mp4",
    "question": "„გზაჯვარედინი“ არის:",
    "answers": [
      "ერთ დონეზე გზების კვეთა, შეერთება ან განშტოება, ასეთი კვეთით, შეერთებით ან განშტოებით წარმოქმნილი ტერიტორიების ჩათვლით",
      "მიმდებარე ტერიტორიებიდან გამოსასვლელებისა და გზების კვეთა",
      "სხვადასხვა დონეზე არსებული სავალი ნაწილების კვეთა"
    ]
  },
  {
    "id": 911,
    "correctAnswer": 2,
    "imageUrl": "assets/images/image.png",
    "correctVideo": "assets/videos/correct_19.mp4",
    "wrongVideo": "assets/videos/wrong_19.mp4",
    "previewVideo": "assets/videos/preview_19.mp4",
    "question": "„დასახლებული პუნქტი“ არის:",
    "answers": [
      "ნებისმიერი ტერიტორია, რომელზეც დასახლებულია ხალხი",
      "ნებისმიერი გზა, რომელიც განკუთვნილია ქვეითთა ინტენსიური მოძრაობისათვის",
      "განაშენიანებული ტერიტორია, სადაც შესასვლელი და გამოსასვლელი აღნიშნულია შესაბამისი საგზაო ნიშნებით"
    ]
  },
  {
    "id": 912,
    "correctAnswer": 2,
    "imageUrl": "assets/images/image.png",
    "correctVideo": "assets/videos/correct_19.mp4",
    "wrongVideo": "assets/videos/wrong_19.mp4",
    "previewVideo": "assets/videos/preview_19.mp4",
    "question": "„დატვირთული მასა“ არის:",
    "answers": [
      "სატრანსპორტო საშუალების მასა მძღოლის, მგზავრებისა და ტვირთის გარეშე, მაგრამ საწვავის სრული მარაგითა და ხელსაწყოების აუცილებელი კომპლექტით",
      "ქარხანა-დამამზადებელის მიერ განსაზღვრული სატრანსპორტო საშუალების მასა მძღოლის, მგზავრებისა და ტვირთის გარეშე",
      "მოცემულ დროის მონაკვეთში დატვირთული სატრანსპორტო საშუალების ფაქტობრივი მასა, მძღოლისა და მგზავრების ჩათვლით"
    ]
  },
  {
    "id": 913,
    "correctAnswer": 0,
    "imageUrl": "assets/images/image.png",
    "correctVideo": "assets/videos/correct_19.mp4",
    "wrongVideo": "assets/videos/wrong_19.mp4",
    "previewVideo": "assets/videos/preview_19.mp4",
    "question": "„დაუტვირთავი მასა“ არის:",
    "answers": [
      "ქარხანა-დამამზადებელის მიერ განსაზღვრული სატრანსპორტო საშუალების მასა მძღოლის, მგზავრებისა და ტვირთის გარეშე, მაგრამ საწვავის სრული მარაგისა და ხელსაწყოების აუცილებელი კომპლექტის ჩათვლით",
      "მოცემულ დროის მონაკვეთში დაუტვირთავი სატრანსპორტო საშუალების ფაქტობრივი მასა, მძღოლისა და მგზავრების ჩათვლით",
      "სარეგისტრაციო სამსახურის მიერ განსაზღვრული სატრან스პორტო საშუალების მასა მძღოლის, მგზავრებისა და ტვირთის გარეშე"
    ]
  },
  {
    "id": 914,
    "correctAnswer": 0,
    "imageUrl": "assets/images/image.png",
    "correctVideo": "assets/videos/correct_19.mp4",
    "wrongVideo": "assets/videos/wrong_19.mp4",
    "previewVideo": "assets/videos/preview_19.mp4",
    "question": "„მიმდებარე ტერიტორია“ არის:",
    "answers": [
      "ტერიტორია, რომელიც უშუალოდ გზას ეკვრის და არ არის განკუთვნილი სატრანსპორტო საშუალების გამჭოლი მოძრაობისათვის (ეზო, საცხოვრებელი მასივი, ავტოსადგომი, ბენზინგასამართი სადგური, დაწესებულება და სხვა)",
      "გზის ელემენტი, რომელიც განკუთვნილია ურელსო სატრანსპორტო საშუალების მოძრაობისათვის (გარდა ტროტუარისა, გვერდულისა, ველობილიკისა და ქვეითთა ბილიკისა)",
      "ერთ დონეზე გზების კვეთა, შეერთება ან განშტოება, ასეთი კვეთით, შეერთებით ან განშტოებით წარმოქმნილი ტერიტორიების ჩათვლით"
    ]
  },
  {
    "id": 915,
    "correctAnswer": 2,
    "imageUrl": "assets/images/image.png",
    "correctVideo": "assets/videos/correct_19.mp4",
    "wrongVideo": "assets/videos/wrong_19.mp4",
    "previewVideo": "assets/videos/preview_19.mp4",
    "question": "„მოძრაობის ზოლი“ არის:",
    "answers": [
      "კონსტრუქციულად გამოყოფილი გზის ელემენტი, რომელიც ყოფს მომიჯნავე სავალ ნაწილებს",
      "მოძრაობისთვის გახსნილი გზის ან ქუჩის მთელი ზედაპირი",
      "გრძივი საგზაო მონიშვნის საშუალებით მონიშნული ან მოუნიშნავი ნებისმიერი ზოლი იმ გრძივი ზოლებიდან, რომლებადაც შეიძლება დაიყოს სავალი ნაწილი, მაგრამ რომელსაც აქვს მოტოციკლისაგან განსხვავებული საავტომობილო ტრანსპორტის ერთ რიგში მოძრაობისათვის საკმარისი სიგანე"
    ]
  },
  {
    "id": 916,
    "correctAnswer": 2,
    "imageUrl": "assets/images/image.png",
    "correctVideo": "assets/videos/correct_19.mp4",
    "wrongVideo": "assets/videos/wrong_19.mp4",
    "previewVideo": "assets/videos/preview_19.mp4",
    "question": "„ნებადართული მაქსიმალური მასა“ არის:",
    "answers": [
      "მოცემულ დროის მონაკვეთში დატვირთული სატრანსპორტო საშუალების ფაქტობრივი მასა, მძღოლისა და მგზავრების ჩათვლით",
      "ტვირთით და მგზავრებით შევსებული, აღჭურვილ მდგომარეობაში მყოფი სატრანსპორტო საშუალების მასა, რომლის ზღვარს ადგენს სატრანსპორტო საშუალების ქარხანა-დამამზადებელი",
      "დატვირთული სატრანსპორტო საშუალების მაქსიმალური მასა, რომელიც დასაშვებად არის გამოცხადებული იმ სახელმწიფოს კომპეტენტური ორგანოს მიერ, რომელშიც დარეგისტრირებულია სატრანსპორტო საშუალება"
    ]
  },
  {
    "id": 917,
    "correctAnswer": 1,
    "imageUrl": "assets/images/image.png",
    "correctVideo": "assets/videos/correct_19.mp4",
    "wrongVideo": "assets/videos/wrong_19.mp4",
    "previewVideo": "assets/videos/preview_19.mp4",
    "question": "„ნელმავალი სატრანსპორტო საშუალება“ არის:",
    "answers": [
      "ძრავიანი ან უძრავო სატრანსპორტო საშუალება, რომლის კონსტრუქციული სიჩქარე არ აღემატება 45 კმ/სთ-ს",
      "ძრავიანი სატრანსპორტო საშუალება, რომლის კონსტრუქციული სიჩქარე არ აღემატება 40 კმ/სთ-ს ან რომელიც აღნიშულ სიჩქარეს ვერ აჭარბებს, ან ეკრძალება გადაჭარბება ისეთი მიზეზით, რომელიც არ არის დაკავშირებული სატრანსპორტო საშუალებათა ნაკადებთან",
      "ნებისმიერი სატრანსპორტო საშუალება, რომელიც გზაზე გადაადგილდება არა უმეტეს 50 კმ/სთ სიჩქარით"
    ]
  },
  {
    "id": 918,
    "correctAnswer": 0,
    "imageUrl": "assets/images/image.png",
    "correctVideo": "assets/videos/correct_19.mp4",
    "wrongVideo": "assets/videos/wrong_19.mp4",
    "previewVideo": "assets/videos/preview_19.mp4",
    "question": "„ღერძზე დატვირთვა“ არის:",
    "answers": [
      "სატრანსპორტო საშუალების ფაქტიური მასის ნაწილი, რომელიც ღერძზე დაწოლის შედეგად წარმოშობს გზაზე დატვირთვას",
      "ქარხანა-დამამზადებელის მიერ დადგენილი ღერძზე დაწოლის მაქსიმალური მასა, რომელთა ჯამი განსაზღვრავს სატრანსპორტო საშუალების სრული მასის ზღვარს"
    ]
  },
  {
    "id": 919,
    "correctAnswer": 1,
    "imageUrl": "assets/images/image.png",
    "correctVideo": "assets/videos/correct_19.mp4",
    "wrongVideo": "assets/videos/wrong_19.mp4",
    "previewVideo": "assets/videos/preview_19.mp4",
    "question": "„შეზღუდული ხილვადობა“ არის:",
    "answers": [
      "გვირაბში გავლისას, დღე-ღამის ბნელ დროს, ნისლის, წვიმის, თოვის და სხვა ბუნებრივი მოვლენების დროს გზის ხილვადობის 300 მეტრზე ნაკლებ მანძილზე შემცირება",
      "გარემოება, რომლის დროსაც მოკლე მოსახვევი, აღმართის დასასრული, გამწვანება, გზისპირა ნაგებობა ან გზაზე არსებული დაბრკოლება მოძრაობის მიმართულებით გზის ხილვადობას ისე ამცირებს, რომ აღნიშნულ გზის მონაკვეთზე ნებადართული მაქსიმალური სიჩქარით მოძრაობამ შეიძლება საფრთხე წარმოშვას"
    ]
  },
  {
    "id": 920,
    "correctAnswer": 0,
    "imageUrl": "assets/images/image.png",
    "correctVideo": "assets/videos/correct_19.mp4",
    "wrongVideo": "assets/videos/wrong_19.mp4",
    "previewVideo": "assets/videos/preview_19.mp4",
    "question": "„მსუბუქი მისაბმელი“ არის:",
    "answers": [
      "მისაბმელი, რომლის ნებადართული მაქსიმალური მასა არ აღემატება 750 კგ-ს",
      "მისაბმელი, რომლის დაუტვირთავი წონა არ აღემატება 850 კგ-კგ",
      "მისაბმელი, რომლის სრული მასა არ აღემატება 950 კგ-ს"
    ]
  },
  {
    "id": 921,
    "correctAnswer": 2,
    "imageUrl": "assets/images/image.png",
    "correctVideo": "assets/videos/correct_19.mp4",
    "wrongVideo": "assets/videos/wrong_19.mp4",
    "previewVideo": "assets/videos/preview_19.mp4",
    "question": "სატრანსპორტო საშუალების \"სრული მასა\" არის:",
    "answers": [
      "სატრანსპორტო საშუალების მასა ეკიპაჟის, მგზავრებისა და ტვირთის გარეშე",
      "მოცემული დროის მონაკვეთში დატვირთული სატრანსპორტო საშუალების, ეკიპაჟისა და მგზავრების მასა",
      "ტვირთით, ეკიპაჟითა და მგზავრებით შევსებული, აღჭურვილ მდგომარეობაში მყოფი სატრანსპორტო საშუალების მასა, რომლის ზღვარს ადგენს სატრანსპორტო საშუალების ქარხანა-დამამზადებელი",
      "სატრანსპორტო საშუალების მასის ნაწილი, რომელიც ღერძზე დაწოლის შედეგად წარმოშობს გზაზე დატვირთვას"
    ]
  },
  {
    "id": 922,
    "correctAnswer": 1,
    "imageUrl": "assets/images/image.png",
    "correctVideo": "assets/videos/correct_19.mp4",
    "wrongVideo": "assets/videos/wrong_19.mp4",
    "previewVideo": "assets/videos/preview_19.mp4",
    "question": "თითოეულ წამყვან ან არაწამყვან ღერძზე დატვირთვის განსაზღვრისას, სატრანსპორტო საშუალების განივ ჭრილში ერთ ხაზზე განლაგებული, კონსტრუქციულად განცალკევებული ღერძები განიხილება, როგორც:",
    "answers": [
      "დამოუკიდებელი ღერძები",
      "ერთი მთლიანი ღერძი",
      "ერთი მთლიანი ღერძი - არაწამყვანი ღერძის შემთხვევაში, დამოუკიდებელი ღერძები - წამყვანი ღერძის შემთხვევაში"
    ]
  },
  {
    "id": 923,
    "correctAnswer": 0,
    "imageUrl": "assets/images/image.png",
    "correctVideo": "assets/videos/correct_19.mp4",
    "wrongVideo": "assets/videos/wrong_19.mp4",
    "previewVideo": "assets/videos/preview_19.mp4",
    "question": "იმ ორმხრივმოძრაობიან გზაზე, რომელსაც აქვს გამყოფი ზოლი, საპირისპირო მიმართულების მოძრაობის მხარედ ითვლება:",
    "answers": [
      "გამყოფი ზოლის მარცხნივ არსებული სავალი ნაწილი",
      "გამყოფი ზოლის მარჯვნივ არსებული სავალი ნაწილი",
      "ამ ბილეთში ჩამოთვლილი არცერთი"
    ]
  },
  {
    "id": 924,
    "correctAnswer": 0,
    "imageUrl": "assets/images/image.png",
    "correctVideo": "assets/videos/correct_19.mp4",
    "wrongVideo": "assets/videos/wrong_19.mp4",
    "previewVideo": "assets/videos/preview_19.mp4",
    "question": "თუ მძღოლი ვერ განსაზღვრავს გზაზე საფარის არსებობას (სიბნელის, თოვლის, ტალახის გამო ან სხვა მიზეზით) და არც პრიორიტეტის ნიშნებია, ითვლება, რომ ის იმყოფება:",
    "answers": [
      "მეორეხარისხოვან გზაზე",
      "მთავარ გზაზე",
      "ავტომაგისტრალთან გათანაბრებულ გზაზე"
    ]
  },
  {
    "id": 925,
    "correctAnswer": 1,
    "imageUrl": "assets/images/image.png",
    "correctVideo": "assets/videos/correct_19.mp4",
    "wrongVideo": "assets/videos/wrong_19.mp4",
    "previewVideo": "assets/videos/preview_19.mp4",
    "question": "თუ გზაზე საგზაო სამუშაოების მწარმოებელი ორგანიზაციის ავტომობილზე დაყენებული დროებითი საგზაო ნიშნის მოთხოვნები ეწინააღმდეგება იმავე გზის მონაკვეთზე სტაციონარულად დაყენებულ საგზაო ნიშნის მოთხოვნებს მძღოლი ვალდებულია შეასრულოს:",
    "answers": [
      "სტაციონარულად დაყენებული საგზაო ნიშნის მოთხოვნები",
      "საგზაო სამუშაოების მწარმოებელი ორგანიზაციის ავტომობილზე დაყენებული დროებითი საგზაო ნიშნის მოთხოვნები"
    ]
  },
  {
    "id": 926,
    "correctAnswer": 2,
    "imageUrl": "assets/images/image.png",
    "correctVideo": "assets/videos/correct_19.mp4",
    "wrongVideo": "assets/videos/wrong_19.mp4",
    "previewVideo": "assets/videos/preview_19.mp4",
    "question": "მოტოციკლის, ავტობუსის, მსუბუქი და სატვირთო ავტომობილების მართვა შეუძლია მხოლოდ იმ პირს:",
    "answers": [
      "რომლის ჯანმრთელობის მდგომარეობაც შეესაბამება საქართველოს კანონმდებლობით განსაზღვრულ სატრანსპორტო საშუალებათა მართვისთვის საჭირო ჯანმრთელობის მდგომარეობისადმი მოთხოვნებს",
      "რომელსაც საქართველოს კანონმდებლობით დადგენილი წესით მიენიჭა შესაბამისი კატეგორიის ან/და ქვეკატეგორიის სატრანსპორტო საშუალების მართვის უფლება და ეს უფლება არ არის შეჩერებული ან შეწყვეტილი",
      "რომელიც აკმაყოფილებს ამ ბილეთში ჩამოთვლილ ყველა პირობას"
    ]
  },
  {
    "id": 927,
    "correctAnswer": 1,
    "imageUrl": "assets/images/image.png",
    "correctVideo": "assets/videos/correct_19.mp4",
    "wrongVideo": "assets/videos/wrong_19.mp4",
    "previewVideo": "assets/videos/preview_19.mp4",
    "question": "რომელი საცნობი ნიშანი მაგრდება სახიფათო ტვირთის გადამზიდი სატრანსპორტო საშუალების წინა და უკანა მხარეს?",
    "answers": [
      "მხოლოდ I",
      "მხოლოდ II",
      "მხოლოდ III",
      "მხოლოდ I და II"
    ]
  },
  {
    "id": 928,
    "correctAnswer": 2,
    "imageUrl": "assets/images/image.png",
    "correctVideo": "assets/videos/correct_19.mp4",
    "wrongVideo": "assets/videos/wrong_19.mp4",
    "previewVideo": "assets/videos/preview_19.mp4",
    "question": "რომელი საცნობი ნიშანი მაგრდება იმ მექანიკური სატრანსპორტო საშუალების წინა და უკანა მხარეს, რომელსაც სმენადაქვეითებული მძღოლი მართავს?",
    "answers": [
      "მხოლოდ III",
      "მხოლოდ II",
      "მხოლოდ I"
    ]
  },
  {
    "id": 929,
    "correctAnswer": 1,
    "imageUrl": "assets/images/image.png",
    "correctVideo": "assets/videos/correct_19.mp4",
    "wrongVideo": "assets/videos/wrong_19.mp4",
    "previewVideo": "assets/videos/preview_19.mp4",
    "question": "რომელი საცნობი ნიშანი მაგრდება იმ სატრანსპორტო საშუალებაზე, რომლის სიჩქარე ტვირთის გათვალისწინებით და ტექნიკური მახასიათებლებით კანონმდებლობით დადგენილზე ნაკლებია?",
    "answers": [
      "მხოლოდ III",
      "მხოლოდ II",
      "მხოლოდ I"
    ]
  },
  {
    "id": 930,
    "correctAnswer": 1,
    "imageUrl": "assets/images/image.png",
    "correctVideo": "assets/videos/correct_19.mp4",
    "wrongVideo": "assets/videos/wrong_19.mp4",
    "previewVideo": "assets/videos/preview_19.mp4",
    "question": "მძღოლის სურვილისამებრ რომელი საცნობი ნიშანი შეიძლება დამაგრდეს იმ სატრანსპორტო საშუალებაზე, რომელსაც ექიმი მძღოლი მართავს?",
    "answers": [
      "მხოლოდ III",
      "მხოლოდ II",
      "მხოლოდ I"
    ]
  },
  {
    "id": 931,
    "correctAnswer": 1,
    "imageUrl": "assets/images/image.png",
    "correctVideo": "assets/videos/correct_19.mp4",
    "wrongVideo": "assets/videos/wrong_19.mp4",
    "previewVideo": "assets/videos/preview_19.mp4",
    "question": "მოცემული საგზაო ნიშანი იდგმება:",
    "answers": [
      "საპატრულო პოლიციის საგუშაგოებთან",
      "საქართველოს ტერიტორიაზე, შემოსასვლელებში, საკონტროლო გამშვებ პუნქტებთან",
      "ავტომაგისტრალის დასაწყისში"
    ]
  },
  {
    "id": 932,
    "correctAnswer": 0,
    "imageUrl": "assets/images/image.png",
    "correctVideo": "assets/videos/correct_19.mp4",
    "wrongVideo": "assets/videos/wrong_19.mp4",
    "previewVideo": "assets/videos/preview_19.mp4",
    "question": "თუ გაზონზე ან ტროტუარზე მყოფ მოთამაშე ბავშვებს სატრანსპორტო საშუალების წინ გზის სავალ ნაწილზე გადმოუვარდათ ბურთი, მძღოლმა უნდა გაითვალისწინოს, რომ:",
    "answers": [
      "ბავშვები შეიძლება გამოიქცნენ გზის სავალ ნაწილზე ბურთის ასაღებად",
      "ბავშვების სავალ ნაწილზე გამოსვლის საფრთხე არ არსებობს, ვინაიდან ისინი ვალდებულები არიან მოიცადონ გზის სავალი ნაწილის კიდესთან და დაელოდონ ავტომობილის გავლას"
    ]
  },
  {
    "id": 933,
    "correctAnswer": 2,
    "imageUrl": "assets/images/image.png",
    "correctVideo": "assets/videos/correct_19.mp4",
    "wrongVideo": "assets/videos/wrong_19.mp4",
    "previewVideo": "assets/videos/preview_19.mp4",
    "question": "თუ სატრანსპორტო საშუალება უახლოვდება ტროტუარზე მოთამაშე ბავშვებს, მძღოლმა უნდა:",
    "answers": [
      "ბავშვებზე ყურადღების მიუქცევლად გააგრძელოს მოძრაობა რათა არ შეუმნას დაბრკოლება მის უკან მოძრავ სატრანსპორტო საშუალებებს",
      "მისცეს მხოლოდ ხმოვანი სიგნალი და შეუფერხებლად გააგრძლოს მოძრაობა",
      "შეანელოს სიჩქარე და მზად იყოს დამუხრუჭებისთვის"
    ]
  },
  {
    "id": 934,
    "correctAnswer": 2,
    "imageUrl": "assets/images/image.png",
    "correctVideo": "assets/videos/correct_19.mp4",
    "wrongVideo": "assets/videos/wrong_19.mp4",
    "previewVideo": "assets/videos/preview_19.mp4",
    "question": "სპეციალური საბავშვო ეტლის, სავარძლის ან დამჭერი მოწყობილობის გამოყენების შემთხვევაში მძღოლი უნდა დარწმუნდეს:",
    "answers": [
      "მხოლოდ, რომ ეტლი, სავარძლი ან დამჭერი მოწყობილობა შეესაბამება ბავშვის სიმაღლეს და წონას",
      "მხოლოდ, რომ სატრანსპორტო საშუალების კონსტრუქციიდან გამომდინარე შესაძლებელია ბავშვის გადაყვანისას სპეციალური საბავშვო ეტლის, სავარძლის ან შესაბამისი დამჭერი მოწყობილობის გამოყენება",
      "ამ ბილეთში ჩამოთვლილ ყველა გარემოებაში"
    ]
  },
  {
    "id": 935,
    "correctAnswer": 2,
    "imageUrl": "assets/images/image.png",
    "correctVideo": "assets/videos/correct_19.mp4",
    "wrongVideo": "assets/videos/wrong_19.mp4",
    "previewVideo": "assets/videos/preview_19.mp4",
    "question": "სხვა პირისათვის მექანიკური სატრანსპორტო საშუალების სამართავად გადაცემა აკრძალულია:",
    "answers": [
      "მხოლოდ იმ შემთხვევაში, თუ იგი იმყოფება ალკოჰოლური, ნარკოტიკული ან ფსიქოტროპული სიმთვრალის მდგომარეობაში",
      "მხოლოდ იმ შემთხვევაში, თუ მას არ აქვს შესაბამისი კატეგორიის ან ქვეკატეგორიის სატრანსპორტო საშუალების მართვის უფლება ან ეს უფლება შეჩერებული, ჩამორთმეული ან შეწყვეტილი (გაუქმებული) აქვს საქართველოს კანონმდებლობით დადგენილი წესით.",
      "ამ ბილეთში ჩამოთვლილ ნებისმიერ შემთხვევაში"
    ]
  },
  {
    "id": 936,
    "correctAnswer": 0,
    "imageUrl": "assets/images/image.png",
    "correctVideo": "assets/videos/correct_19.mp4",
    "wrongVideo": "assets/videos/wrong_19.mp4",
    "previewVideo": "assets/videos/preview_19.mp4",
    "question": "დღე-ღამის ბნელ დროს ან არასაკმარისი ხილვადობის პირობებში, სატრანსპორტო საშუალების მოძრაობის სიჩქარის შერჩევისას მძღოლმა გადამწყვეტი მნიშვნელობა უნდა მიანიჭოს:",
    "answers": [
      "მხედველობის პირობებს",
      "მოცემულ გზის მონაკვეთზე საგზაო მონიშვნით განსაზღვრულ მოთხოვნებს",
      "თანმხვედრი მიმართულებით მოძრაობის ზოლების რაოდენობას",
      "ამ ბილეთში ჩამოთვლილი არცერთი გარემოება გასათვალისწინებელი არ არის"
    ]
  }
]