[
  {
    "id": 1131,
    "correctAnswer": 0,
    "imageUrl": "assets/images/image.png",
    "correctVideo": "assets/videos/correct_19.mp4",
    "wrongVideo": "assets/videos/wrong_19.mp4",
    "previewVideo": "assets/videos/preview_19.mp4",
    "question": "ერთობლივად ჩართული შუქნიშნის წითელი და ყვითელი მაშუქი სიგნალები:",
    "answers": [
      "1\nკრძალავს მოძრაობას და იტყობინება მწვანე მაშუქი სიგნალის მოსალოდნელი ჩართვის შესახებ",
      "2\nრთავს მოძრაობის ნებას და იძლევა ინფორმაციას გზის მონაკვეთზე საფრთხის არსებობის შესახებ"
    ]
  },
  {
    "id": 1132,
    "correctAnswer": 2,
    "imageUrl": "assets/images/image.png",
    "correctVideo": "assets/videos/correct_19.mp4",
    "wrongVideo": "assets/videos/wrong_19.mp4",
    "previewVideo": "assets/videos/preview_19.mp4",
    "question": "ოპერატიული სამსახურის ავტომობილის მძღოლი, მიუხედავად საგზაო ნიშნებისა და მონიშვნების მოთხოვნებისა, სხვა საგზაო მოძრაობის მონაწილეების მიმართ სარგებლობს პრიორიტეტით, თუ ჩართული აქვს:",
    "answers": [
      "1\nლურჯი მოელვარე სპეციალური ციმციმა სიგნალი",
      "2\nლურჯი და წითელი მოელვარე სპეციალური ციმციმა სიგნალები",
      "3\nლურჯი მოელვარე სპეციალური ციმციმა და ხმოვანი სიგნალები"
    ]
  },
  {
    "id": 1133,
    "correctAnswer": 0,
    "imageUrl": "assets/images/image.png",
    "correctVideo": "assets/videos/correct_19.mp4",
    "wrongVideo": "assets/videos/wrong_19.mp4",
    "previewVideo": "assets/videos/preview_19.mp4",
    "question": "ვალდებულია თუ არა, საგზაო მოძრაობის მონაწილე გზა დაუთმოს ჩართული ახლო ნათების ფარებით მოძრავ იმ სატრანსპორტო საშუალებას, რომელსაც მიაცილებს ოპერატიული სამსახურის სატრანსპორტო საშუალება ჩართული ლურჯი მოელვარე სპეციალური ციმციმა და ხმოვანი სიგნალებით?",
    "answers": [
      "1\nვალდებულია",
      "2\nარ არის ვალდებული"
    ]
  },
  {
    "id": 1134,
    "correctAnswer": 1,
    "imageUrl": "assets/images/image.png",
    "correctVideo": "assets/videos/correct_19.mp4",
    "wrongVideo": "assets/videos/wrong_19.mp4",
    "previewVideo": "assets/videos/preview_19.mp4",
    "question": "ოპერატიული ან სპეციალური სამსახურის სატრანსპორტო საშუალების მოახლოებისას, რომელსაც ჩართული აქვს ლურჯი მოელვარე სპეციალური ციმციმა და ხმოვანი სიგნალები ან/და ხმამაღლამოლაპარაკე ხელსაწყოთი იძლევა სიგნალს, საგზაო მოძრაობის მონაწილეები ვალდებულნი არიან:",
    "answers": [
      "1\nდაუყოვნებლივ გაჩერდნენ ყოფნის ადგილას",
      "2\nგაანთავისუფლონ სავალ ნაწილზე ადგილი, ხოლო აუცილებლობის შემთხვევაში გაჩერდნენ",
      "3\nგადაჯგუფდნენ თანმხვედრი მიმართულების უკიდურეს მარცხენა ზოლზე"
    ]
  },
  {
    "id": 1135,
    "correctAnswer": 1,
    "imageUrl": "assets/images/image.png",
    "correctVideo": "assets/videos/correct_19.mp4",
    "wrongVideo": "assets/videos/wrong_19.mp4",
    "previewVideo": "assets/videos/preview_19.mp4",
    "question": "ჩართული ლურჯი მოელვარე სპეციალური ციმციმა სიგნალით მდგომ სპეციალური სამსახურის სატრანსპორტო საშუალებასთან მიახლოებისას, მძღოლმა უნდა:",
    "answers": [
      "1\nგანაგრძოს გზა სიჩქარის შეუცვლელად",
      "2\nშეანელოს სიჩქარე, რათა აუცილებლობის შემთხვევაში ჰქონდეს ტრანსპორტის დაუყოვნებლივ გაჩერების შესაძლებლობა",
      "3\nგაზარდოს სიჩქარე, რათა დროულად გაიაროს აღნიშნული ადგილი"
    ]
  },
  {
    "id": 1136,
    "correctAnswer": 1,
    "imageUrl": "assets/images/image.png",
    "correctVideo": "assets/videos/correct_19.mp4",
    "wrongVideo": "assets/videos/wrong_19.mp4",
    "previewVideo": "assets/videos/preview_19.mp4",
    "question": "მძღოლს, რომელსაც სპეციალური სამსახურის სატრანსპორტო საშუალებაზე ჩართული აქვს ნარინჯისფერი მოელვარე სპეციალური ციმციმა სიგნალი, სამსახურებრივი მოვალეობის შესრულებისას შეუძლია გადაუხვიოს საგზაო ნიშნებისა და მონიშვნების მოთხოვნებს, თუ:",
    "answers": [
      "1\nჩართული აქვს ახლო განათების ფარები",
      "2\nუზრუნველყოფს საგზაო მოძრაობის უსაფრთხოებას",
      "3\nავტომობილზე დამაგრებულია დროებითი საგზაო ნიშნები"
    ]
  },
  {
    "id": 1137,
    "correctAnswer": 1,
    "imageUrl": "assets/images/image.png",
    "correctVideo": "assets/videos/correct_19.mp4",
    "wrongVideo": "assets/videos/wrong_19.mp4",
    "previewVideo": "assets/videos/preview_19.mp4",
    "question": "სპეციალური სამსახურის სატრან스პორტო საშუალებაზე ჩართული ყვითელი მოელვარე სპეციალური ციმციმა სიგნალი გამოიყენება:",
    "answers": [
      "1\nსაგზაო მოძრაობის სხვა მონაწილეების მიმართ უპირატესობის მოსაპოვებლად",
      "2\nყურადღების მისაპყრობად, მოსალოდნელი საშიშროების თავიდან აცილებისათვის"
    ]
  },
  {
    "id": 1138,
    "correctAnswer": 1,
    "imageUrl": "assets/images/image.png",
    "correctVideo": "assets/videos/correct_19.mp4",
    "wrongVideo": "assets/videos/wrong_19.mp4",
    "previewVideo": "assets/videos/preview_19.mp4",
    "question": "სატრანსპორტო საშუალებებზე სპეციალური ციმციმა და ხმოვანი სიგნალების დაყენება, ასევე ავტომანქანებისთვის სპეციალური შეფერილობის მიცემა, ხორციელდება:",
    "answers": [
      "1\nსაქართველოს ფინანსთა მინისტრის მიერ განსაზღვრული წესის შესაბამისად",
      "2\nსაქართველოს შინაგან საქმეთა მინისტრის მიერ განსაზღვრული წესის შესაბამისად",
      "3\nსაქართველოს იუსტიციის მინისტრის მიერ განსაზღვრული წესის შესაბამისად"
    ]
  },
  {
    "id": 1139,
    "correctAnswer": 2,
    "imageUrl": "assets/images/image.png",
    "correctVideo": "assets/videos/correct_19.mp4",
    "wrongVideo": "assets/videos/wrong_19.mp4",
    "previewVideo": "assets/videos/preview_19.mp4",
    "question": "ჩართული ახლო განათების ფარებით სატვირთო ავტომობილს მიაცილებს ოპერატიული სამსახურის ავტომობილი, ჩართული ლურჯი მოელვარე სპეციალური ციმციმა და ხმოვანი სიგნალებით. რომელი ავტომობილის მიმართ წარმოექმნება გზის დათმობის ვალდებულება ავტობუსის მძღოლს ისრის მიმართულებით მოძრაობის შემთხვევაში შუქნიშნის ამ სიგნალზე?",
    "answers": [
      "1\nარცერთი ავტომობილის მძღოლის მიმართ",
      "2\nმხოლოდ ოპერატიული ავტომობილის მძღოლის მიმართ",
      "3\nროგორც ოპერატიული სამსახურის, ასევე სატვირთო ავტომობილების მძღოლების მიმართ"
    ]
  },
  {
    "id": 1140,
    "correctAnswer": 2,
    "imageUrl": "assets/images/image.png",
    "correctVideo": "assets/videos/correct_19.mp4",
    "wrongVideo": "assets/videos/wrong_19.mp4",
    "previewVideo": "assets/videos/preview_19.mp4",
    "question": "რომელი მიმართულებით მოძრაობის გაგრძელების უფლება აქვს ოპერატიული სამსახურის ავტომობილის მძღოლს შუქნიშნის ამ სიგნალზე, თუ ავტომობილს ჩართული აქვს ლურჯი მოელვარე სპეციალური ციმციმა სიგნალი?",
    "answers": [
      "1\nმხოლოდ პირდაპირ და მარჯვნივ",
      "2\nმხოლოდ მარჯვნივ",
      "3\nყველა მიმართულებით",
      "4\nმხოლოდ მარცხნივ და უკუმიმართულებით (მობრუნება)"
    ]
  },
  {
    "id": 1141,
    "correctAnswer": 1,
    "imageUrl": "assets/images/image.png",
    "correctVideo": "assets/videos/correct_19.mp4",
    "wrongVideo": "assets/videos/wrong_19.mp4",
    "previewVideo": "assets/videos/preview_19.mp4",
    "question": "ვალდებულია თუ არა წითელი ავტომობილის მძღოლი გზა დაუთმოს ოპერატიული სამსახურის ავტომობილის მძღოლს, თუ ავტომობილზე ჩართული არ არის ლურჯი მოელვარე სპეციალური ციმციმა და ხმოვანი სიგნალები?",
    "answers": [
      "1\nვალდებულია",
      "2\nარ არის ვალდებული"
    ]
  },
  {
    "id": 1142,
    "correctAnswer": 0,
    "imageUrl": "assets/images/image.png",
    "correctVideo": "assets/videos/correct_19.mp4",
    "wrongVideo": "assets/videos/wrong_19.mp4",
    "previewVideo": "assets/videos/preview_19.mp4",
    "question": "ოპერატიული სამსახურის ავტომობილს ჩართული აქვს ლურჯი მოელვარე სპეციალური ციმციმა და ხმოვანი სიგნალები. წითელი ავტომობილის მძღოლი არ დაარღვევს საგზაო მოძრაობის წესებს, თუ:",
    "answers": [
      "1\nგაატარებს ყვითელ ავტომობილს და გადავა მარჯვნივ მდებარე ზოლში",
      "2\nარ დაუთმობს გზას ყვითელ ავტომობილს და გადავა მარჯვნივ მდებარე ზოლში",
      "3\nგააგრძელებს მოძრაობას დაკავებულ ზოლში"
    ]
  },
  {
    "id": 1143,
    "correctAnswer": 2,
    "imageUrl": "assets/images/image.png",
    "correctVideo": "assets/videos/correct_19.mp4",
    "wrongVideo": "assets/videos/wrong_19.mp4",
    "previewVideo": "assets/videos/preview_19.mp4",
    "question": "ოპერატიული სამსახურის ავტომობილი გაჩერებულია ჩართული ლურჯი მოელვარე სპეციალური ციმციმა სიგნალით. მსუბუქი ავტომობილის მძღოლმა უნდა იმოძრაოს არა უმეტეს:",
    "answers": [
      "1\n90 კმ/სთ სიჩქარით",
      "2\n70 კმ/სთ სიჩქარით",
      "3\nიმ სიჩქარით, რომლითაც აუცილებლობის შემთხვევაში ავტომობილის დაუყონებლივ გაჩერების შესაძლებლობა ექნება"
    ]
  },
  {
    "id": 1144,
    "correctAnswer": 3,
    "imageUrl": "assets/images/image.png",
    "correctVideo": "assets/videos/correct_19.mp4",
    "wrongVideo": "assets/videos/wrong_19.mp4",
    "previewVideo": "assets/videos/preview_19.mp4",
    "question": "რომელი მიმართულებით მოძრაობის გაგრძელების უფლება აქვს ოპერატიული სამსახურის ავტომობილის მძღოლს შუქნიშნის ამ სიგნალზე, თუ ავტომობილს ჩართული არა აქვს ლურჯი მოელვარე სპეციალური ციმციმა სიგნალი?",
    "answers": [
      "1\nმხოლოდ პირდაპირ და მარჯვნივ",
      "2\nმხოლოდ პირდაპირ მარცხნივ",
      "3\nყველა მიმართულებით",
      "4\nმხოლოდ პირდაპირ"
    ]
  },
  {
    "id": 1145,
    "correctAnswer": 0,
    "imageUrl": "assets/images/image.png",
    "correctVideo": "assets/videos/correct_19.mp4",
    "wrongVideo": "assets/videos/wrong_19.mp4",
    "previewVideo": "assets/videos/preview_19.mp4",
    "question": "რომელი ავტომობილის მძღოლს წარმოექმნება გზის დათმობის ვალდებულება ისრის მიმართულებით მოძრაობის შემთხვევაში, თუ ოპერატიული სამსახურის ავტომობილს ჩართული არა აქვს ლურჯი მოელვარე სპეციალური ციმციმა სიგნალი?",
    "answers": [
      "1\nოპერატიული სამსახურის ავტომობილის მძღოლს",
      "2\nავტობუსის მძღოლს"
    ]
  }
]