[
  {
    "id": 34,
    "correctAnswer": 2,
    "imageUrl": "assets/images/image.png",
    "correctVideo": "assets/videos/correct_19.mp4",
    "wrongVideo": "assets/videos/wrong_19.mp4",
    "previewVideo": "assets/videos/preview_19.mp4",
    "question": "საჭაპანო ტრანსპორტს უნდა ჰქონდეს:",
    "answers": [
      "1\nმხოლოდ კონსტრუქციით გათვალისწინებული გამართული სადგომი სამუხრუჭო მოწყობილობა",
      "2\nმხოლოდ დაგორების საწინააღმდეგო საყრდენები",
      "3\nროგორც კონსტრუქციით გათვალისწინებული გამართული სადგომი სამუხრუჭო მოწყობილობა, ასევე დაგორების საწინააღმდეგო საყრდენები"
    ]
  },
  {
    "id": 35,
    "correctAnswer": 0,
    "imageUrl": "assets/images/image.png",
    "correctVideo": "assets/videos/correct_19.mp4",
    "wrongVideo": "assets/videos/wrong_19.mp4",
    "previewVideo": "assets/videos/preview_19.mp4",
    "question": "დღე-ღამის ბნელ დროს, მექანიკური სატრანსპორტო საშუალების ახლო და შორი განათების ფარების ერთდროულად მწყობრიდან გამოსვლის (ჩაქრობის) შემთხვევაში, მძღოლს ეკრძალება:",
    "answers": [
      "1\nიმ გზაზე მოძრაობა, რომელზედაც არ არის ხელოვნური განათება",
      "2\nნებისმიერ გზაზე მოძრაობა, მიუხედავად იმისა, არის თუ არა მასზე ხელოვნური განათება",
      "3\nმოძრაობა ხელოვნურად განათებულ ორმხრივმოძრაობიან გზაზე"
    ]
  },
  {
    "id": 36,
    "correctAnswer": 0,
    "imageUrl": "assets/images/image.png",
    "correctVideo": "assets/videos/correct_19.mp4",
    "wrongVideo": "assets/videos/wrong_19.mp4",
    "previewVideo": "assets/videos/preview_19.mp4",
    "question": "დასაშვებია თუ არა მსვლელობით მიმავალ ქვეითთა ჯგუფის სავალ ნაწილზე გადაადგილება?",
    "answers": [
      "1\nდასაშვებია, მხოლოდ სატრანსპორტო საშუალების მოძრაობის მიმართულებით, მარჯვენა მხარეს, რიგში არა უმეტეს ოთხი კაცისა",
      "2\nდასაშვებია, მხოლოდ სატრანსპორტო საშუალების მოძრაობის საპირისპირო მიმართულებით, მარჯვენა მხარეს, რიგში არა უმეტეს ორი კაცისა",
      "3\nდაუშვებელია"
    ]
  },
  {
    "id": 37,
    "correctAnswer": 1,
    "imageUrl": "assets/images/image.png",
    "correctVideo": "assets/videos/correct_19.mp4",
    "wrongVideo": "assets/videos/wrong_19.mp4",
    "previewVideo": "assets/videos/preview_19.mp4",
    "question": "აქვს თუ არა უფლება ქვეითს სავალ ნაწილზე გადასვლისას გამოვიდეს გაჩერებული სატრანსპორტო საშუალების წინა მხრიდან?",
    "answers": [
      "1\nარა აქვს უფლება",
      "2\nაქვს უფლება, თუ დარწმუნდება მოახლოებული სატრანსპორტო საშუალების არარსებობაში",
      "3\nაქვს უფლება მხოლოდ ცალმხრივმოძრაობიან გზებზე"
    ]
  },
  {
    "id": 38,
    "correctAnswer": 0,
    "imageUrl": "assets/images/image.png",
    "correctVideo": "assets/videos/correct_19.mp4",
    "wrongVideo": "assets/videos/wrong_19.mp4",
    "previewVideo": "assets/videos/preview_19.mp4",
    "question": "მსუბუქი ავტომობილის მძღოლი გაჩერებულია მკვრივი საფარის მქონე გვერდულზე. დაარღვევს თუ არა იგი საგზაო მოძრაობის წესებს, თუ არასაკმარისი ხილვადობის პირობებში არ ჩართავს საგაბარიტო სინათლეებს?",
    "answers": [
      "1\nდაარღვევს",
      "2\nარ დაარღვევს"
    ]
  },
  {
    "id": 39,
    "correctAnswer": 1,
    "imageUrl": "assets/images/image.png",
    "correctVideo": "assets/videos/correct_19.mp4",
    "wrongVideo": "assets/videos/wrong_19.mp4",
    "previewVideo": "assets/videos/preview_19.mp4",
    "question": "აქვს თუ არა უფლება ავტომობილის მძღოლს გააგრძელოს მოძრაობა ისრის მიმართულებით, თუ დღე-ღამის ბნელ დროს მოძრაობისას მწყობრიდან გამოვიდა უკანა საგაბარიტო სინათლეები?",
    "answers": [
      "1\nაქვს უფლება",
      "2\nარ აქვს უფლება"
    ]
  },
  {
    "id": 40,
    "correctAnswer": 1,
    "imageUrl": "assets/images/image.png",
    "correctVideo": "assets/videos/correct_19.mp4",
    "wrongVideo": "assets/videos/wrong_19.mp4",
    "previewVideo": "assets/videos/preview_19.mp4",
    "question": "არღვევს თუ არა მძღოლი საგზაო მოძრაობის წესებს, თუ არასაკმარისი ხილვადობის პირობებში სურათზე მითითებულ ადგილას ავტომანქანა გაჩერებულია გარე სანათი ხელსაწყოების ჩაურთველად?",
    "answers": [
      "1\nარღვევს",
      "2\nარ არღვევს"
    ]
  },
  {
    "id": 41,
    "correctAnswer": 1,
    "imageUrl": "assets/images/image.png",
    "correctVideo": "assets/videos/correct_19.mp4",
    "wrongVideo": "assets/videos/wrong_19.mp4",
    "previewVideo": "assets/videos/preview_19.mp4",
    "question": "მძღოლს ეკრძალება სატრანსპორტო საშუალების შემდგომი მოძრაობა, თუ:",
    "answers": [
      "1\nარ მუშაობს ხმოვანი სიგნალი",
      "2\nდღე-ღამის ბნელ დროს ერთდროულად ჩამქრალია ახლო და შორი განათების ფარები (ან მათ გარეშე) ან/და უკანა საგაბარიტო სინათლეები იმ გზაზე, რომელზედაც არ არის ხელოვნური განათება ან არასაკმარისი ხილვადობაა",
      "3\nმინის მწმენდები არ მუშაობენ დადგენილ რეჟიმში",
      "4\nდარღვეულია კვების სისტემის ჰერმეტულობა"
    ]
  },
  {
    "id": 42,
    "correctAnswer": 1,
    "imageUrl": "assets/images/image.png",
    "correctVideo": "assets/videos/correct_19.mp4",
    "wrongVideo": "assets/videos/wrong_19.mp4",
    "previewVideo": "assets/videos/preview_19.mp4",
    "question": "რომელ ნახატზეა ნაჩვენები ხელების სწორი განლაგება საჭის თვალზე?",
    "answers": [
      "1\nI",
      "2\nII",
      "3\nIII"
    ]
  },
  {
    "id": 43,
    "correctAnswer": 3,
    "imageUrl": "assets/images/image.png",
    "correctVideo": "assets/videos/correct_19.mp4",
    "wrongVideo": "assets/videos/wrong_19.mp4",
    "previewVideo": "assets/videos/preview_19.mp4",
    "question": "სატრანსპორტო საშუალების საბურავებში აირის დაბალმა წნევამ შეიძლება გამოიწვიოს:",
    "answers": [
      "1\nმხოლოდ საწვავის ხარჯის მატება",
      "2\nმხოლოდ საჭით მართვის გაძნელება",
      "3\nმხოლოდ საბურავების გადახურება",
      "4\nროგორც საწვავის ხარჯის მატება, ასევე საჭით მართვის გაძნელება და საბურავების გადახურება"
    ]
  }
]