[
  {
    "id": 137,
    "correctAnswer": 3,
    "imageUrl": "assets/images/image.png",
    "correctVideo": "assets/videos/correct_88.mp4",
    "wrongVideo": "assets/videos/wrong_88.mp4",
    "previewVideo": "assets/videos/preview_88.mp4",
    "question": "მსუბუქი ავტომობილის მძღოლს უფლება აქვს მოძრაობა გააგრძელოს:",
    "answers": [
      "1\nმხოლოდ A, C და D მიმართულებით",
      "2\nA, B, C და D მიმართულებით",
      "3\nმხოლოდ B და C მიმართულებით",
      "4\nმხოლოდ D მიმართულებით"
    ]
  },
  {
    "id": 138,
    "correctAnswer": 3,
    "imageUrl": "assets/images/image.png",
    "correctVideo": "assets/videos/correct_88.mp4",
    "wrongVideo": "assets/videos/wrong_88.mp4",
    "previewVideo": "assets/videos/preview_88.mp4",
    "question": "მოცემულ სიტუაციაში, მოსახვევს გაცდენილი ავტომობილის მძღოლს, მარჯვენა მოსახვევში შესვლის მიზნით:",
    "answers": [
      "1\nუფლება აქვს მოაბრუნოს ავტომობილი A მიმართულებით",
      "2\nუფლება აქვს იმოძრაოს უკუსვლით B მიმართულებით",
      "3\nუფლება აქვს იმოძრაოს როგორც A, ასევე B მიმართულებით",
      "4\nმოძრაობა ეკრძალება როგორც A, ასევე B მიმართულებით"
    ]
  },
  {
    "id": 139,
    "correctAnswer": 3,
    "imageUrl": "assets/images/image.png",
    "correctVideo": "assets/videos/correct_88.mp4",
    "wrongVideo": "assets/videos/wrong_88.mp4",
    "previewVideo": "assets/videos/preview_88.mp4",
    "question": "მოცემული საგზაო ნიშნებიდან რომელი აფრთხილებს მძღოლს წრიულმოძრაობიან გზაჯვარედინთან მიახლოების თაობაზე?",
    "answers": [
      "1\nმხოლოდ I და II",
      "2\nმხოლოდ II",
      "3\nმხოლოდ I და III",
      "4\nმხოლოდ IV"
    ]
  },
  {
    "id": 140,
    "correctAnswer": 0,
    "imageUrl": "assets/images/image.png",
    "correctVideo": "assets/videos/correct_88.mp4",
    "wrongVideo": "assets/videos/wrong_88.mp4",
    "previewVideo": "assets/videos/preview_88.mp4",
    "question": "მოცემული საგზაო ნიშანი:",
    "answers": [
      "1\nმოძრაობის ნებას რთავს მხოლოდ პირდაპირი მიმართულებით",
      "2\nაღნიშნავს გზას ან სავალ ნაწილს, რომელზედაც სატრანსპორტო საშუალებებით მოძრაობა მთელ სიგანეზე ხორციელდაბა ერთი მიმართულებით",
      "3\nკრძალავს სატრანსპორტო საშუალებების გაჩერებას და დგომას"
    ]
  },
  {
    "id": 141,
    "correctAnswer": 2,
    "imageUrl": "assets/images/image.png",
    "correctVideo": "assets/videos/correct_88.mp4",
    "wrongVideo": "assets/videos/wrong_88.mp4",
    "previewVideo": "assets/videos/preview_88.mp4",
    "question": "მოცემული საგზაო ნიშანი:",
    "answers": [
      "1\nმიუთითებს გზას ან სავალ ნაწილს, რომელზედაც სატრანსპორტო საშუალებებით მოძრაობა მთელ სიგანეზე ხორციელდება ერთი მიმართულებით",
      "2\nკრძალავს სატრანსპორტო საშუალებების გაჩერებას და დგომას",
      "3\nმოძრაობის ნებას რთავს მხოლოდ მარჯვნივ"
    ]
  },
  {
    "id": 142,
    "correctAnswer": 0,
    "imageUrl": "assets/images/image.png",
    "correctVideo": "assets/videos/correct_88.mp4",
    "wrongVideo": "assets/videos/wrong_88.mp4",
    "previewVideo": "assets/videos/preview_88.mp4",
    "question": "მოცემული საგზაო ნიშნებიდან რომელი მიუთითებს გამყოფი ზოლის, უსაფრთხოების კუნძულის ან რაიმე დაბრკოლების შემოვლის მიმართულებას მხოლოდ მარჯვნიდან?",
    "answers": [
      "1\nIII",
      "2\nIV",
      "3\nI",
      "4\nII"
    ]
  },
  {
    "id": 143,
    "correctAnswer": 2,
    "imageUrl": "assets/images/image.png",
    "correctVideo": "assets/videos/correct_88.mp4",
    "wrongVideo": "assets/videos/wrong_88.mp4",
    "previewVideo": "assets/videos/preview_88.mp4",
    "question": "მოცემული საგზაო ნიშნებიდან რომელი მიუთითებს გამყოფი ზოლის, უსაფრთხოების კუნძულის ან რაიმე დაბრკოლების შემოვლის მიმართულებას მარჯვნიდან ან მარცხნიდან?",
    "answers": [
      "1\nII",
      "2\nI",
      "3\nIV",
      "4\nIII"
    ]
  },
  {
    "id": 144,
    "correctAnswer": 2,
    "imageUrl": "assets/images/image.png",
    "correctVideo": "assets/videos/correct_88.mp4",
    "wrongVideo": "assets/videos/wrong_88.mp4",
    "previewVideo": "assets/videos/preview_88.mp4",
    "question": "მოცემული საგზაო ნიშნებიდან რომელი აღნიშნავს ველოსიპედით მოძრაობისათვის განკუთვნილ ბილიკს, რომელიც კონსტრუქციულად გამოყოფილია სხვა გზისაგან ან გზის სხვა ელემენტებისაგან?",
    "answers": [
      "1\nIV",
      "2\nIII",
      "3\nII",
      "4\nI"
    ]
  },
  {
    "id": 145,
    "correctAnswer": 0,
    "imageUrl": "assets/images/image.png",
    "correctVideo": "assets/videos/correct_88.mp4",
    "wrongVideo": "assets/videos/wrong_88.mp4",
    "previewVideo": "assets/videos/preview_88.mp4",
    "question": "მოცემული საგზაო ნიშნებიდან რომელი ადგენს გზაზე მოძრაობის მინიმალური სიჩქარის ზღვარს?",
    "answers": [
      "1\nIV",
      "2\nIII",
      "3\nII",
      "4\nI"
    ]
  },
  {
    "id": 146,
    "correctAnswer": 1,
    "imageUrl": "assets/images/image.png",
    "correctVideo": "assets/videos/correct_88.mp4",
    "wrongVideo": "assets/videos/wrong_88.mp4",
    "previewVideo": "assets/videos/preview_88.mp4",
    "question": "რომელი ავტომობილის მძღოლი დაარღვევს საგზაო მოძრაობის წესებს ისრის მიმართულებით მოძრაობის შემთხვევაში, თუ ისინი შედიან ეზოს ტერიტორიაზე?",
    "answers": [
      "1\nთეთრი ავტომობილის მძღოლი",
      "2\nყვითელი ავტომობილის მძღოლი",
      "3\nორივე ავტომობილის მძღოლი",
      "4\nარცერთი ავტომობილის მძღოლი"
    ]
  },
  {
    "id": 147,
    "correctAnswer": 3,
    "imageUrl": "assets/images/image.png",
    "correctVideo": "assets/videos/correct_88.mp4",
    "wrongVideo": "assets/videos/wrong_88.mp4",
    "previewVideo": "assets/videos/preview_88.mp4",
    "question": "მსუბუქი ავტომობილის მძღოლს მოძრაობის გაგრძელების უფლება აქვს:",
    "answers": [
      "1\nმხოლოდ პირდაპირ და მარჯვნივ",
      "2\nმხოლოდ პირდაპირ და მარცხნივ",
      "3\nმხოლოდ პირდაპირ",
      "4\nყველა მიმართულებით"
    ]
  },
  {
    "id": 148,
    "correctAnswer": 0,
    "imageUrl": "assets/images/image.png",
    "correctVideo": "assets/videos/correct_88.mp4",
    "wrongVideo": "assets/videos/wrong_88.mp4",
    "previewVideo": "assets/videos/preview_88.mp4",
    "question": "მსუბუქი ავტომობილის მძღოლს მოძრაობის გააგრძელების უფლება აქვს:",
    "answers": [
      "1\nმხოლოდ პირდაპირ",
      "2\nმხოლოდ მარჯვნივ",
      "3\nპირდაპირ და მარჯვნივ"
    ]
  },
  {
    "id": 149,
    "correctAnswer": 2,
    "imageUrl": "assets/images/image.png",
    "correctVideo": "assets/videos/correct_88.mp4",
    "wrongVideo": "assets/videos/wrong_88.mp4",
    "previewVideo": "assets/videos/preview_88.mp4",
    "question": "მსუბუქი ავტომობილის მძღოლს მოძრაობის გაგრძელების უფლება აქვს:",
    "answers": [
      "1\nმხოლოდ მარცხნივ",
      "2\nმხოლოდ უკუმიმართულებით (მობრუნება)",
      "3\nმარცხნივ და უკუმიმართულებით (მობრუნება)"
    ]
  },
  {
    "id": 150,
    "correctAnswer": 0,
    "imageUrl": "assets/images/image.png",
    "correctVideo": "assets/videos/correct_88.mp4",
    "wrongVideo": "assets/videos/wrong_88.mp4",
    "previewVideo": "assets/videos/preview_88.mp4",
    "question": "მოცემულ სიტუაციაში, ეკრძალება თუ არა მსუბუქი ავტომობილის მძღოლს ისრის მიმართულებით მობრუნება?",
    "answers": [
      "1\nეკრძალება",
      "2\nარ ეკრძალება"
    ]
  },
  {
    "id": 151,
    "correctAnswer": 2,
    "imageUrl": "assets/images/image.png",
    "correctVideo": "assets/videos/correct_88.mp4",
    "wrongVideo": "assets/videos/wrong_88.mp4",
    "previewVideo": "assets/videos/preview_88.mp4",
    "question": "მოცემულ სიტუაციაში, მსუბუქი ავტომობილის მძღოლს მოძრაობის გააგრძელების უფლება აქვს:",
    "answers": [
      "1\nმხოლოდ A მიმართულებით",
      "2\nმხოლოდ B მიმართულებით",
      "3\nროგორც A, ასევე B მიმართულებით"
    ]
  },
  {
    "id": 152,
    "correctAnswer": 2,
    "imageUrl": "assets/images/image.png",
    "correctVideo": "assets/videos/correct_88.mp4",
    "wrongVideo": "assets/videos/wrong_88.mp4",
    "previewVideo": "assets/videos/preview_88.mp4",
    "question": "მოცემული საგზაო ნიშნებიდან რომელი აღნიშნავს მობრუნების ადგილს?",
    "answers": [
      "1\nმხოლოდ II",
      "2\nმხოლოდ I",
      "3\nმხოლოდ IV",
      "4\nმხოლოდ III"
    ]
  },
  {
    "id": 153,
    "correctAnswer": 1,
    "imageUrl": "assets/images/image.png",
    "correctVideo": "assets/videos/correct_88.mp4",
    "wrongVideo": "assets/videos/wrong_88.mp4",
    "previewVideo": "assets/videos/preview_88.mp4",
    "question": "მოცემული საგზაო ნიშნებიდან რომლის მოქმედება არ ვრცელდება ნიშნის დადგმის ადგილიდან მის შემდეგ მდებარე უახლოეს გზაჯვარედინამდე?",
    "answers": [
      "1\nმხოლოდ I და IV",
      "2\nმხოლოდ IV",
      "3\nმხოლოდ II და III",
      "4\nმხოლოდ III"
    ]
  },
  {
    "id": 154,
    "correctAnswer": 1,
    "imageUrl": "assets/images/image.png",
    "correctVideo": "assets/videos/correct_88.mp4",
    "wrongVideo": "assets/videos/wrong_88.mp4",
    "previewVideo": "assets/videos/preview_88.mp4",
    "question": "თუ პნევმოთვლის მოდელის აღნიშვნაა 21,0 – 25,0, რას აღნიშნავს პირველი რიცხვი?",
    "answers": [
      "1\nგარე დიამეტრს",
      "2\nპროფილის სიგანეს",
      "3\nსტატიურ რადიუსს",
      "4\nფენობრივ ნორმას"
    ]
  },
  {
    "id": 155,
    "correctAnswer": 1,
    "imageUrl": "assets/images/image.png",
    "correctVideo": "assets/videos/correct_88.mp4",
    "wrongVideo": "assets/videos/wrong_88.mp4",
    "previewVideo": "assets/videos/preview_88.mp4",
    "question": "რომელ ჯგუფს მიეკუთვნებიან სკრეპერები?",
    "answers": [
      "1\nერთჩამჩიან და მრავალჩამჩიან მიწასათხრელ მანქანებს",
      "2\nმიწასათხრელ-სატრანსპორტო მანქანებს",
      "3\nგრუნტის გასამკვრივებელ მანქანებს",
      "4\nგრუნტის ჰიდრავლიკურ დასამუშავებელ მანქანებს"
    ]
  },
  {
    "id": 156,
    "correctAnswer": 0,
    "imageUrl": "assets/images/image.png",
    "correctVideo": "assets/videos/correct_88.mp4",
    "wrongVideo": "assets/videos/wrong_88.mp4",
    "previewVideo": "assets/videos/preview_88.mp4",
    "question": "გრუნტის ჭრის სახეობა არის:",
    "answers": [
      "1\nთავისუფალი",
      "2\nნახევრად ბლოკირებული",
      "3\nბლოკირებული"
    ]
  },
  {
    "id": 157,
    "correctAnswer": 1,
    "imageUrl": "assets/images/image.png",
    "correctVideo": "assets/videos/correct_88.mp4",
    "wrongVideo": "assets/videos/wrong_88.mp4",
    "previewVideo": "assets/videos/preview_88.mp4",
    "question": "რამდენი საცვლელი სამუშაო ორგანო აქვს უნივერსალურ ერთჩამჩიან ექსკავატორს?",
    "answers": [
      "1\n3-ზე ნაკლები",
      "2\n3 ან 3-ზე მეტი",
      "3\n2-დან 5-მდე",
      "4\n1-დან 3-მდე"
    ]
  },
  {
    "id": 158,
    "correctAnswer": 1,
    "imageUrl": "assets/images/image.png",
    "correctVideo": "assets/videos/correct_88.mp4",
    "wrongVideo": "assets/videos/wrong_88.mp4",
    "previewVideo": "assets/videos/preview_88.mp4",
    "question": "ბაგირული დაკიდების ერთჩამჩიანი ექსკავატორის ძირითადი ნაწილები არის:",
    "answers": [
      "1\nსავალი მოწყობილობა",
      "2\nსაყრდენ-საბრუნი",
      "3\nამძრავი",
      "4\nტრანსმისია"
    ]
  },
  {
    "id": 159,
    "correctAnswer": 2,
    "imageUrl": "assets/images/image.png",
    "correctVideo": "assets/videos/correct_88.mp4",
    "wrongVideo": "assets/videos/wrong_88.mp4",
    "previewVideo": "assets/videos/preview_88.mp4",
    "question": "ერთჩამჩიანი უნივერსალური ექსკავატორის სამუშაო ორგანოები არის:",
    "answers": [
      "1\nჩამჩა შემობრუნებული ნიჩბით",
      "2\nჩამჩა პირდაპირი ნიჩბით",
      "3\nდრაგლაინი",
      "4\nგრეიფერი"
    ]
  },
  {
    "id": 160,
    "correctAnswer": 1,
    "imageUrl": "assets/images/image.png",
    "correctVideo": "assets/videos/correct_88.mp4",
    "wrongVideo": "assets/videos/wrong_88.mp4",
    "previewVideo": "assets/videos/preview_88.mp4",
    "question": "უწყვეტი ქმედების ექსკავატორების მჭრელ ელემენტს წარმოადგენს:",
    "answers": [
      "1\nჩამჩები",
      "2\nსაფხეკი",
      "3\nსაჭრისებრი"
    ]
  }
]