[
  {
    "id": 331,
    "correctAnswer": 2,
    "imageUrl": "assets/images/image.png",
    "correctVideo": "assets/videos/correct_19.mp4",
    "wrongVideo": "assets/videos/wrong_19.mp4",
    "previewVideo": "assets/videos/preview_19.mp4",
    "question": "იმ სატრანსპორტო საშუალების მძღოლი, რომელსაც საგზაო მოძრაობის წესებით დადგენილ შემთხვევებში უფლება აქვს შევიდეს ქვეითთა მოძრაობისათვის განკუთვნილ ადგილებში, ვალდებულია:",
    "answers": [
      "1\nმისცეს ხმოვანი სიგნალი და იმოძრაოს არაუმეტეს 50 კმ/სთ სიჩქარით",
      "2\nჩართოს ახლო ნათების ფარები და ქვეითთა ყურადღების მისაპყრობად მისცეს ხმოვანი სიგნალი",
      "3\nგამოიჩინოს მაქსიმალური სიფრთხილე და იმოძრაოს დაბალი სიჩქარით, რათა აუცილებლობის შემთხვევაში გაჩერდეს"
    ]
  },
  {
    "id": 332,
    "correctAnswer": 1,
    "imageUrl": "assets/images/image.png",
    "correctVideo": "assets/videos/correct_19.mp4",
    "wrongVideo": "assets/videos/wrong_19.mp4",
    "previewVideo": "assets/videos/preview_19.mp4",
    "question": "ვალდებულია თუ არა მსუბუქი ავტომობილის მძღოლი, ჩართოს მარცხნივ მოხვევის შუქ-მაჩვენებელი ისრის მიმართულებით მოძრაობის შემთხვევაში?",
    "answers": [
      "1\nარ არის ვალდებული",
      "2\nვალდებულია"
    ]
  },
  {
    "id": 333,
    "correctAnswer": 2,
    "imageUrl": "assets/images/image.png",
    "correctVideo": "assets/videos/correct_19.mp4",
    "wrongVideo": "assets/videos/wrong_19.mp4",
    "previewVideo": "assets/videos/preview_19.mp4",
    "question": "მანევრის შესრულების განზრახვის თაობაზე მოხვევის შუქ-მაჩვენებლებით ან ხელით მიცემული სიგნალი მძღოლს:",
    "answers": [
      "1\nანიჭებს უპირატესობას",
      "2\nათავისუფლებს სიფრთხილის აუცილებელი ზომების მიღებისაგან",
      "3\nარ ანიჭებს უპირატესობას, არ ათავისუფლებს სიფრთხილის აუცილებელი ზომების მიღებისაგან"
    ]
  },
  {
    "id": 334,
    "correctAnswer": 1,
    "imageUrl": "assets/images/image.png",
    "correctVideo": "assets/videos/correct_19.mp4",
    "wrongVideo": "assets/videos/wrong_19.mp4",
    "previewVideo": "assets/videos/preview_19.mp4",
    "question": "მძღოლის მიერ მანევრის შესრულების განზრახვის თაობაზე, შესაბამისი მოხვევის შუქ-მაჩვენებლებით სიგნალი უნდა მიეცეს:",
    "answers": [
      "1\nმანევრის დაწყებისას და შეწყდეს მანევრის დასრულებამდე",
      "2\nდროულად, მანევრის დაწყების წინ და შეწყდეს დაუყოვნებლივ მისი დასრულებისთანავე"
    ]
  },
  {
    "id": 335,
    "correctAnswer": 0,
    "imageUrl": "assets/images/image.png",
    "correctVideo": "assets/videos/correct_19.mp4",
    "wrongVideo": "assets/videos/wrong_19.mp4",
    "previewVideo": "assets/videos/preview_19.mp4",
    "question": "აქვთ თუ არა უფლება ველოსიპედისა და მოპედის მძღოლებს, საკმარისი ადგილის არსებობისას შემოუარონ გაჩერებულ ან ნელა მოძრავ სატრანსპორტო საშუალებებს მარჯვენა მხრიდან?",
    "answers": [
      "1\nაქვთ უფლება",
      "2\nარ აქვთ უფლება"
    ]
  },
  {
    "id": 336,
    "correctAnswer": 1,
    "imageUrl": "assets/images/image.png",
    "correctVideo": "assets/videos/correct_19.mp4",
    "wrongVideo": "assets/videos/wrong_19.mp4",
    "previewVideo": "assets/videos/preview_19.mp4",
    "question": "ჩართული გარე სანათი ხელსაწყოების ან ღია კარების მქონე გაჩერებული სატრანსპორტო საშუალებების გასწვრივ მოძრაობისას, მძღოლმა უნდა:",
    "answers": [
      "1\nმისცეს ხმოვანი სიგნალი და გაზარდოს სიჩქარე",
      "2\nგამოიჩინოს განსაკუთრებული სიფრთხილე, რათა აუცილებლობის შემთხვევაში, დროულად უზრუნველყოს გზაზე ქვეითთა და ბავშვების მოულოდნელი გამოჩენით წარმოშობილი საფრთხის თავიდან აცილება",
      "3\nშეამციროს სიჩქარე და ჩართოს საავარიო შუქსიგნალიზაცია, რათა გაჩერებული სატრანსპორტო საშუალების უეცარი დაძვრის შემთხვევაში, დროულად უზრუნველყოს საფრთხის თავიდან აცილება"
    ]
  },
  {
    "id": 337,
    "correctAnswer": 1,
    "imageUrl": "assets/images/image.png",
    "correctVideo": "assets/videos/correct_19.mp4",
    "wrongVideo": "assets/videos/wrong_19.mp4",
    "previewVideo": "assets/videos/preview_19.mp4",
    "question": "არასაკმარისი ან შეზღუდული ხილვადობის პირობებში, მძღოლმა უნდა:",
    "answers": [
      "1\nჩართოს საავარიო შუქსიგნალიზაცია და შეამციროს დისტანცია მისი და მის წინ მიმავალ სატრანსპორტო საშუალებას შორის",
      "2\nშეამციროს სიჩქარე და გაზარდოს დისტანცია მისი და მის წინ მიმავალ სატრანსპორტო საშუალებას შორის",
      "3\nჩართოს საავარიო შუქსიგნალიზაცია და იმოძრაოს სავალი ნაწილის უკიდურეს მარცხენა მხარეს"
    ]
  },
  {
    "id": 338,
    "correctAnswer": 2,
    "imageUrl": "assets/images/image.png",
    "correctVideo": "assets/videos/correct_19.mp4",
    "wrongVideo": "assets/videos/wrong_19.mp4",
    "previewVideo": "assets/videos/preview_19.mp4",
    "question": "მძღოლის მიერ მიცემული ხმოვანი სიგნალის ხანგრძლივობა:",
    "answers": [
      "1\nუნდა იყოს არა უმეტეს 3 წამისა",
      "2\nუნდა იყოს არა უმეტეს 5 წამისა",
      "3\nარ უნდა იყოს უფრო ხანგრძლივი, ვიდრე ეს აუცილებელია"
    ]
  },
  {
    "id": 339,
    "correctAnswer": 1,
    "imageUrl": "assets/images/image.png",
    "correctVideo": "assets/videos/correct_19.mp4",
    "wrongVideo": "assets/videos/wrong_19.mp4",
    "previewVideo": "assets/videos/preview_19.mp4",
    "question": "დღე-ღამის ნათელ დროს დასახლებულ პუნქტში გასწრების განზრახვის თაობაზე სხვა მძღოლის გასაფრთხილებლად შეიძლება გამოყენებულ იქნეს:",
    "answers": [
      "1\nხმოვანი სიგნალი",
      "2\nფარების შუქის პერიოდული, ხანმოკლე ჩართვა-გამორთვა",
      "3\nსაავარიო შუქსიგნალიზაცია",
      "4\nფარების ახლო შუქის შორ შუქზე მრავალჯერადი გადართვა"
    ]
  },
  {
    "id": 340,
    "correctAnswer": 3,
    "imageUrl": "assets/images/image.png",
    "correctVideo": "assets/videos/correct_19.mp4",
    "wrongVideo": "assets/videos/wrong_19.mp4",
    "previewVideo": "assets/videos/preview_19.mp4",
    "question": "დღე-ღამის ბნელ დროს, დასახლებულ პუნქტში გასწრების განზრახვის თაობაზე სხვა მძღოლის გასაფრთხილებლად შეიძლება გამოყენებული იქნეს:",
    "answers": [
      "1\nხმოვანი სიგნალი",
      "2\nფარების შუქის პერიოდული, ხანმოკლე ჩართვა-გამორთვა",
      "3\nსაავარიო შუქსიგნალიზაცია",
      "4\nფარების ახლო შუქის შორ შუქზე მრავალჯერადი გადართვა"
    ]
  },
  {
    "id": 341,
    "correctAnswer": 0,
    "imageUrl": "assets/images/image.png",
    "correctVideo": "assets/videos/correct_19.mp4",
    "wrongVideo": "assets/videos/wrong_19.mp4",
    "previewVideo": "assets/videos/preview_19.mp4",
    "question": "დასაშვებია თუ არა გასწრების განზრახვის თაობაზე სხვა მძღოლის გასაფრთხილებლად ხმოვანი სიგნალის გამოყენება:",
    "answers": [
      "1\nდასაშვებია, მხოლოდ დაუსახლებელ პუნქტში",
      "2\nდასაშვებელია, მხოლოდ დასახლებულ პუნქტში",
      "3\nდასაშვებელია, როგორც დასახლებულ, აგრეთვე დაუსახლებელ პუნქტებში",
      "4\nდაუშვებელია"
    ]
  },
  {
    "id": 342,
    "correctAnswer": 3,
    "imageUrl": "assets/images/image.png",
    "correctVideo": "assets/videos/correct_19.mp4",
    "wrongVideo": "assets/videos/wrong_19.mp4",
    "previewVideo": "assets/videos/preview_19.mp4",
    "question": "ქვემოთ ჩამოთვლილ რომელ ადგილას არ არის ვალდებული მძღოლი მანევრის დაწყებამდე ჩართოს შესაბამისი მიმართულების მოხვევის შუქ-მაჩვენებელი?",
    "answers": [
      "1\nსაცხოვრებელ ზონაში",
      "2\nმიმდებარე ტერიტორიაზე",
      "3\nეზოს ტერიტორიაზე",
      "4\nვალდებულია ამ ბილეთში ჩამოთვლილ ნებისმიერ ადგილას"
    ]
  },
  {
    "id": 343,
    "correctAnswer": 1,
    "imageUrl": "assets/images/image.png",
    "correctVideo": "assets/videos/correct_19.mp4",
    "wrongVideo": "assets/videos/wrong_19.mp4",
    "previewVideo": "assets/videos/preview_19.mp4",
    "question": "დაბინდებიდან გათენებამდე, ასევე ნებისმიერი სხვა არასაკმარისი ხილვადობის პირობებში, გზაზე გაჩერებისა ან დგომის დროს მექანიკური სატრანსპორტო საშუალებები და მათი მისაბმელები აღნიშნული უნდა იყვნენ:",
    "answers": [
      "1\nშორი განათების ფარებით",
      "2\nწინა და უკანა საგაბარიტო სინათლეებით",
      "3\nახლო განათების ფარებით",
      "4\nწინა ნისლსაწინააღმდეგო ფარები"
    ]
  },
  {
    "id": 344,
    "correctAnswer": 2,
    "imageUrl": "assets/images/image.png",
    "correctVideo": "assets/videos/correct_19.mp4",
    "wrongVideo": "assets/videos/wrong_19.mp4",
    "previewVideo": "assets/videos/preview_19.mp4",
    "question": "მოძრავ მექანიკურ სატრანსპორტო საშუალებებზე დღე-ღამის ბნელ დროს ან არასაკმარისი ხილვადობის პირობებში ჩართული უნდა იყოს:",
    "answers": [
      "1\nმხოლოდ ახლო ან შორი განათების ფარები",
      "2\nმხოლოდ ნისლსაწინააღმდეგო ფარები",
      "3\nახლო ან შორი განათების ფარები და უკანა საგაბარიტო სინათლეები",
      "4\nმხოლოდ წინა და უკანა საგაბარიტო სინათლეები"
    ]
  },
  {
    "id": 345,
    "correctAnswer": 1,
    "imageUrl": "assets/images/image.png",
    "correctVideo": "assets/videos/correct_19.mp4",
    "wrongVideo": "assets/videos/wrong_19.mp4",
    "previewVideo": "assets/videos/preview_19.mp4",
    "question": "მექანიკურ სატრანსპორტო საშუალებაზე წინა ნისლსაწინააღმდეგო ფარები დაყენებულ უნდა იყოს:",
    "answers": [
      "1\nმძღოლის შეხედულების მიხედვით",
      "2\nისე, რომ მისი გამნათებელი ზედაპირის არცერთი წერტილი არ იყოს ახლო განათების ფარების გამნათებელი ზედაპირის ყველაზე მაღალი წერტილის ზემოთ",
      "3\nისე, რომ მისი გამნათებელი ზედაპირის არცერთი წერტილი არ იყოს საგაბარიტო სინათლეების გამნათებელი ზედაპირის ყველაზე დაბალი წერტილის ქვემოთ"
    ]
  },
  {
    "id": 346,
    "correctAnswer": 1,
    "imageUrl": "assets/images/image.png",
    "correctVideo": "assets/videos/correct_19.mp4",
    "wrongVideo": "assets/videos/wrong_19.mp4",
    "previewVideo": "assets/videos/preview_19.mp4",
    "question": "არასაკმარისი ხილვადობის პირობებში ან ვიწრო მიხვეულ-მოხვეულ გზებზე მოძრაობისას, ნისლსაწინააღმდეგო ფარების ჩართვა ხორციელდება:",
    "answers": [
      "1\nსაავარიო შუქსიგნალიზაციასთან ერთად",
      "2\nშორი ან ახლო განათების ფარებთან ერთად",
      "3\nმხოლოდ წინა და უკანა საგაბარიტო სინათლეებთან ერთად"
    ]
  },
  {
    "id": 347,
    "correctAnswer": 3,
    "imageUrl": "assets/images/image.png",
    "correctVideo": "assets/videos/correct_19.mp4",
    "wrongVideo": "assets/videos/wrong_19.mp4",
    "previewVideo": "assets/videos/preview_19.mp4",
    "question": "წინა საგაბარიტო სინათლეებით აღჭურვილ მექანიკურ სატრანსპორტო საშუალებაზე და მოპედზე ასეთი სინათლეები უნდა ჩაირთოს:",
    "answers": [
      "1\nმხოლოდ წინა ნისლსაწინააღმდეგო ფარებთან ერთად",
      "2\nმხოლოდ შორი განათების ფარებთან ერთად",
      "3\nმხოლოდ ახლო განათების ფარებთან ერთად",
      "4\nშორი და ახლო განათების ფარებთან ან წინა ნისლსაწინააღმდეგო ფარებთან ერთად"
    ]
  },
  {
    "id": 348,
    "correctAnswer": 0,
    "imageUrl": "assets/images/image.png",
    "correctVideo": "assets/videos/correct_19.mp4",
    "wrongVideo": "assets/videos/wrong_19.mp4",
    "previewVideo": "assets/videos/preview_19.mp4",
    "question": "თუ ავტომობილი აღჭურვილია წინა ნისლსაწინააღმდეგო ფარებით, ისინი უნდა იყოს:",
    "answers": [
      "1\nთეთრი ან ყვითელი სელექციური სინათლის, რაოდენობით ორი",
      "2\nწითელი ან ყვითელი სელექციური სინათლის, რაოდენობით ოთხი",
      "3\nწითელი სელექციური სინათლის, რაოდენობით ერთი"
    ]
  },
  {
    "id": 349,
    "correctAnswer": 0,
    "imageUrl": "assets/images/image.png",
    "correctVideo": "assets/videos/correct_19.mp4",
    "wrongVideo": "assets/videos/wrong_19.mp4",
    "previewVideo": "assets/videos/preview_19.mp4",
    "question": "თუ მექანიკურ სატრანსპორტო საშუალებზე ან მისაბმელზე დაყენებულია უკანა ნისლსაწინააღმდეგო ფარები, ისინი უნდა იყოს:",
    "answers": [
      "1\nწითელი ფერის",
      "2\nთეთრი ფერის",
      "3\nყვითელი ფერის"
    ]
  },
  {
    "id": 350,
    "correctAnswer": 3,
    "imageUrl": "assets/images/image.png",
    "correctVideo": "assets/videos/correct_19.mp4",
    "wrongVideo": "assets/videos/wrong_19.mp4",
    "previewVideo": "assets/videos/preview_19.mp4",
    "question": "დღის ნათელ დროს გზაზე მოძრავი სატრანსპორტო საშუალების აღნიშვნის მიზნით სავალდებულოა ახლო განათების ფარებისა და უკანა საგაბარიტო სინათლეების ჩართვა:",
    "answers": [
      "1\nმხოლოდ ავტობუსით ან სათანადოდ მოწყობილი სატვირთო ავტომობილის ძარით ბავშვთა ჯგუფის გადაყვანისას",
      "2\nმხოლოდ მექანიკური სატრანსპორტო საშუალების ბუქსირებისას, მობუქსირე სატრანსპორტო საშუალებაზე",
      "3\nმხოლოდ სამარშრუტო სატრანსპორტო საშუალებებზე სპეციალურად მათთვის გამოყოფილ ზოლზე, ძირითადი ნაკადის საპირისპიროდ მოძრაობისას",
      "4\nამ ბილეთში ჩამოთვლილ ყველა შემთხვევაში"
    ]
  },
  {
    "id": 351,
    "correctAnswer": 0,
    "imageUrl": "assets/images/image.png",
    "correctVideo": "assets/videos/correct_19.mp4",
    "wrongVideo": "assets/videos/wrong_19.mp4",
    "previewVideo": "assets/videos/preview_19.mp4",
    "question": "თუ საპირისპიროდ მოძრავი სატრანსპორტო საშუალების მძღოლი არ მიანიშნებს ამის აუცილებლობაზე, შორი განათების ფარები უნდა გამოირთოს და მათ ნაცვლად უნდა ჩაირთოს ახლო განათების ფარები შემხვედრის გვერდის აქცევის დროს, სატრანსპორტო საშუალებამდე არანაკლებ:",
    "answers": [
      "1\n150 მეტრის მანძილზე",
      "2\n200 მეტრის მანძილზე",
      "3\n300 მეტრის მანძილზე"
    ]
  },
  {
    "id": 352,
    "correctAnswer": 0,
    "imageUrl": "assets/images/image.png",
    "correctVideo": "assets/videos/correct_19.mp4",
    "wrongVideo": "assets/videos/wrong_19.mp4",
    "previewVideo": "assets/videos/preview_19.mp4",
    "question": "შორი განათების ფარები უნდა გამოირთოს და მათ ნაცვლად ჩაირთოს ახლო განათების ფარები:",
    "answers": [
      "1\nროცა თავიდან უნდა იქნეს აცილებული სხვა საგზაო მოძრაობის მონაწილეთა ან გზის გასწვრივ გამავალი სანაოსნო ან სალიანდაგო გზით მოსარგებლეთა მხედველობის დაბინდვა",
      "2\nსაცხოვრებელ ზონაში მოძრაობისას",
      "3\nთუ ხილვადობა 300 მეტრზე ნაკლებია"
    ]
  },
  {
    "id": 353,
    "correctAnswer": 1,
    "imageUrl": "assets/images/image.png",
    "correctVideo": "assets/videos/correct_19.mp4",
    "wrongVideo": "assets/videos/wrong_19.mp4",
    "previewVideo": "assets/videos/preview_19.mp4",
    "question": "დღე-ღამის ბნელ დროს, დასახლებულ პუნქტში მოძრაობისას, თუ გზა საკმარისად არის განათებული:",
    "answers": [
      "1\nუნდა ჩაირთოს საგაბარიტო სინათლეები",
      "2\nუნდა ჩაირთოს ახლო განათების ფარები",
      "3\nუნდა ჩაირთოს შორი განათების ფარები"
    ]
  },
  {
    "id": 354,
    "correctAnswer": 0,
    "imageUrl": "assets/images/image.png",
    "correctVideo": "assets/videos/correct_19.mp4",
    "wrongVideo": "assets/videos/wrong_19.mp4",
    "previewVideo": "assets/videos/preview_19.mp4",
    "question": "უკუსვლის მაშუქების ჩართვა ნებადართულია:",
    "answers": [
      "1\nმხოლოდ იმ შემთხვევებში, როცა სატრანსპორტო საშუალება ახორციელებს ან აპირებს უკუსვლით მოძრაობას",
      "2\nმხოლოდ იმ შემთხვევებში, როცა სატრანსპორტო საშუალება ამუხრუჭებს",
      "3\nამ ბილეთში ჩამოთვლილ ყველა შემთხვევაში"
    ]
  },
  {
    "id": 355,
    "correctAnswer": 1,
    "imageUrl": "assets/images/image.png",
    "correctVideo": "assets/videos/correct_19.mp4",
    "wrongVideo": "assets/videos/wrong_19.mp4",
    "previewVideo": "assets/videos/preview_19.mp4",
    "question": "დასაშვებია თუ არა სატრანსპორტო საშუალებების წინ წითელი და უკან თეთრი სინათლეებით აღჭურვა:",
    "answers": [
      "1\nდასაშვებია",
      "2\nდაუშვებელია",
      "3\nდასაშვებია, მხოლოდ სპეციალური სამსახურის სატრანსპორტო საშუალებებზე"
    ]
  },
  {
    "id": 356,
    "correctAnswer": 1,
    "imageUrl": "assets/images/image.png",
    "correctVideo": "assets/videos/correct_19.mp4",
    "wrongVideo": "assets/videos/wrong_19.mp4",
    "previewVideo": "assets/videos/preview_19.mp4",
    "question": "დასაშვებია თუ არა სატრანსპორტო საშუალების კონსტრუქციის შეცვლა ან მისი აღჭურვა დამატებითი სინათლეებით?",
    "answers": [
      "1\nარ არის დასაშვები",
      "2\nდასაშვებია მხოლოდ კანონმდებლობით გათვალისწინებული მოთხოვნების დაცვით"
    ]
  },
  {
    "id": 357,
    "correctAnswer": 1,
    "imageUrl": "assets/images/image.png",
    "correctVideo": "assets/videos/correct_19.mp4",
    "wrongVideo": "assets/videos/wrong_19.mp4",
    "previewVideo": "assets/videos/preview_19.mp4",
    "question": "დასაშვებია თუ არა ერთსა და იმავე სატრანსპორტო საშუალებაზე ერთნაირი დანიშნულებისა და ერთსა და იმავე მხარეს მიმართული სხვადასხვა ფერის ფარების დაყენება?",
    "answers": [
      "1\nდასაშვებია",
      "2\nდაუშვებელია",
      "3\nდასაშვებია მხოლოდ ოპერატიული სამსახურის ავტომობილზე"
    ]
  },
  {
    "id": 358,
    "correctAnswer": 2,
    "imageUrl": "assets/images/image.png",
    "correctVideo": "assets/videos/correct_19.mp4",
    "wrongVideo": "assets/videos/wrong_19.mp4",
    "previewVideo": "assets/videos/preview_19.mp4",
    "question": "დასახლებულ პუნქტში ფარა-პროჟექტორით და ფარა-მაძიებლით სარგებლობა შეუძლია:",
    "answers": [
      "1\nმხოლოდ სახიფათო ტვირთის გადამტანი ავტოსატრანსპორტო საშუალებების მძღოლებს",
      "2\nნებისმიერ მძღოლს, სურვილის შემთხვევაში",
      "3\nმხოლოდ ოპერატიული და სპეციალური სამსახურების სატრანსპორტო საშუალებათა მძღოლებს სამსახურებრივი მოვალეობის შესრულებისას"
    ]
  },
  {
    "id": 359,
    "correctAnswer": 1,
    "imageUrl": "assets/images/image.png",
    "correctVideo": "assets/videos/correct_19.mp4",
    "wrongVideo": "assets/videos/wrong_19.mp4",
    "previewVideo": "assets/videos/preview_19.mp4",
    "question": "ფარა-პროჟექტორით და ფარა-მაძიებლით სარგებლობა ნებადართულია:",
    "answers": [
      "1\nდასახლებულ პუნქტში ცალხრივ მოძრაობიან გზის სავალ ნაწილზე",
      "2\nმხოლოდ დაუსახლებელ პუნქტში, თუ არ არის საპირისპიროდ მოძრავი სატრანსპორტო საშუალება",
      "3\nდასახლებულ პუნქტში იმ გზაზე, სადაც თითოეული მიმართულებისათვის ერთი სამოძრაო ზოლია, შუაში ტრამვაის ლიანდაგების გარეშე"
    ]
  },
  {
    "id": 360,
    "correctAnswer": 2,
    "imageUrl": "assets/images/image.png",
    "correctVideo": "assets/videos/correct_19.mp4",
    "wrongVideo": "assets/videos/wrong_19.mp4",
    "previewVideo": "assets/videos/preview_19.mp4",
    "question": "სატრანსპორტო საშუალებები შეიძლება გაჩერდნენ ან იმყოფებოდნენ სადგომზე რაიმე სახის გარე სანათი ხელსაწყოების ჩაურთველად:",
    "answers": [
      "1\nმხოლოდ იმგვარად განათებულ გზაზე, სადაც სატრანსპორტო საშუალების კარგად დანახვა (გარჩევა) შესაძლებელია საკმაო მანძილზე",
      "2\nმხოლოდ სავალი ნაწილის და მკვრივი საფარის მქონე გვერდულებს მიღმა",
      "3\nამ ბილეთში ჩამოთვლილ ნებისმიერ შემთხვევაში"
    ]
  },
  {
    "id": 361,
    "correctAnswer": 2,
    "imageUrl": "assets/images/image.png",
    "correctVideo": "assets/videos/correct_19.mp4",
    "wrongVideo": "assets/videos/wrong_19.mp4",
    "previewVideo": "assets/videos/preview_19.mp4",
    "question": "დასახლებულ პუნქტებში წინა და უკანა საგაბარიტო სინათლეების ნაცვლად შეიძლება ჩართულ იქნეს პარკირების ნათურები იმ პირობით, რომ:",
    "answers": [
      "1\nსატრანსპორტო საშუალების სიგრძე არ აღემატება 6 მეტრს, სიგანე - 2 მეტრს",
      "2\nსატრანსპორტო საშუალებას არ გააჩნია მისაბმელი",
      "3\nდაცულია ამ ბილეთში ჩამოთვლილი ყველა პირობა"
    ]
  },
  {
    "id": 362,
    "correctAnswer": 0,
    "imageUrl": "assets/images/image.png",
    "correctVideo": "assets/videos/correct_19.mp4",
    "wrongVideo": "assets/videos/wrong_19.mp4",
    "previewVideo": "assets/videos/preview_19.mp4",
    "question": "დღე-ღამის ბნელ დროს ან არასაკმარისი ხილვადობის პირობებში აღმართის ბოლოსთან მიახლოებისას სატრანსპორტო საშუალების მძღოლმა შორი ნათების ფარები უნდა გამორთოს და ჩართოს ახლო ნათების ფარები:",
    "answers": [
      "1\nნებისმიერ შემთხვევაში, აღმართის ბოლოსთან მიახლოებისას",
      "2\nმხოლოდ შემხვედრი სატრანსპორტო საშუალების გამოჩენისას"
    ]
  },
  {
    "id": 363,
    "correctAnswer": 2,
    "imageUrl": "assets/images/image.png",
    "correctVideo": "assets/videos/correct_19.mp4",
    "wrongVideo": "assets/videos/wrong_19.mp4",
    "previewVideo": "assets/videos/preview_19.mp4",
    "question": "სატრანსპორტო საშუალების რომელი გარე სანათი ხელსაწყოების ჩართვა უზრუნველყოფს გზის უკეთეს ხილვადობას დღე-ღამის ბნელ დროს, ძლიერი თოვის პირობებში?",
    "answers": [
      "1\nშორი ნათების ფარები",
      "2\nნისლსაწინააღმდეგო ფარები შორი ნათების ფარებთან ერთად",
      "3\nნისლსაწინააღმდეგო ფარები ახლო ნათების ფარებთან ერთად"
    ]
  },
  {
    "id": 364,
    "correctAnswer": 1,
    "imageUrl": "assets/images/image.png",
    "correctVideo": "assets/videos/correct_19.mp4",
    "wrongVideo": "assets/videos/wrong_19.mp4",
    "previewVideo": "assets/videos/preview_19.mp4",
    "question": "რა ოპერაციას ასრულებს სახნისი?",
    "answers": [
      "1\nბელტს ჭრის ვერტიკალურ სიბრტყეში",
      "2\nბელტს ჭრის ჰორიზონტალურ სიბრტყეში",
      "3\nბელტს ჭრის მოძრაობის პარალელურ სიბრტყეში",
      "4\nეყრდნობა კვლის კედელს და უნარჩუნებს გუთანს მდგრადობას"
    ]
  },
  {
    "id": 365,
    "correctAnswer": 0,
    "imageUrl": "assets/images/image.png",
    "correctVideo": "assets/videos/correct_19.mp4",
    "wrongVideo": "assets/videos/wrong_19.mp4",
    "previewVideo": "assets/videos/preview_19.mp4",
    "question": "რა ოპერაციას ასრულებს საკვეთელი?",
    "answers": [
      "1\nბელტს ჭრის ვერტიკალურ სიბრტყეში",
      "2\nბელტს ჭრის ჰორიზონტალურ სიბრტყეში",
      "3\nეყრდნობა კვლის კედელს და უნარჩუნებს გუთანს მდგრადობას",
      "4\nარეგულირებს ხვნის სიღრმეს"
    ]
  },
  {
    "id": 366,
    "correctAnswer": 0,
    "imageUrl": "assets/images/image.png",
    "correctVideo": "assets/videos/correct_19.mp4",
    "wrongVideo": "assets/videos/wrong_19.mp4",
    "previewVideo": "assets/videos/preview_19.mp4",
    "question": "რისთვისაა განკუთვნილი საერთო დანიშნულების გუთნები?",
    "answers": [
      "1\nერთწლიანი კულტურების მოყვანისათვის ნიადაგის მოსახნავად",
      "2\nსაპლანტაჟო ხვნისათვის",
      "3\nტორფიანი და ჭაობიანი ნიადაგების მოსახნავად"
    ]
  },
  {
    "id": 367,
    "correctAnswer": 1,
    "imageUrl": "assets/images/image.png",
    "correctVideo": "assets/videos/correct_19.mp4",
    "wrongVideo": "assets/videos/wrong_19.mp4",
    "previewVideo": "assets/videos/preview_19.mp4",
    "question": "რომელი გუთნით ტარდება გლუვი ხვნა?",
    "answers": [
      "1\nუფრთო გუთნით",
      "2\nსაბრუნი გუთნით",
      "3\nროტაციული გუთნით",
      "4\nსაპლანტაჟო გუთნით"
    ]
  },
  {
    "id": 368,
    "correctAnswer": 1,
    "imageUrl": "assets/images/image.png",
    "correctVideo": "assets/videos/correct_19.mp4",
    "wrongVideo": "assets/videos/wrong_19.mp4",
    "previewVideo": "assets/videos/preview_19.mp4",
    "question": "რა მაჩვენებლებით შეირჩევა სახვნელი აპარატის მოძრაობის რაციონალური წესი?",
    "answers": [
      "1\nმწარმოებლობა, მოდების განი, აგრეგატის მოძრაობის სიჩქარე",
      "2\nმწარმოებლობა, შესრულებული სამუშაოს ხარისხი, აგრეგატის მომსახურეობის სიმარტივე",
      "3\nმოდების განი, აგრეგატის მოძრაობის სიჩქარე, შესრულებული სამუშაოს ხარისხი",
      "4\nშესარულებული სამუშაოს ხარისხი, აგრეგატის მოძრაობის სიჩქარე, აგრეგატის მომსახურების სიმარტივე"
    ]
  }
]