[
  {
    "id": 547,
    "correctAnswer": 2,
    "imageUrl": "assets/images/image.png",
    "correctVideo": "assets/videos/correct_547.mp4",
    "wrongVideo": "assets/videos/wrong_547.mp4",
    "previewVideo": "assets/videos/preview_547.mp4",
    "question": "თუ შუქნიშანში ჩართულია ყვითელი მოციმციმე მაშუქი სიგნალი:",
    "answers": [
      "1\nმძღოლი ვალდებულია გაჩერდეს „სდექ“ ხაზთან",
      "2\nმძღოლი ვალდებულია გაჩერდეს შუქნიშანთან",
      "3\nმძღოლს უფლება აქვს გააგრძელოს მოძრაობა განსაკუთრებული სიფრთხილის დაცვით",
      "4\nმძღოლი ვალდებულია გაჩერდეს უახლოეს რელსამდე, არანაკლებ 10 მეტრის მანძილზე"
    ]
  },
  {
    "id": 548,
    "correctAnswer": 0,
    "imageUrl": "assets/images/image.png",
    "correctVideo": "assets/videos/correct_548.mp4",
    "wrongVideo": "assets/videos/wrong_548.mp4",
    "previewVideo": "assets/videos/preview_548.mp4",
    "question": "რკინიგზის გადასასვლელზე, შუქნიშნის წითელ მოციმციმე მაშუქ სიგნალთან ერთად მიცემული ხმოვანი სიგნალი, მოძრაობის მონაწილეებს დამატებით აწვდის ინფორმაციას:",
    "answers": [
      "1\nგადასასვლელზე მოძრაობის აკრძალვის შესახებ",
      "2\nგადასასვლელზე მოძრაობის გაგრძელების უფლების შესახებ"
    ]
  },
  {
    "id": 549,
    "correctAnswer": 1,
    "imageUrl": "assets/images/image.png",
    "correctVideo": "assets/videos/correct_549.mp4",
    "wrongVideo": "assets/videos/wrong_549.mp4",
    "previewVideo": "assets/videos/preview_549.mp4",
    "question": "რკინიგზის გადასასვლელზე ერთ სადგარზე, ერთი და იმავე სიმაღლეზე განლაგებული, ერთ მხარეს მიმართული ორი მორიგეობით მოციმციმე, ან ერთი მოციმციმე ყვითელი მაშუქი სიგნალი ნიშნავს, რომ მძღოლებს:",
    "answers": [
      "1\nეკრძალებათ მოძრაობა",
      "2\nუფლება აქვთ გააგრძელონ მოძრაობა, მაგრამ ამასთან ვალდებულები არიან დაიცვან განსაკუთრებული სიფრთხილე"
    ]
  },
  {
    "id": 550,
    "correctAnswer": 0,
    "imageUrl": "assets/images/image.png",
    "correctVideo": "assets/videos/correct_550.mp4",
    "wrongVideo": "assets/videos/wrong_550.mp4",
    "previewVideo": "assets/videos/preview_550.mp4",
    "question": "თუ რკინიგზის გადასასვლელზე შუქნიშნის მაშუქი სიგნალები გამორთულია:",
    "answers": [
      "1\nმოძრაობა ნებადართულია მხოლოდ მაშინ, როცა ხილვადობის ფარგლებში არ ჩანს გადასასვლელთან მოახლოებული მატარებელი (ლოკომოტივი, დრეზინა)",
      "2\nმოძრაობა აკრძალულია"
    ]
  },
  {
    "id": 551,
    "correctAnswer": 1,
    "imageUrl": "assets/images/image.png",
    "correctVideo": "assets/videos/correct_551.mp4",
    "wrongVideo": "assets/videos/wrong_551.mp4",
    "previewVideo": "assets/videos/preview_551.mp4",
    "question": "რომელი ავტომობილის მძღოლს ეკრძალება ისრის მიმართულებით მოძრაობა?",
    "answers": [
      "1\nმხოლოდ სატვირთო ავტომობილის მძღოლს",
      "2\nმხოლოდ მსუბუქი ავტომობილის მძღოლს",
      "3\nორივე ავტომობილის მძღოლს",
      "4\nარცერთი ავტომობილის მძღოლს"
    ]
  },
  {
    "id": 552,
    "correctAnswer": 2,
    "imageUrl": "assets/images/image.png",
    "correctVideo": "assets/videos/correct_552.mp4",
    "wrongVideo": "assets/videos/wrong_552.mp4",
    "previewVideo": "assets/videos/preview_552.mp4",
    "question": "მოცემულ სიტუაციაში, მძღოლს:",
    "answers": [
      "1\nუფლება აქვს, სიფრთხილის ზომების დაცვით, თვითონ გახსნას შლაგბაუმი და გააგრძელოს მოძრაობა",
      "2\nუფლება აქვს, შემოუაროს შლაგბაუმს და გააგრძელოს მოძრაობა",
      "3\nაქვს ვალდებულება გაჩერდეს „სდექ“ ხაზთან",
      "4\nამ ბილეთში ჩამოთვლილი არც ერთი პასუხი სწორი არ არის"
    ]
  },
  {
    "id": 553,
    "correctAnswer": 2,
    "imageUrl": "assets/images/image.png",
    "correctVideo": "assets/videos/correct_553.mp4",
    "wrongVideo": "assets/videos/wrong_553.mp4",
    "previewVideo": "assets/videos/preview_553.mp4",
    "question": "მოცემულ სიტუაციაში მძღოლი უნდა გაჩერდეს:",
    "answers": [
      "1\nშუქნიშნის გასწვრივ",
      "2\nუახლოეს რელსამდე, არანაკლებ 10 მეტრის მანძილზე",
      "3\n„სდექ“ ხაზთან",
      "4\nუახლოეს რელსამდე, არანაკლებ 5 მეტრის მანძილზე"
    ]
  },
  {
    "id": 554,
    "correctAnswer": 1,
    "imageUrl": "assets/images/image.png",
    "correctVideo": "assets/videos/correct_554.mp4",
    "wrongVideo": "assets/videos/wrong_554.mp4",
    "previewVideo": "assets/videos/preview_554.mp4",
    "question": "მოცემულ სიტუაციაში ავტომობილის მძღოლი ვალდებულია:",
    "answers": [
      "1\nგააგრძელოს მოძრაობა, რადგან შლაგბაუმი აწეულია",
      "2\nგაჩერდეს შუქნიშანთან"
    ]
  },
  {
    "id": 555,
    "correctAnswer": 0,
    "imageUrl": "assets/images/image.png",
    "correctVideo": "assets/videos/correct_555.mp4",
    "wrongVideo": "assets/videos/wrong_555.mp4",
    "previewVideo": "assets/videos/preview_555.mp4",
    "question": "მოცემულ სიტუაციაში, სარკინიგზო გადასასვლელთან გაჩერებული, რომელი ავტომობილის მძღოლი არღვევს საგზაო მოძრაობის წესებს?",
    "answers": [
      "1\nმხოლოდ ყვითელი ავტომობილის მძღოლი",
      "2\nმხოლოდ თეთრი ავტომობილის მძღოლი",
      "3\nორივე ავტომობილის მძღოლები",
      "4\nარცერთი ავტომობილის მძღოლი"
    ]
  },
  {
    "id": 556,
    "correctAnswer": 0,
    "imageUrl": "assets/images/image.png",
    "correctVideo": "assets/videos/correct_556.mp4",
    "wrongVideo": "assets/videos/wrong_556.mp4",
    "previewVideo": "assets/videos/preview_556.mp4",
    "question": "მოცემულ სიტუაციაში, ეკრძალება თუ არა ლურჯი ავტომობილის მძღოლს ისრის მიმართულებით გასწრება?",
    "answers": [
      "1\nეკრძალება",
      "2\nარ ეკრძალება"
    ]
  },
  {
    "id": 557,
    "correctAnswer": 1,
    "imageUrl": "assets/images/image.png",
    "correctVideo": "assets/videos/correct_557.mp4",
    "wrongVideo": "assets/videos/wrong_557.mp4",
    "previewVideo": "assets/videos/preview_557.mp4",
    "question": "მატარებელი ამთავრებს რკინიგზის გადასასვლელის გავლას. ავტომობილის მძღოლს მოძრაობის გაგრძელების უფლება აქვს:",
    "answers": [
      "1\nდაუყოვნებლივ, მატარებლის გავლის შემდეგ",
      "2\nმატარებლის გავლისა და შუქნიშანზე მოციმციმე ყვითელი მაშუქი სიგნალის ჩართვის შემდეგ"
    ]
  },
  {
    "id": 558,
    "correctAnswer": 2,
    "imageUrl": "assets/images/image.png",
    "correctVideo": "assets/videos/correct_558.mp4",
    "wrongVideo": "assets/videos/wrong_558.mp4",
    "previewVideo": "assets/videos/preview_558.mp4",
    "question": "მოცემულ სიტუაციაში, ავტომობილის მძღოლი ვალდებულია გაჩერდეს:",
    "answers": [
      "1\nნახევარშლაგბაუმთან, არანაკლებ 5 მ-ის მანძილზე",
      "2\nუახლოესი რელსიდან, არანაკლებ 10 მ-ის მანძილზე",
      "3\nშუქნიშანთან"
    ]
  },
  {
    "id": 559,
    "correctAnswer": 1,
    "imageUrl": "assets/images/image.png",
    "correctVideo": "assets/videos/correct_559.mp4",
    "wrongVideo": "assets/videos/wrong_559.mp4",
    "previewVideo": "assets/videos/preview_559.mp4",
    "question": "მოცემულ სიტუაციაში, ავტომობილის მძღოლი ვალდებულია გაჩერდეს:",
    "answers": [
      "1\nუშუალოდ შლაგბაუმთან",
      "2\n„სდექ“ ხაზთან"
    ]
  },
  {
    "id": 560,
    "correctAnswer": 2,
    "imageUrl": "assets/images/image.png",
    "correctVideo": "assets/videos/correct_560.mp4",
    "wrongVideo": "assets/videos/wrong_560.mp4",
    "previewVideo": "assets/videos/preview_560.mp4",
    "question": "მოცემულ სიტუაციაში, რომელი ავტომობილის მძღოლს ეკრძალება ისრის მიმართულებით მოძრაობა?",
    "answers": [
      "1\nორივე ავტომობილის მძღოლს",
      "2\nარცერთი ავტომობილის მძღოლს",
      "3\nმხოლოდ წითელი ავტომობილის მძღოლს",
      "4\nმხოლოდ ლურჯი ავტომობილის მძღოლს"
    ]
  },
  {
    "id": 561,
    "correctAnswer": 1,
    "imageUrl": "assets/images/image.png",
    "correctVideo": "assets/videos/correct_561.mp4",
    "wrongVideo": "assets/videos/wrong_561.mp4",
    "previewVideo": "assets/videos/preview_561.mp4",
    "question": "მოცემულ სიტუაციაში, ეკრძალება თუ არა მძღოლს ისრის მიმართულებით ავტომობილით უკუსვლით მოძრაობა და შემდგომ მობრუნების მანევრის შესრულება?",
    "answers": [
      "1\nეკრძალება",
      "2\nარ ეკრძალება"
    ]
  },
  {
    "id": 562,
    "correctAnswer": 2,
    "imageUrl": "assets/images/image.png",
    "correctVideo": "assets/videos/correct_562.mp4",
    "wrongVideo": "assets/videos/wrong_562.mp4",
    "previewVideo": "assets/videos/preview_562.mp4",
    "question": "მოცემულ სიტუაციაში, შუქნიშნის მოციმციმე ყვითელ მაშუქ სიგნალზე:",
    "answers": [
      "1\nმძღოლი ვალდებულია გაჩერდეს „სდექ“ ხაზთან და დაელოდოს სიგნალის შეცვლას",
      "2\nმძღოლი ვალდებულია გაჩერდეს უახლოესი რელსიდან არანაკლებ 10 მეტრის მანძილზე",
      "3\nმძღოლს უფლება აქვს გააგრძელონ მოძრაობა განსაკუთრებული სიფრთხილის დაცვით",
      "4\nმძღოლი ვალდებულია გაჩერდეს შუქნიშანთან"
    ]
  },
  {
    "id": 563,
    "correctAnswer": 3,
    "imageUrl": "assets/images/image.png",
    "correctVideo": "assets/videos/correct_563.mp4",
    "wrongVideo": "assets/videos/wrong_563.mp4",
    "previewVideo": "assets/videos/preview_563.mp4",
    "question": "რკინიგზის გადასასვლელზე აკრძალულია:",
    "answers": [
      "1\nმხოლოდ საპირისპირო მოძრაობის ზოლზე გასვლით, გადასასვლელის წინ მდგომი სატრანსპორტო საშუალების შემოვლა",
      "2\nმხოლოდ შლაგბაუმის ან ნახევარშლაგბაუმის თვითნებური გახსნა",
      "3\nმხოლოდ იმ სასოფლო - სამეურნეო, საგზაო - სამშენებლო და სხვა მანქანებისა და მექანიზმების არასატრანსპორტო მდგომარეობაში გადატანა, რომლებმაც შეიძლება დააზიანონ გადასასვლელი, ან შეაფერხონ მასზე მოძრაობა",
      "4\nამ ბილეთში ჩამოთვლილი ნებისმიერი მოქმედების განხორციელება"
    ]
  },
  {
    "id": 564,
    "correctAnswer": 2,
    "imageUrl": "assets/images/image.png",
    "correctVideo": "assets/videos/correct_564.mp4",
    "wrongVideo": "assets/videos/wrong_564.mp4",
    "previewVideo": "assets/videos/preview_564.mp4",
    "question": "რკინიგზის გადასასვლელზე სატრანსპორტო საშუალების იძულებითი გაჩერების შემთხვევაში, საერთო განგაშის ხმოვან სიგნალს შეესაბამება:",
    "answers": [
      "1\nორი გრძელი და ორი მოკლე ხმოვანი სიგნალი",
      "2\nსამი გრძელი და ერთი მოკლე ხმოვანი სიგნალი",
      "3\nერთი გრძელი და სამი მოკლე ხმოვანი სიგნალი"
    ]
  },
  {
    "id": 565,
    "correctAnswer": 1,
    "imageUrl": "assets/images/image.png",
    "correctVideo": "assets/videos/correct_565.mp4",
    "wrongVideo": "assets/videos/wrong_565.mp4",
    "previewVideo": "assets/videos/preview_565.mp4",
    "question": "„რკინიგზის გადასასვლელი“ არის:",
    "answers": [
      "1\nრკინიგზის ლიანდაგების ნებისმიერი მონაკვეთი",
      "2\nგზისა და დამოუკიდებელი ვაკისის მქონე რკინიგზის ან ტრამვაის ლიანდაგების ერთ დონეზე გადაკვეთა",
      "3\nგზისა და დამოუკიდებელი ვაკისის მქონე რკინიგზის ან ტრამვაის ლიანდაგების სხვადასხვა დონეზე გადაკვეთა"
    ]
  },
  {
    "id": 566,
    "correctAnswer": 0,
    "imageUrl": "assets/images/image.png",
    "correctVideo": "assets/videos/correct_566.mp4",
    "wrongVideo": "assets/videos/wrong_566.mp4",
    "previewVideo": "assets/videos/preview_566.mp4",
    "question": "მოსახვევში მოძრაობისას როგორი პროფილის ავტოცისტერნაა უფრო მდგრადი გადაყირავების წინააღმდეგ?",
    "answers": [
      "1\nელიფსის ფორმის პროფილის",
      "2\nმრგვალი პროფილის"
    ]
  },
  {
    "id": 567,
    "correctAnswer": 2,
    "imageUrl": "assets/images/image.png",
    "correctVideo": "assets/videos/correct_567.mp4",
    "wrongVideo": "assets/videos/wrong_567.mp4",
    "previewVideo": "assets/videos/preview_567.mp4",
    "question": "თხევადი ტვირთის გადაზიდვის შემთხვევაში ავტოცისტერნა გადაყირავების წინააღმდეგ უფრო მდგრადია, თუ ცისტერნა შევსებულია:",
    "answers": [
      "1\nნახევრად",
      "2\n75%-ით",
      "3\nმთლიანად"
    ]
  },
  {
    "id": 568,
    "correctAnswer": 3,
    "imageUrl": "assets/images/image.png",
    "correctVideo": "assets/videos/correct_568.mp4",
    "wrongVideo": "assets/videos/wrong_568.mp4",
    "previewVideo": "assets/videos/preview_568.mp4",
    "question": "მოსახვევში მოძრაობისას ავტომატარებლის მოცურება, გადაყირავება და დაკეცვა შეიძლება გამოიწვიოს:",
    "answers": [
      "1\nმხოლოდ გადამეტებულმა სიჩქარემ",
      "2\nმხოლოდ საჭის თვლის მკვეთრმა მობრუნებამ",
      "3\nმხოლოდ მკვეთრმა დამუხრუჭებამ",
      "4\nროგორც გადამეტებულმა სიჩქარემ, ასევე საჭის თვლის მკვეთრმა მობრუნებამ და მკვეთრმა დამუხრუჭებამ"
    ]
  },
  {
    "id": 569,
    "correctAnswer": 2,
    "imageUrl": "assets/images/image.png",
    "correctVideo": "assets/videos/correct_569.mp4",
    "wrongVideo": "assets/videos/wrong_569.mp4",
    "previewVideo": "assets/videos/preview_569.mp4",
    "question": "მოლიპულ გზაზე, აღმართზე მოძრაობისას ავტომატარებლის მოცურება, გადაყირავება და დაკეცვა შეიძლება გამოიწვიოს:",
    "answers": [
      "1\nმხოლოდ საჭის თვლის მკვეთრმა მობრუნებამ",
      "2\nმხოლოდ მკვეთრმა დამუხრუჭებამ",
      "3\nროგორც საჭის თვლის მკვეთრმა მობრუნებამ, ასევე მკვეთრმა დამუხრუჭებამ"
    ]
  },
  {
    "id": 570,
    "correctAnswer": 1,
    "imageUrl": "assets/images/image.png",
    "correctVideo": "assets/videos/correct_570.mp4",
    "wrongVideo": "assets/videos/wrong_570.mp4",
    "previewVideo": "assets/videos/preview_570.mp4",
    "question": "მოსახვევში მოძრაობისას ავტომატარებლისა და შესახსრებული ავტობუსის დინამიკური დერეფანი ერთეული ავტომობილის დინამიკურ დერეფანზე მეტია:",
    "answers": [
      "1\n5%-ით",
      "2\n10-40%-ით",
      "3\n50-70%-ით"
    ]
  },
  {
    "id": 571,
    "correctAnswer": 2,
    "imageUrl": "assets/images/image.png",
    "correctVideo": "assets/videos/correct_571.mp4",
    "wrongVideo": "assets/videos/wrong_571.mp4",
    "previewVideo": "assets/videos/preview_571.mp4",
    "question": "ავტომატარებლით და შესახსრებული ავტობუსით გასწრების დროს, გასასწრებ სატრანსპორტო საშუალებასთან მიმართებით უსაფრთხო გვერდითი ინტერვალი მიზანშეწონილია არ იყოს:",
    "answers": [
      "1\n1 მეტრზე ნაკლები",
      "2\n1,5 მეტრზე ნაკლები",
      "3\n2 მეტრზე ნაკლები"
    ]
  },
  {
    "id": 572,
    "correctAnswer": 1,
    "imageUrl": "assets/images/image.png",
    "correctVideo": "assets/videos/correct_572.mp4",
    "wrongVideo": "assets/videos/wrong_572.mp4",
    "previewVideo": "assets/videos/preview_572.mp4",
    "question": "ავტომატარებლით მოძრაობისას საჭიროა თუ არა დავიცვათ მეტი დისტანცია წინ მოძრავ სატრანსპორტო საშულებამდე, ვიდრე მსუბუქი ავტომობილით მოძრაობისას?",
    "answers": [
      "1\nარა, რადგან ავტომატარებლის მძღოლის გამოცდილების გამო მისი რეაქციის დრო ნაკლებია ვიდრე სხვა მძღოლების",
      "2\nდიახ, რადგან დიდი მასის გამო ავტომატარებლის სამუხრუჭო მანძილი უფრო დიდია ვიდრე მსუბუქი ავტომობილებისა",
      "3\nარა, რადგან ავტომატარებლის სამუხრუჭო მანძილი უფრო მოკლეა ვიდრე მსუბუქი ავტომობილებისა"
    ]
  },
  {
    "id": 573,
    "correctAnswer": 2,
    "imageUrl": "assets/images/image.png",
    "correctVideo": "assets/videos/correct_573.mp4",
    "wrongVideo": "assets/videos/wrong_573.mp4",
    "previewVideo": "assets/videos/preview_573.mp4",
    "question": "რა ტიპისაა გუთნები დანიშნულების მიხედვით?",
    "answers": [
      "1\nსპეციალური",
      "2\nსაერთო",
      "3\nსაერთო და სპეციალური"
    ]
  }
]