[
  {
    "id": 678,
    "correctAnswer": 0,
    "imageUrl": "assets/images/image.png",
    "correctVideo": "assets/videos/correct_19.mp4",
    "wrongVideo": "assets/videos/wrong_19.mp4",
    "previewVideo": "assets/videos/preview_19.mp4",
    "question": "თუ საგზაო ნიშნებისა და საგზაო მონიშვნების მოთხოვნები ერთმანეთს ეწინააღმდეგება, მძღოლი ვალდებულია შეასრულოს:",
    "answers": [
      "1\nსაგზაო ნიშნების მოთხოვნები",
      "2\nსაგზაო მონიშვნის მოთხოვნები"
    ]
  },
  {
    "id": 679,
    "correctAnswer": 0,
    "imageUrl": "assets/images/image.png",
    "correctVideo": "assets/videos/correct_19.mp4",
    "wrongVideo": "assets/videos/wrong_19.mp4",
    "previewVideo": "assets/videos/preview_19.mp4",
    "question": "თუ უსაფრთხოების კუნძული, ტუმბო ან მოწყობილობა განლაგებულია ორმხრივმოძრაობიანი გზის სავალი ნაწილის ღერძზე, მძღოლმა მას უნდა შემოუაროს:",
    "answers": [
      "1\nმხოლოდ მარჯვენა მხრიდან",
      "2\nმხოლოდ მარცხენა მხრიდან",
      "3\nმარჯვენა, ან მარცხენა მხრიდან"
    ]
  },
  {
    "id": 680,
    "correctAnswer": 2,
    "imageUrl": "assets/images/image.png",
    "correctVideo": "assets/videos/correct_19.mp4",
    "wrongVideo": "assets/videos/wrong_19.mp4",
    "previewVideo": "assets/videos/preview_19.mp4",
    "question": "თუ სატრანსპორტო საშუალებათა მოძრაობა არ რეგულირდება არც საგზაო შუქნიშნით და არც მარეგულირებლის მეშვეობით, მძღოლმა ქვეითთა გადასასვლელთან მიახლოებისას:",
    "answers": [
      "1\nუნდა მისცეს ხმოვანი სიგნალი და გაიაროს ქვეითთა გადასავლელი შეუჩერებლად",
      "2\nროგორც ქვეითების მიმართ უპირატესობის მქონემ, უფლება აქვს გაიაროს ქვეითთა გადასასვლელი ნებისმიერი სიჩქარით",
      "3\nსათანადოდ უნდა შეამციროს სიჩქარე, რათა საფრთხე არ შეუქმნას ამ გადასასვლელზე შესულ ან შემავალ ქვეითებს, ხოლო საჭიროების შემთხვევაში უნდა გაჩერდეს და გაატაროს ქვეითები"
    ]
  },
  {
    "id": 681,
    "correctAnswer": 0,
    "imageUrl": "assets/images/image.png",
    "correctVideo": "assets/videos/correct_19.mp4",
    "wrongVideo": "assets/videos/wrong_19.mp4",
    "previewVideo": "assets/videos/preview_19.mp4",
    "question": "მძღოლებმა, რომლებიც მოძრაობის მიმართულების შესაბამისი მხრიდან სათანადო წესით მონიშნულ გაჩერებაზე მყოფ სამარშრუტო სატრანსპორტო საშუალებისთვის გვერდის ავლას აპირებენ, უნდა:",
    "answers": [
      "1\nშეამცირონ სიჩქარე და აუცილებლობის შემთხვევაში გაჩერდნენ, რათა უზრუნველყონ საზოგადოებრივ ტრანსპორტში მგზავრების უსაფრთხო ჩასხდომის ან გადმოსხდომის შესაძლებლობა",
      "2\nგაზარდონ სიჩქარე, რათა სწრაფად გაიარონ და არ შეაფერხონ საზოგადოებრივი ტრანსპორტში მგზავრების ჩასხდომა-გადმოსხდომის პროცესი",
      "3\nგაჩერდნენ გვერდულასთან და არ დაიძრან საზოგადოებრივი ტრანსპორტის მოძრაობის გაგრძელებამდე"
    ]
  },
  {
    "id": 682,
    "correctAnswer": 0,
    "imageUrl": "assets/images/image.png",
    "correctVideo": "assets/videos/correct_19.mp4",
    "wrongVideo": "assets/videos/wrong_19.mp4",
    "previewVideo": "assets/videos/preview_19.mp4",
    "question": "შესაბამისი საგზაო ნიშნებისა და მონიშვნების არარსებობის შემთხვევაში, ურელსო სატრანსპორტო საშუალებათა მოძრაობისათვის ზოლების რაოდენობა განისაზღვრება:",
    "answers": [
      "1\nთვით მძღოლის მიერ, სავალი ნაწილის სიგანის, სატრანსპორტო საშუალებების გაბარიტებისა და მათ შორის აუცილებელი ინტერვალის გათვალისწინებით",
      "2\nადგილობრივი თვითმართველობის ორგანოს მიერ",
      "3\nკონონით, რომლის თანახმად ასეთი სახის გზა ითვლება ცალხმრივ მოძრაობიან გზად"
    ]
  },
  {
    "id": 683,
    "correctAnswer": 1,
    "imageUrl": "assets/images/image.png",
    "correctVideo": "assets/videos/correct_19.mp4",
    "wrongVideo": "assets/videos/wrong_19.mp4",
    "previewVideo": "assets/videos/preview_19.mp4",
    "question": "ორმხრივმოძრაობიანი გზის სავალი ნაწილის ღერძზე განლაგებულ უსაფრთხოების კუნძულს ან ტუმბოს მძღოლმა უნდა შემოუაროს:",
    "answers": [
      "1\nმხოლოდ მარცხენა მხრიდან",
      "2\nმხოლოდ მარჯვენა მხრიდან",
      "3\nმარჯვენა ან მარცხენა მხრიდან"
    ]
  },
  {
    "id": 684,
    "correctAnswer": 1,
    "imageUrl": "assets/images/image.png",
    "correctVideo": "assets/videos/correct_19.mp4",
    "wrongVideo": "assets/videos/wrong_19.mp4",
    "previewVideo": "assets/videos/preview_19.mp4",
    "question": "მოცემული დამატებითი ინფორმაციის ნიშნებიდან (დაფებიდან) რომელი მიუთითებს გამაფრთხილებელი ნიშნებით აღნიშნული გზის სახიფათო მონაკვეთის სიგრძეს, ან ამკრძალავი და საინფორმაციო–მაჩვენებელი ნიშნების მოქმედების ზონას?",
    "answers": [
      "1\nმხოლოდ I და III",
      "2\nმხოლოდ I",
      "3\nმხოლოდ II",
      "4\nმხოლოდ IV"
    ]
  },
  {
    "id": 685,
    "correctAnswer": 3,
    "imageUrl": "assets/images/image.png",
    "correctVideo": "assets/videos/correct_19.mp4",
    "wrongVideo": "assets/videos/wrong_19.mp4",
    "previewVideo": "assets/videos/preview_19.mp4",
    "question": "მოცემული საგზაო ნიშნების კომბინაციიდან, რომლის მოქმედება ვრცელდება სატვირთო ავტომობილებზე მისაბმელის გარეშე, რომელთა ნებადართული მაქსიმალური მასა 3,5 ტ-ზე მეტია?",
    "answers": [
      "1\nI და III",
      "2\nII და III",
      "3\nIII და IV",
      "4\nII და IV"
    ]
  },
  {
    "id": 686,
    "correctAnswer": 2,
    "imageUrl": "assets/images/image.png",
    "correctVideo": "assets/videos/correct_19.mp4",
    "wrongVideo": "assets/videos/wrong_19.mp4",
    "previewVideo": "assets/videos/preview_19.mp4",
    "question": "მოცემული საგზაო ნიშნების კომბინაციიდან, რომლის მოქმედება ვრცელდება სახიფათო ტვირთის გადამტან სატვირთო ავტომობილზე ნებისმიერი სახის მისაბმელით?",
    "answers": [
      "1\nმხოლოდ II",
      "2\nმხოლოდ I და II",
      "3\nმხოლოდ I, II და III",
      "4\nმხოლოდ III"
    ]
  },
  {
    "id": 687,
    "correctAnswer": 2,
    "imageUrl": "assets/images/image.png",
    "correctVideo": "assets/videos/correct_19.mp4",
    "wrongVideo": "assets/videos/wrong_19.mp4",
    "previewVideo": "assets/videos/preview_19.mp4",
    "question": "მოცემული საგზაო ნიშნების კომბინაციიდან, რომლის მოქმედება ვრცელდება მხოლოდ საცნობი ნიშნით „სახიფათო ტვირთი” აღჭურვილ სატრანსპორტო საშუალებებზე?",
    "answers": [
      "1\nმხოლოდ IV",
      "2\nმხოლოდ I და III",
      "3\nმხოლოდ II",
      "4\nმხოლოდ I"
    ]
  },
  {
    "id": 688,
    "correctAnswer": 0,
    "imageUrl": "assets/images/image.png",
    "correctVideo": "assets/videos/correct_19.mp4",
    "wrongVideo": "assets/videos/wrong_19.mp4",
    "previewVideo": "assets/videos/preview_19.mp4",
    "question": "მოცემულ სიტუაციაში, რომელ მძღოლს ეკრძალება ისრის მიმართულებით სატრანსპორტო საშუალების მობრუნება?",
    "answers": [
      "1\nმხოლოდ მოტოციკლის მძღოლს",
      "2\nმხოლოდ თეთრი ავტომობილის მძღოლს",
      "3\nარცერთი სატრანსპორტო საშუალების მძღოლს"
    ]
  },
  {
    "id": 689,
    "correctAnswer": 2,
    "imageUrl": "assets/images/image.png",
    "correctVideo": "assets/videos/correct_19.mp4",
    "wrongVideo": "assets/videos/wrong_19.mp4",
    "previewVideo": "assets/videos/preview_19.mp4",
    "question": "მოცემულ სიტუაციაში, რომელ მძღოლს ეკრძალება ისრის მიმართულებით ავტომობილის მობრუნება?",
    "answers": [
      "1\nმხოლოდ ყვითელი ავტომობილის მძღოლს",
      "2\nმხოლოდ წითელი ავტომობილის მძღოლს",
      "3\nარცერთი ავტომობილის მძღოლს"
    ]
  },
  {
    "id": 690,
    "correctAnswer": 1,
    "imageUrl": "assets/images/image.png",
    "correctVideo": "assets/videos/correct_19.mp4",
    "wrongVideo": "assets/videos/wrong_19.mp4",
    "previewVideo": "assets/videos/preview_19.mp4",
    "question": "გზის სავალ ნაწილზე დატანილი წარწერები აღნიშნავენ:",
    "answers": [
      "1\nმანძილს უახლოეს დასახლებულ პუნქტამდე",
      "2\nგზის (მარშრუტის) ნომერს",
      "3\nშესაბამისი ნომრის სამარშრუტო სატრანსპორტო საშუალებებისათვის განკუთვნილ მოძრაობის ზოლებს"
    ]
  },
  {
    "id": 691,
    "correctAnswer": 0,
    "imageUrl": "assets/images/image.png",
    "correctVideo": "assets/videos/correct_19.mp4",
    "wrongVideo": "assets/videos/wrong_19.mp4",
    "previewVideo": "assets/videos/preview_19.mp4",
    "question": "გზის სავალ ნაწილზე დატანილი ყვითელი მონიშვნა აღნიშნავს:",
    "answers": [
      "1\nსამარშრუტო სატრანსპორტო საშუალების გაჩერებისა და ტაქსის სადგომს",
      "2\nხაგრძლივი დასვენებისთვის დგომის ადგილს"
    ]
  },
  {
    "id": 692,
    "correctAnswer": 1,
    "imageUrl": "assets/images/image.png",
    "correctVideo": "assets/videos/correct_19.mp4",
    "wrongVideo": "assets/videos/wrong_19.mp4",
    "previewVideo": "assets/videos/preview_19.mp4",
    "question": "გზის სავალ ნაწილზე დატანილი განივი მონიშვნა აღნიშნავს ადგილს, სადაც:",
    "answers": [
      "1\nქვეითთა ბილიკი კვეთს გზის სავალ ნაწილს",
      "2\nსაველოსიპედო ბილიკი კვეთს გზის სავალ ნაწილს"
    ]
  },
  {
    "id": 693,
    "correctAnswer": 2,
    "imageUrl": "assets/images/image.png",
    "correctVideo": "assets/videos/correct_19.mp4",
    "wrongVideo": "assets/videos/wrong_19.mp4",
    "previewVideo": "assets/videos/preview_19.mp4",
    "question": "გზის სავალ ნაწილზე დატანილი ორმაგი წყვეტილი ხაზი აღნიშნავს:",
    "answers": [
      "1\nგზაჯვარედინზე საველოსიპედო ბილიკებს",
      "2\nადგილს, სადაც მძღოლს აუცილებლობის შემთხვევაში უნდა გაჩერდეს",
      "3\nრევერსულად მოწესრიგებული მოძრაობის ზოლების საზღვრებს"
    ]
  },
  {
    "id": 694,
    "correctAnswer": 2,
    "imageUrl": "assets/images/image.png",
    "correctVideo": "assets/videos/correct_19.mp4",
    "wrongVideo": "assets/videos/wrong_19.mp4",
    "previewVideo": "assets/videos/preview_19.mp4",
    "question": "გზის სავალ ნაწილზე დატანილი წარწერა 'BUS' აღნიშნავს სპეციალურ ზოლს, რომელიც განკუთვნილია:",
    "answers": [
      "1\nნელმავალი სატრანსპორტო საშუალებებისათვის",
      "2\nველოსიპედებისა და მოპედებისათვის",
      "3\nსამარშრუტო სატრანსპორტო საშუალებებისათვის"
    ]
  },
  {
    "id": 695,
    "correctAnswer": 1,
    "imageUrl": "assets/images/image.png",
    "correctVideo": "assets/videos/correct_19.mp4",
    "wrongVideo": "assets/videos/wrong_19.mp4",
    "previewVideo": "assets/videos/preview_19.mp4",
    "question": "გზის სავალ ნაწილზე საგზაო მოძრაობის ზოლის შუაში დატანილი ისრის ფორმის მონიშვნა აფრთხილებს:",
    "answers": [
      "1\nსახიფათო მოსახვევიან გზის მონაკვეთთან მიახლოების თაობაზე",
      "2\nსავალი ნაწილის შევიწროებასთან, მონაკვეთთან, სადაც მცირდება მოცემული მიმართულებით მოძრაობის ზოლების რაოდენობა მიახლოების შესახებ"
    ]
  },
  {
    "id": 696,
    "correctAnswer": 1,
    "imageUrl": "assets/images/image.png",
    "correctVideo": "assets/videos/correct_19.mp4",
    "wrongVideo": "assets/videos/wrong_19.mp4",
    "previewVideo": "assets/videos/preview_19.mp4",
    "question": "ხიდზე დახაზული ვერტიკალური მონიშვნა აღნიშნავს:",
    "answers": [
      "1\nგზის სავალი ნაწილზე მოძრაობის ზოლების რაოდენობას",
      "2\nგვირაბის, ხიდის და გზაგამტარის და სხვა ნაგებობათა ელემენტების ქვედა ნაპირს, რომლებიც განთავსებულნი არიან 5 მ-ზე ნაკლებ სიმაღლეზე გზის სავალი ნაწილიდან და რომელთა ქვეშ მთლიანად ან ნაწილობრივ გადის გზის სავალი ნაწილი"
    ]
  },
  {
    "id": 697,
    "correctAnswer": 1,
    "imageUrl": "assets/images/image.png",
    "correctVideo": "assets/videos/correct_19.mp4",
    "wrongVideo": "assets/videos/wrong_19.mp4",
    "previewVideo": "assets/videos/preview_19.mp4",
    "question": "შნეკურ-როტორული კომბინირებული არხსათხრელი მანქანის ძირითადი სამუშაო ორგანოებია:",
    "answers": [
      "1\nციცხვებიანი როტორი, ციცხვებიანი ჯაჭვი, ცილინდრული შნეკები, გამცლელი ტრანსპორტიორები",
      "2\nცილინდრული შნეკები, ფრთოვანი ციცხვებიანი როტორი, გამცლელი ტრანსპორტიორები",
      "3\nკონუსური შნეკები, მრავალციცხვიანი როტორი, გამცლელი ტრანსპორტიორები"
    ]
  },
  {
    "id": 698,
    "correctAnswer": 2,
    "imageUrl": "assets/images/image.png",
    "correctVideo": "assets/videos/correct_19.mp4",
    "wrongVideo": "assets/videos/wrong_19.mp4",
    "previewVideo": "assets/videos/preview_19.mp4",
    "question": "რას სწავლობს მანქანა-ტრაქტორთა პარკის ექსპლუატაცია?",
    "answers": [
      "მხოლოდ სასოფლო-სამეურნეო მანქანების მუშაობის კანონზომიერებას",
      "რომელიმე კულტურის მოვლა-მოყვანის სასოფლო-სამეურნეო სამუშაოთა გეგმას",
      "სასოფლო-სამეურნეო აგრეგატების მუშაობის კანონზომიერებების და ეფექტური გამოყენების მეთოდებს",
      "რომელიმე კულტურის წარმოების ფინანსურ გეგმას"
    ]
  },
  {
    "id": 699,
    "correctAnswer": 0,
    "imageUrl": "assets/images/image.png",
    "correctVideo": "assets/videos/correct_19.mp4",
    "wrongVideo": "assets/videos/wrong_19.mp4",
    "previewVideo": "assets/videos/preview_19.mp4",
    "question": "ტექნოლოგიური რუკა წარმოადგენს:",
    "answers": [
      "რომელიმე კულტურის მოვლა-მოყვანის სასოფლო-სამეურნეო სამუშაოთა გეგმას",
      "მანქანათა სისტემას რომელიმე კულტურის მოსაყვანად",
      "რომელიმე კულტურის წარმოების ფინანსურ გეგმას",
      "რომელიმე კულტურის წარმოების ბიზნეს-გეგმას"
    ]
  },
  {
    "id": 700,
    "correctAnswer": 0,
    "imageUrl": "assets/images/image.png",
    "correctVideo": "assets/videos/correct_19.mp4",
    "wrongVideo": "assets/videos/wrong_19.mp4",
    "previewVideo": "assets/videos/preview_19.mp4",
    "question": "ოპერაციულ-ტექნოლოგიური რუკა წარმოადგენს:",
    "answers": [
      "რომელიმე სამუშაოს შესრულების გეგმას",
      "რომელიმე სამუშაოს შესრულების ბიზნეს-გეგმას",
      "სამუშაოთა ჩამონათვალს მოცემული კულტურის წარმოებისთვის",
      "სამუშაოს ჩატარების ფინანსურ მაჩვენებლებს"
    ]
  },
  {
    "id": 701,
    "correctAnswer": 2,
    "imageUrl": "assets/images/image.png",
    "correctVideo": "assets/videos/correct_19.mp4",
    "wrongVideo": "assets/videos/wrong_19.mp4",
    "previewVideo": "assets/videos/preview_19.mp4",
    "question": "რა მახასიათებლების მიხედვით იყოფა ტრაქტორები კლასებად?",
    "answers": [
      "დანიშნულების მიხედვით",
      "ტრანსმისიის მიხედვით",
      "ნომინალური წევის ძალის მიხედვით",
      "ძრავას მიხედვით"
    ]
  },
  {
    "id": 702,
    "correctAnswer": 2,
    "imageUrl": "assets/images/image.png",
    "correctVideo": "assets/videos/correct_19.mp4",
    "wrongVideo": "assets/videos/wrong_19.mp4",
    "previewVideo": "assets/videos/preview_19.mp4",
    "question": "რა ფიზიკურ-მექანიკური თვისება ახასიათებს ნიადაგს?",
    "answers": [
      "კულტურული",
      "წებოვნება",
      "სიმკვრივე"
    ]
  }
]