[
  {
    "id": 1,
    "correctAnswer": 2,
    "imageUrl": "assets/images/image.png",
    "correctVideo": "assets/videos/correct_19.mp4",
    "wrongVideo": "assets/videos/wrong_19.mp4",
    "previewVideo": "assets/videos/preview_19.mp4",
    "question": "საგზაო-სატრანსპორტო შემთხვევის მონაწილე მძღოლი ვალდებულია:",
    "answers": [
      "მხოლოდ დაუყოვნებლივ გააჩეროს (არ დაძრას ადგილიდან) სატრანსპორტო საშუალება",
      "მხოლოდ ჩართოს საავარიო შუქსიგნალიზაცია",
      "როგორც დაუყოვნებლივ გააჩეროს (არ დაძრას ადგილიდან) სატრანსპორტო საშუალება, ასევე ჩართოს საავარიო შუქსიგნალიზაცია"
    ]
  },
  {
    "id": 2,
    "correctAnswer": 3,
    "imageUrl": "assets/images/image.png",
    "correctVideo": "assets/videos/correct_19.mp4",
    "wrongVideo": "assets/videos/wrong_19.mp4",
    "previewVideo": "assets/videos/preview_19.mp4",
    "question": "რამდენი სავალი ნაწილი აქვს მოცემულ გზას?",
    "answers": [
      "ოთხი",
      "სამი",
      "ორი",
      "ერთი"
    ]
  },
  {
    "id": 3,
    "correctAnswer": 2,
    "imageUrl": "assets/images/image.png",
    "correctVideo": "assets/videos/correct_19.mp4",
    "wrongVideo": "assets/videos/wrong_19.mp4",
    "previewVideo": "assets/videos/preview_19.mp4",
    "question": "რამდენი სავალი ნაწილი აქვს მოცემულ გზას?",
    "answers": [
      "სამი",
      "ერთი",
      "ორი"
    ]
  },
  {
    "id": 4,
    "correctAnswer": 2,
    "imageUrl": "assets/images/image.png",
    "correctVideo": "assets/videos/correct_19.mp4",
    "wrongVideo": "assets/videos/wrong_19.mp4",
    "previewVideo": "assets/videos/preview_19.mp4",
    "question": "ქვეითთა გადასასვლელზე შესვლამდე მძღოლი ვალდებულია დარწმუნდეს, რომ:",
    "answers": [
      "გადასასვლელის ზედპირი არ არის მოყინული",
      "გადასასვლელზე საპირისპირო მიმართულებიდან არ მოძრაობს სხვა სატრანსპორტო საშუალება",
      "იძულებული არ გახდება გაჩერდეს მასზე"
    ]
  },
  {
    "id": 5,
    "correctAnswer": 1,
    "imageUrl": "assets/images/image.png",
    "correctVideo": "assets/videos/correct_19.mp4",
    "wrongVideo": "assets/videos/wrong_19.mp4",
    "previewVideo": "assets/videos/preview_19.mp4",
    "question": "უპირატესობა (პრიორიტეტი) არის:",
    "answers": [
      "საგზაო მოძრაობის მონაწილის ვალდებულება არ განახორციელოს მანევრი, თუკი ეს სხვა საგზაო მოძრაობის მონაწილეს იძულებულს გახდის უეცრად შეცვალოს სიჩქარე ან მიმართულება",
      "საგზაო მოძრაობის მონაწილის უფლება, სხვა საგზაო მოძრაობის მონაწილეებთან შედარებით პირველმა იმოძრაოს დასახული მიმართულებით"
    ]
  },
  {
    "id": 6,
    "correctAnswer": 0,
    "imageUrl": "assets/images/image.png",
    "correctVideo": "assets/videos/correct_19.mp4",
    "wrongVideo": "assets/videos/wrong_19.mp4",
    "previewVideo": "assets/videos/preview_19.mp4",
    "question": "„არასაკმარის ხილვადობად“ ითვლება გვირაბში გავლისას, დღე-ღამის ბნელ დროს, ნისლის, წვიმის, თოვის და სხვა ბუნებრივი მოვლენების დროს, გზის ხილვადობის შემცირება:",
    "answers": [
      "300 მეტრზე ნაკლებ მანძილზე",
      "500 მეტრზე ნაკლებ მანძილზე",
      "600 მეტრზე ნაკლებ მანძილზე"
    ]
  },
  {
    "id": 7,
    "correctAnswer": 2,
    "imageUrl": "assets/images/image.png",
    "correctVideo": "assets/videos/correct_19.mp4",
    "wrongVideo": "assets/videos/wrong_19.mp4",
    "previewVideo": "assets/videos/preview_19.mp4",
    "question": "„გამყოფი ზოლი“ არის:",
    "answers": [
      "გზის ნაწილი, რომელიც ჩვეულებრივ ურელსო სატრანსპორტო საშუალებების მოძრაობისთვის გამოიყენება",
      "გრძივი საგზაო მონიშვნის საშუალებით მონიშნული ან მოუნიშნავი ნებისმიერი ზოლი იმ გრძივი ზოლებიდან, რომლებადაც შეიძლება დაიყოს გზის სავალი ნაწილი",
      "კონსტრუქციულად გამოყოფილი გზის ელემენტი, რომელიც ყოფს მომიჯნავე სავალ ნაწილებს და არ არის განკუთვნილი მასზე ურელსო სატრანსპორტო საშუალების მოძრაობისათვის"
    ]
  },
  {
    "id": 8,
    "correctAnswer": 0,
    "imageUrl": "assets/images/image.png",
    "correctVideo": "assets/videos/correct_19.mp4",
    "wrongVideo": "assets/videos/wrong_19.mp4",
    "previewVideo": "assets/videos/preview_19.mp4",
    "question": "„გზაჯვარედინი“ არის:",
    "answers": [
      "ერთ დონეზე გზების კვეთა, შეერთება ან განშტოება, ასეთი კვეთით, შეერთებით ან განშტოებით წარმოქმნილი ტერიტორიების ჩათვლით",
      "მიმდებარე ტერიტორიებიდან გამოსასვლელებისა და გზების კვეთა",
      "სხვადასხვა დონეზე არსებული სავალი ნაწილების კვეთა"
    ]
  },
  {
    "id": 9,
    "correctAnswer": 1,
    "imageUrl": "assets/images/image.png",
    "correctVideo": "assets/videos/correct_19.mp4",
    "wrongVideo": "assets/videos/wrong_19.mp4",
    "previewVideo": "assets/videos/preview_19.mp4",
    "question": "„გზის დათმობა (დაბრკოლების არშექმნა)“ არის:",
    "answers": [
      "საგზაო მოძრაობის მონაწილის უფლება საგზაო მოძრაობის სხვა მონაწილეებთან შედარებით, პირველმა იმოძრაოს დასახული მიმართულებით",
      "საგზაო მოძრაობის მონაწილის ვალდებულება არ განაგრძოს ან არ განაახლოს მოძრაობა, ან არ განახორციელოს მანევრი, თუ ეს უპირატესობის (პრიორიტეტის) მქონე მოძრაობის მონაწილეს იძულებულს გახდის, უეცრად შეცვალოს მოძრაობის მიმართულება ან სიჩქარე"
    ]
  },
  {
    "id": 10,
    "correctAnswer": 2,
    "imageUrl": "assets/images/image.png",
    "correctVideo": "assets/videos/correct_19.mp4",
    "wrongVideo": "assets/videos/wrong_19.mp4",
    "previewVideo": "assets/videos/preview_19.mp4",
    "question": "„დასახლებული პუნქტი“ არის:",
    "answers": [
      "ნებისმიერი ტერიტორია, რომელზეც დასახლებულია ხალხი",
      "ნებისმიერი გზა, რომელიც განკუთვნილია ქვეითთა ინტენსიური მოძრაობისათვის",
      "განაშენიანებული ტერიტორია, სადაც შესასვლელი და გამოსასვლელი აღნიშნულია შესაბამისი საგზაო ნიშნებით"
    ]
  },
  {
    "id": 11,
    "correctAnswer": 2,
    "imageUrl": "assets/images/image.png",
    "correctVideo": "assets/videos/correct_19.mp4",
    "wrongVideo": "assets/videos/wrong_19.mp4",
    "previewVideo": "assets/videos/preview_19.mp4",
    "question": "„დატვირთული მასა“ არის:",
    "answers": [
      "სატრანსპორტო საშუალების მასა მძღოლის, მგზავრებისა და ტვირთის გარეშე, მაგრამ საწვავის სრული მარაგითა და ხელსაწყოების აუცილებელი კომპლექტით",
      "ქარხანა-დამამზადებელის მიერ განსაზღვრული სატრანსპორტო საშუალების მასა მძღოლის, მგზავრებისა და ტვირთის გარეშე",
      "მოცემულ დროის მონაკვეთში დატვირთული სატრანსპორტო საშუალების ფაქტობრივი მასა, მძღოლისა და მგზავრების ჩათვლით"
    ]
  },
  {
    "id": 12,
    "correctAnswer": 0,
    "imageUrl": "assets/images/image.png",
    "correctVideo": "assets/videos/correct_19.mp4",
    "wrongVideo": "assets/videos/wrong_19.mp4",
    "previewVideo": "assets/videos/preview_19.mp4",
    "question": "„დაუტვირთავი მასა“ არის:",
    "answers": [
      "ქარხანა-დამამზადებელის მიერ განსაზღვრული სატრანსპორტო საშუალების მასა მძღოლის, მგზავრებისა და ტვირთის გარეშე, მაგრამ საწვავის სრული მარაგისა და ხელსაწყოების აუცილებელი კომპლექტის ჩათვლით",
      "მოცემულ დროის მონაკვეთში დაუტვირთავი სატრანსპორტო საშუალების ფაქტობრივი მასა, მძღოლისა და მგზავრების ჩათვლით",
      "სარეგისტრაციო სამსახურის მიერ განსაზღვრული სატრანსპორტო საშუალების მასა მძღოლის, მგზავრებისა და ტვირთის გარეშე"
    ]
  },
  {
    "id": 13,
    "correctAnswer": 0,
    "imageUrl": "assets/images/image.png",
    "correctVideo": "assets/videos/correct_19.mp4",
    "wrongVideo": "assets/videos/wrong_19.mp4",
    "previewVideo": "assets/videos/preview_19.mp4",
    "question": "„მიმდებარე ტერიტორია“ არის:",
    "answers": [
      "ტერიტორია, რომელიც უშუალოდ გზას ეკვრის და არ არის განკუთვნილი სატრანსპორტო საშუალების გამჭოლი მოძრაობისათვის (ეზო, საცხოვრებელი მასივი, ავტოსადგომი, ბენზინგასამართი სადგური, დაწესებულება და სხვა)",
      "გზის ელემენტი, რომელიც განკუთვნილია ურელსო სატრანსპორტო საშუალების მოძრაობისათვის (გარდა ტროტუარისა, გვერდულისა, ველობილიკისა და ქვეითთა ბილიკისა)",
      "ერთ დონეზე გზების კვეთა, შეერთება ან განშტოება, ასეთი კვეთით, შეერთებით ან განშტოებით წარმოქმნილი ტერიტორიების ჩათვლით"
    ]
  },
  {
    "id": 14,
    "correctAnswer": 2,
    "imageUrl": "assets/images/image.png",
    "correctVideo": "assets/videos/correct_19.mp4",
    "wrongVideo": "assets/videos/wrong_19.mp4",
    "previewVideo": "assets/videos/preview_19.mp4",
    "question": "„მოძრაობის ზოლი“ არის:",
    "answers": [
      "კონსტრუქციულად გამოყოფილი გზის ელემენტი, რომელიც ყოფს მომიჯნავე სავალ ნაწილებს",
      "მოძრაობისთვის გახსნილი გზის ან ქუჩის მთელი ზედაპირი",
      "გრძივი საგზაო მონიშვნის საშუალებით მონიშნული ან მოუნიშნავი ნებისმიერი ზოლი იმ გრძივი ზოლებიდან, რომლებადაც შეიძლება დაიყოს სავალი ნაწილი, მაგრამ რომელსაც აქვს მოტოციკლისაგან განსხვავებული საავტომობილო ტრანსპორტის ერთ რიგში მოძრაობისათვის საკმარისი სიგანე"
    ]
  },
  {
    "id": 15,
    "correctAnswer": 0,
    "imageUrl": "assets/images/image.png",
    "correctVideo": "assets/videos/correct_19.mp4",
    "wrongVideo": "assets/videos/wrong_19.mp4",
    "previewVideo": "assets/videos/preview_19.mp4",
    "question": "„ნახევარმისაბმელი“ არის:",
    "answers": [
      "მისაბმელი, რომელიც განკუთვნილია ავტომობილზე ისეთი სახით ჩასაბმელად, როდესაც მისი ნაწილი ეყრდნობა ავტომობილს და ავტომობილზევე მოდის ნახევარმისაბმელისა და მისი ტვირთის მასის მნიშვნელოვანი ნაწილი",
      "ორღერძიანი მისაბმელი, რომელიც განკუთვნილია ნებისმიერი მექანიკური სატრანსპორტო საშუალებით მისი ხისტი გადაბმით ბუქსირებისათვის"
    ]
  },
  {
    "id": 16,
    "correctAnswer": 2,
    "imageUrl": "assets/images/image.png",
    "correctVideo": "assets/videos/correct_19.mp4",
    "wrongVideo": "assets/videos/wrong_19.mp4",
    "previewVideo": "assets/videos/preview_19.mp4",
    "question": "„ნებადართული მაქსიმალური მასა“ არის:",
    "answers": [
      "მოცემულ დროის მონაკვეთში დატვირთული სატრანსპორტო საშუალების ფაქტობრივი მასა, მძღოლისა და მგზავრების ჩათვლით",
      "ტვირთით და მგზავრებით შევსებული, აღჭურვილ მდგომარეობაში მყოფი სატრანსპორტო საშუალების მასა, რომლის ზღვარს ადგენს სატრანსპორტო საშუალების ქარხანა-დამამზადებელი",
      "დატვირთული სატრანსპორტო საშუალების მაქსიმალური მასა, რომელიც დასაშვებად არის გამოცხადებული იმ სახელმწიფოს კომპეტენტური ორგანოს მიერ, რომელშიც დარეგისტრირებულია სატრანსპორტო საშუალება"
    ]
  },
  {
    "id": 17,
    "correctAnswer": 1,
    "imageUrl": "assets/images/image.png",
    "correctVideo": "assets/videos/correct_19.mp4",
    "wrongVideo": "assets/videos/wrong_19.mp4",
    "previewVideo": "assets/videos/preview_19.mp4",
    "question": "„ნელმავალი სატრანსპორტო საშუალება“ არის:",
    "answers": [
      "ძრავიანი ან უძრავო სატრანსპორტო საშუალება, რომლის კონსტრუქციული სიჩქარე არ აღემატება 45 კმ/სთ-ს",
      "ძრავიანი სატრანსპორტო საშუალება, რომლის კონსტრუქციული სიჩქარე არ აღემატება 40 კმ/სთ-ს ან რომელიც აღნიშულ სიჩქარეს ვერ აჭარბებს, ან ეკრძალება გადაჭარბება ისეთი მიზეზით, რომელიც არ არის დაკავშირებული სატრანსპორტო საშუალებათა ნაკადებთან",
      "ნებისმიერი სატრანსპორტო საშუალება, რომელიც გზაზე გადაადგილდება არა უმეტეს 50 კმ/სთ სიჩქარით"
    ]
  },
  {
    "id": 18,
    "correctAnswer": 1,
    "imageUrl": "assets/images/image.png",
    "correctVideo": "assets/videos/correct_19.mp4",
    "wrongVideo": "assets/videos/wrong_19.mp4",
    "previewVideo": "assets/videos/preview_19.mp4",
    "question": "„შეზღუდული ხილვადობა“ არის:",
    "answers": [
      "გვირაბში გავლისას, დღე-ღამის ბნელ დროს, ნისლის, წვიმის, თოვის და სხვა ბუნებრივი მოვლენების დროს გზის ხილვადობის 300 მეტრზე ნაკლებ მანძილზე შემცირება",
      "გარემოება, რომლის დროსაც მოკლე მოსახვევი, აღმართის დასასრული, გამწვანება, გზისპირა ნაგებობა ან გზაზე არსებული დაბრკოლება მოძრაობის მიმართულებით გზის ხილვადობას ისე ამცირებს, რომ აღნიშნულ გზის მონაკვეთზე ნებადართული მაქსიმალური სიჩქარით მოძრაობამ შეიძლება საფრთხე წარმოშვას"
    ]
  },
  {
    "id": 19,
    "correctAnswer": 1,
    "imageUrl": "assets/images/image.png",
    "correctVideo": "assets/videos/correct_19.mp4",
    "wrongVideo": "assets/videos/wrong_19.mp4",
    "previewVideo": "assets/videos/preview_19.mp4",
    "question": "„მსუბუქი ავტომობილი“ არის:",
    "answers": [
      "4500 კგ–მდე სრული მასის მქონე ავტომობილი,რომლის დასასხდომი ადგილების რაოდენობა , გარდა მძღოლის ადგილისა , 8–ს აღემატება,მაგრამ არ აღემატება 12–ს",
      "არაუმეტეს 3500 კგ ნებადართული მაქსიმალური მასის მქონე ავტომობილი, (გარდა მოტოციკლისა და მოპედისა)რომლის დასასხდომი ადგილების რაოდენობა,გარდა მძღოლის ადგილისა 8–ს არ აღემატება",
      "2500 კგ–მდე სრული მასის მქონე მოტოციკლი"
    ]
  },
  {
    "id": 20,
    "correctAnswer": 0,
    "imageUrl": "assets/images/image.png",
    "correctVideo": "assets/videos/correct_19.mp4",
    "wrongVideo": "assets/videos/wrong_19.mp4",
    "previewVideo": "assets/videos/preview_19.mp4",
    "question": "„მსუბუქი მისაბმელი“ არის:",
    "answers": [
      "მისაბმელი, რომლის ნებადართული მაქსიმალური მასა არ აღემატება 750 კგ-ს",
      "მისაბმელი, რომლის დაუტვირთავი წონა არ აღემატება 850 კგ-კგ",
      "მისაბმელი, რომლის სრული მასა არ აღემატება 950 კგ-ს"
    ]
  },
  {
    "id": 21,
    "correctAnswer": 2,
    "imageUrl": "assets/images/image.png",
    "correctVideo": "assets/videos/correct_19.mp4",
    "wrongVideo": "assets/videos/wrong_19.mp4",
    "previewVideo": "assets/videos/preview_19.mp4",
    "question": "სატრანსპორტო საშუალების \"სრული მასა\" არის:",
    "answers": [
      "1\nსატრანსპორტო საშუალების მასა ეკიპაჟის, მგზავრებისა და ტვირთის გარეშე",
      "2\nმოცემული დროის მონაკვეთში დატვირთული სატრანსპორტო საშუალების, ეკიპაჟისა და მგზავრების მასა",
      "3\nტვირთით, ეკიპაჟითა და მგზავრებით შევსებული, აღჭურვილ მდგომარეობაში მყოფი სატრანსპორტო საშუალების მასა, რომლის ზღვარს ადგენს სატრანსპორტო საშუალების ქარხანა-დამამზადებელი",
      "4\nსატრანსპორტო საშუალების მასის ნაწილი, რომელიც ღერძზე დაწოლის შედეგად წარმოშობს გზაზე დატვირთვას"
    ]
  },
  {
    "id": 22,
    "correctAnswer": 0,
    "imageUrl": "assets/images/image.png",
    "correctVideo": "assets/videos/correct_19.mp4",
    "wrongVideo": "assets/videos/wrong_19.mp4",
    "previewVideo": "assets/videos/preview_19.mp4",
    "question": "იმ ორმხრივმოძრაობიან გზაზე, რომელსაც აქვს გამყოფი ზოლი, საპირისპირო მიმართულების მოძრაობის მხარედ ითვლება:",
    "answers": [
      "1\nგამყოფი ზოლის მარცხნივ არსებული სავალი ნაწილი",
      "2\nგამყოფი ზოლის მარჯვნივ არსებული სავალი ნაწილი",
      "3\nამ ბილეთში ჩამოთვლილი არცერთი"
    ]
  },
  {
    "id": 23,
    "correctAnswer": 0,
    "imageUrl": "assets/images/image.png",
    "correctVideo": "assets/videos/correct_19.mp4",
    "wrongVideo": "assets/videos/wrong_19.mp4",
    "previewVideo": "assets/videos/preview_19.mp4",
    "question": "თუ მძღოლი ვერ განსაზღვრავს გზაზე საფარის არსებობას (სიბნელის, თოვლის, ტალახის გამო ან სხვა მიზეზით) და არც პრიორიტეტის ნიშნებია, ითვლება, რომ ის იმყოფება:",
    "answers": [
      "1\nმეორეხარისხოვან გზაზე",
      "2\nმთავარ გზაზე",
      "3\nავტომაგისტრალთან გათანაბრებულ გზაზე"
    ]
  },
  {
    "id": 24,
    "correctAnswer": 1,
    "imageUrl": "assets/images/image.png",
    "correctVideo": "assets/videos/correct_19.mp4",
    "wrongVideo": "assets/videos/wrong_19.mp4",
    "previewVideo": "assets/videos/preview_19.mp4",
    "question": "თუ გზაზე საგზაო სამუშაოების მწარმოებელი ორგანიზაციის ავტომობილზე დაყენებული დროებითი საგზაო ნიშნის მოთხოვნები ეწინააღმდეგება იმავე გზის მონაკვეთზე სტაციონარულად დაყენებულ საგზაო ნიშნის მოთხოვნებს მძღოლი ვალდებულია შეასრულოს:",
    "answers": [
      "1\nსტაციონარულად დაყენებული საგზაო ნიშნის მოთხოვნები",
      "2\nსაგზაო სამუშაოების მწარმოებელი ორგანიზაციის ავტომობილზე დაყენებული დროებითი საგზაო ნიშნის მოთხოვნები"
    ]
  },
  {
    "id": 25,
    "correctAnswer": 2,
    "imageUrl": "assets/images/image.png",
    "correctVideo": "assets/videos/correct_19.mp4",
    "wrongVideo": "assets/videos/wrong_19.mp4",
    "previewVideo": "assets/videos/preview_19.mp4",
    "question": "მოტოციკლის, ავტობუსის, მსუბუქი და სატვირთო ავტომობილების მართვა შეუძლია მხოლოდ იმ პირს:",
    "answers": [
      "1\nრომლის ჯანმრთელობის მდგომარეობაც შეესაბამება საქართველოს კანონმდებლობით განსაზღვრულ სატრანსპორტო საშუალებათა მართვისთვის საჭირო ჯანმრთელობის მდგომარეობისადმი მოთხოვნებს",
      "2\nრომელსაც საქართველოს კანონმდებლობით დადგენილი წესით მიენიჭა შესაბამისი კატეგორიის ან/და ქვეკატეგორიის სატრანსპორტო საშუალების მართვის უფლება და ეს უფლება არ არის შეჩერებული ან შეწყვეტილი",
      "3\nრომელიც აკმაყოფილებს ამ ბილეთში ჩამოთვლილ ყველა პირობას"
    ]
  },
  {
    "id": 26,
    "correctAnswer": 2,
    "imageUrl": "assets/images/image.png",
    "correctVideo": "assets/videos/correct_19.mp4",
    "wrongVideo": "assets/videos/wrong_19.mp4",
    "previewVideo": "assets/videos/preview_19.mp4",
    "question": "\"B\" კატეგორიის სატრანსპორტო საშუალების მართვის უფლების მქონე პირს უფლება აქვს მართოს თვლიანი სასოფლო-სამეურნეო ტრაქტორი, რომლის ნებადართული მაქსიმალური მასა:",
    "answers": [
      "1\nაღემატება 4250 კგ-ს, მაგრამ არ აღემატება 8250 კგ-ს",
      "2\nაღემატება 4250 კგ-ს, მაგრამ არ აღემატება 12000 კგ-ს",
      "3\nარ აღემატება 4250 კგ-ს"
    ]
  },
  {
    "id": 27,
    "correctAnswer": 0,
    "imageUrl": "assets/images/image.png",
    "correctVideo": "assets/videos/correct_19.mp4",
    "wrongVideo": "assets/videos/wrong_19.mp4",
    "previewVideo": "assets/videos/preview_19.mp4",
    "question": "\"B\" კატეგორიის სატრანსპორტო საშუალების მართვის უფლების მქონე პირს, აგრეთვე უფლება აქვს მართოს თვლიანი სასოფლო-სამეურნეო ტრაქტორი გადაბმული მისაბმელით, თუ ასეთი შემადგენლობის საერთო ნებადართული მაქსიმალური მასა:",
    "answers": [
      "1\nარ აღემატება 4250 კგ-ს",
      "2\nაღემატება 4250 კგ-ს, მაგრამ არ აღემატება 5500 კგ-ს",
      "3\nაღემატება 4250 კგ-ს, მაგრამ არ აღემატება 75000 კგ-ს"
    ]
  },
  {
    "id": 28,
    "correctAnswer": 2,
    "imageUrl": "assets/images/image.png",
    "correctVideo": "assets/videos/correct_19.mp4",
    "wrongVideo": "assets/videos/wrong_19.mp4",
    "previewVideo": "assets/videos/preview_19.mp4",
    "question": "რომელი საცნობი ნიშანი მაგრდება იმ მექანიკური სატრანსპორტო საშუალების წინა და უკანა მხარეს, რომელსაც სმენადაქვეითებული მძღოლი მართავს?",
    "answers": [
      "1\nმხოლოდ III",
      "2\nმხოლოდ II",
      "3\nმხოლოდ I"
    ]
  },
  {
    "id": 29,
    "correctAnswer": 1,
    "imageUrl": "assets/images/image.png",
    "correctVideo": "assets/videos/correct_19.mp4",
    "wrongVideo": "assets/videos/wrong_19.mp4",
    "previewVideo": "assets/videos/preview_19.mp4",
    "question": "მოცემული საგზაო ნიშანი იდგმება:",
    "answers": [
      "1\nსაპატრულო პოლიციის საგუშაგოებთან",
      "2\nსაქართველოს ტერიტორიაზე, შემოსასვლელებში, საკონტროლო გამშვებ პუნქტებთან",
      "3\nავტომაგისტრალის დასაწყისში"
    ]
  },
  {
    "id": 30,
    "correctAnswer": 0,
    "imageUrl": "assets/images/image.png",
    "correctVideo": "assets/videos/correct_19.mp4",
    "wrongVideo": "assets/videos/wrong_19.mp4",
    "previewVideo": "assets/videos/preview_19.mp4",
    "question": "თუ გაზონზე ან ტროტუარზე მყოფ მოთამაშე ბავშვებს სატრანსპორტო საშუალების წინ გზის სავალ ნაწილზე გადმოუვარდათ ბურთი, მძღოლმა უნდა გაითვალისწინოს, რომ:",
    "answers": [
      "1\nბავშვები შეიძლება გამოიქცნენ გზის სავალ ნაწილზე ბურთის ასაღებად",
      "2\nბავშვების სავალ ნაწილზე გამოსვლის საფრთხე არ არსებობს, ვინაიდან ისინი ვალდებულები არიან მოიცადონ გზის სავალი ნაწილის კიდესთან და დაელოდონ ავტომობილის გავლას"
    ]
  },
  {
    "id": 31,
    "correctAnswer": 2,
    "imageUrl": "assets/images/image.png",
    "correctVideo": "assets/videos/correct_19.mp4",
    "wrongVideo": "assets/videos/wrong_19.mp4",
    "previewVideo": "assets/videos/preview_19.mp4",
    "question": "თუ სატრანსპორტო საშუალება უახლოვდება ტროტუარზე მოთამაშე ბავშვებს, მძღოლმა უნდა:",
    "answers": [
      "1\nბავშვებზე ყურადღების მიუქცევლად გააგრძელოს მოძრაობა რათა არ შეუშალოს დაბრკოლება მის უკან მოძრავ სატრანსპორტო საშუალებებს",
      "2\nმისცეს მხოლოდ ხმოვანი სიგნალი და შეუფერხებლად გააგრძელოს მოძრაობა",
      "3\nშეანელოს სიჩქარე და მზად იყოს დამუხრუჭებისთვის"
    ]
  },
  {
    "id": 32,
    "correctAnswer": 2,
    "imageUrl": "assets/images/image.png",
    "correctVideo": "assets/videos/correct_19.mp4",
    "wrongVideo": "assets/videos/wrong_19.mp4",
    "previewVideo": "assets/videos/preview_19.mp4",
    "question": "სხვა პირისათვის მექანიკური სატრანსპორტო საშუალების სამართავად გადაცემა აკრძალულია:",
    "answers": [
      "1\nმხოლოდ იმ შემთხვევაში, თუ იგი იმყოფება ალკოჰოლური, ნარკოტიკული ან ფსიქოტროპული სიმთვრალის მდგომარეობაში",
      "2\nმხოლოდ იმ შემთხვევაში, თუ მას არ აქვს შესაბამისი კატეგორიის ან ქვეკატეგორიის სატრანსპორტო საშუალების მართვის უფლება ან ეს უფლება შეჩერებული, ჩამორთმეული ან შეწყვეტილი (გაუქმებული) აქვს საქართველოს კანონმდებლობით დადგენილი წესით.",
      "3\nამ ბილეთში ჩამოთვლილ ნებისმიერ შემთხვევაში"
    ]
  },
  {
    "id": 33,
    "correctAnswer": 0,
    "imageUrl": "assets/images/image.png",
    "correctVideo": "assets/videos/correct_19.mp4",
    "wrongVideo": "assets/videos/wrong_19.mp4",
    "previewVideo": "assets/videos/preview_19.mp4",
    "question": "დღე-ღამის ბნელ დროს ან არასაკმარისი ხილვადობის პირობებში, სატრანსპორტო საშუალების მოძრაობის სიჩქარის შერჩევისას მძღოლმა გადამწყვეტი მნიშვნელობა უნდა მიანიჭოს:",
    "answers": [
      "1\nმხედველობის პირობებს",
      "2\nმოცემულ გზის მონაკვეთზე საგზაო მონიშვნით განსაზღვრულ მოთხოვნებს",
      "3\nთანმხვედრი მიმართულებით მოძრაობის ზოლების რაოდენობას",
      "4\nამ ბილეთში ჩამოთვლილი არცერთი გარემოება გასათვალისწინებელი არ არის"
    ]
  }
]